build_time_min,deploy_time_min,commit_size_loc,num_bugs,test_coverage_pct,ticket_resolution_h,team,module,priority,deploy_status
20.483833788586672,8.142444873125305,371,4,73.18009903188795,37.727422309885604,Charlie,auth,baja,success
12.741207314415645,9.94058005196682,346,4,93.67282933788374,9.118716940283775,Charlie,database,baja,success
16.452513645349356,8.620070503269918,347,0,77.8994069120381,5.596038249628663,Alpha,auth,baja,success
17.531450419844163,7.7209028750273845,363,0,68.74451306299306,20.0235512079363,Alpha,api,media,success
16.617073292563997,7.347377731547729,319,2,82.58725496358238,7.339843422174454,Alpha,database,crítica,success
14.575501935634064,7.762380986309791,363,1,53.80042226752266,21.66729573804646,Alpha,auth,media,success
21.046087989755755,9.787117786491127,378,3,77.08799860905856,74.97781973673936,Delta,api,baja,success
14.62136384634761,8.422229021320012,364,1,64.0685872209724,76.7198265154564,Charlie,api,baja,failed
23.073694855508165,7.022440412329219,338,1,94.34665930340998,9.330620348453522,Alpha,auth,crítica,success
14.749143603790316,7.559256149789906,325,4,66.2114950409159,6.974499128758907,Bravo,auth,crítica,success
20.21947861689394,3.4075084397949755,358,2,72.29080972028896,35.158440286223104,Charlie,ui,alta,success
24.14658157080443,8.553824552469084,385,0,65.58822643361054,66.22544561024037,Charlie,ui,baja,success
9.444557195550644,9.94763253479378,347,2,67.62874101870693,22.237345283162615,Alpha,database,baja,success
13.884844932730514,5.726811478362881,348,2,94.26576780853793,2.420733992565454,Charlie,api,baja,success
14.466714654425369,8.192164269703538,321,3,56.755837289383635,15.095282904803753,Bravo,api,baja,success
17.543801592280296,7.029300527701774,334,1,85.30321525176987,26.853583662693794,Alpha,ui,media,failed
13.86298831433571,6.423201946375946,356,3,64.40715711098164,15.093445502221584,Charlie,database,media,rolled_back
4.374178316380897,8.17567970819557,370,3,57.1761916403193,1.3530747592449188,Charlie,api,baja,success
5.238132285697922,6.515308127496801,353,1,83.03139590891078,6.105209067463875,Alpha,auth,baja,success
20.28045338292077,7.845286586923771,365,1,74.84053728636354,2.5996293648974502,Charlie,database,alta,success
13.773445623686102,10.646545629106292,348,2,91.99363398714922,0.9824552983045578,Charlie,database,crítica,success
7.87476626408,4.597076163449736,350,4,53.936228869715706,1.546130608767271,Charlie,ui,alta,success
14.312330576961514,6.653043750946807,360,1,58.89041753136553,56.65871505136815,Alpha,auth,baja,success
19.858698796690394,7.140586575481569,350,7,57.18823731527664,27.484759970491226,Alpha,database,media,success
22.58077384505986,10.495737688032502,343,4,65.7347446680069,9.24531464651227,Delta,api,media,failed
13.278123473575201,9.7677598633795,352,0,55.187528419774026,13.22721816971898,Alpha,ui,media,success
13.970922468924282,7.884216097404285,332,3,80.67436436773278,31.91297867048293,Bravo,api,media,rolled_back
7.947347659220879,5.54535129311104,367,0,73.17886191536672,9.018602158874273,Delta,auth,alta,failed
16.840389419325085,8.550406575666223,369,2,73.89974759193137,2.8388634882867336,Delta,auth,alta,success
12.440020496159523,8.204531445280194,338,2,69.00224049226381,35.53889929499056,Delta,api,crítica,success
16.821800492964876,9.003560412139183,324,3,91.78482585935853,65.14549751277295,Charlie,ui,alta,success
17.819349348915278,8.004600454320888,361,6,57.39152404246852,10.842606442562763,Delta,auth,baja,success
19.14041408787969,5.194395018550399,344,0,54.342410878743976,17.025256160954687,Bravo,auth,media,rolled_back
12.564294498371156,7.425099003745965,357,2,87.24419284029864,3.9854256995022297,Bravo,api,media,success
17.01982049319188,11.003424603071393,384,3,57.483949539018795,41.85335017539082,Charlie,database,media,success
8.13196528370663,4.65850345642696,364,1,92.24735007854179,20.04939242351561,Alpha,database,baja,success
11.862163966482015,8.302462516840288,369,3,50.072879024082795,47.41421645678101,Delta,ui,baja,success
11.596369623293928,11.175240582155748,364,2,94.54755955608562,14.548134371638298,Delta,database,baja,success
5.343169400213473,7.093539640499819,345,0,65.49767040531151,30.529732144360835,Alpha,auth,media,success
15.144490427569023,9.0099241437205,322,0,51.64090919541195,10.342653661966324,Charlie,database,crítica,failed
15.823994400801016,7.038854077659755,352,4,62.91973258019425,127.0696388859507,Delta,api,alta,success
13.555770805805334,8.82119720802115,316,2,50.200113548198715,15.176403511315584,Charlie,api,baja,success
18.032652942798066,5.333791019266402,319,2,75.67102559842169,1.1957649410450675,Bravo,database,media,success
12.0931806916937,6.757747782941181,343,1,94.4723951537162,10.776686545461416,Alpha,auth,media,success
9.526875822322822,10.138136309647606,352,1,86.08892743708566,22.588655433540634,Alpha,api,baja,success
16.73127210355487,12.57343253943293,349,2,80.431995424442,5.267009285080506,Bravo,database,media,failed
11.754427295253313,7.1494890472621515,355,5,53.50735621061176,18.286717637365154,Alpha,ui,baja,success
20.77640504688501,8.748967154057462,353,1,63.69522915338166,39.34032042122899,Bravo,auth,baja,success
13.274215189546618,10.427580886617388,353,2,57.1486204280518,8.712939661828472,Delta,database,baja,success
17.622591533608826,7.551557669869051,364,1,65.66062060650438,13.668017427118418,Bravo,api,media,success
16.287701060815785,8.291132997216,361,4,84.0358665259555,11.08173630014062,Alpha,ui,alta,success
11.864644236478497,9.513607339112793,374,2,77.33530582394451,13.518732022494078,Alpha,database,baja,success
21.30291007916791,3.2339888258560023,348,2,84.96610075351782,70.64032101227876,Alpha,api,alta,success
17.571597222869265,9.254457485552967,356,3,56.19591813185252,14.277955978560863,Bravo,ui,media,success
15.359042586398422,6.261027001341533,309,2,87.92152570793405,14.558798309415579,Charlie,ui,baja,success
16.10620298916585,8.21744668288455,334,4,86.13409440149553,18.374354033654026,Delta,auth,alta,success
17.717155264221084,7.355604454072439,346,2,83.87073333142325,10.190762894610195,Delta,api,media,success
15.359331546316326,7.846990766660603,357,4,90.35416700295173,59.70410303469029,Charlie,api,media,success
3.027639667388261,9.843167053729143,340,4,84.58595187752508,20.68406417297552,Bravo,database,alta,success
16.139531814122638,8.644006598311375,322,3,60.269089435460046,18.76001025652973,Alpha,database,baja,success
13.531061429036098,6.975121559320492,353,2,83.84139872388914,41.61541302300511,Bravo,api,media,success
15.740922259462437,8.228493896819549,355,0,75.75379654648714,34.27127855814515,Delta,ui,alta,rolled_back
17.327294909462026,9.794605142961313,344,2,56.334206238389015,2.428720313472046,Alpha,api,media,success
20.59894730917071,9.057323728485706,372,1,64.09412137931213,15.946567419916391,Alpha,api,baja,failed
12.09083176210214,5.0850950693687595,337,2,79.13643167237751,19.41316034861223,Delta,api,media,failed
20.210170528176576,2.089844119312037,376,4,56.6659275686834,3.433414712548256,Alpha,ui,media,failed
16.343392479008298,8.758416103889834,365,1,94.76319404202513,8.63521546125412,Bravo,auth,crítica,success
19.154024394790483,7.270497053737136,345,2,53.04434028803371,28.983979380612666,Delta,database,alta,success
18.682914273162584,8.810088360964121,355,2,87.35504925134592,33.62391533737042,Bravo,ui,baja,failed
17.88351265146745,8.627507047446638,366,1,61.08590017887764,14.028760236286537,Alpha,api,baja,success
10.82752424572858,7.066636982101163,342,2,78.46303752390668,1.5186551325023174,Bravo,database,media,rolled_back
14.639254453557173,8.746211993678594,378,1,56.89432721119374,4.790837939876328,Bravo,ui,media,failed
17.494072647998173,9.154032538455,352,2,74.64545809780248,11.942046917974949,Alpha,ui,alta,success
11.185906568910625,9.92818106861873,358,1,65.66748051322065,53.48495359416333,Delta,api,baja,success
12.828684741704574,8.20001953086826,360,2,82.33680719626136,20.813019242750073,Delta,database,alta,success
17.32398599072673,6.251091399775084,348,1,66.33979470585473,22.648169935490507,Alpha,ui,alta,success
18.072714951338362,7.6025969030416825,327,3,92.87956365384161,13.08705137284811,Charlie,auth,alta,success
16.85507035416067,5.525921750840066,339,4,70.83952608052641,6.39189101010561,Charlie,ui,media,failed
11.456894810361282,8.275046710827938,351,3,86.15521085681394,47.14854803641829,Bravo,api,media,failed
10.600876405408577,5.133189431053782,343,3,55.21572719560936,36.157316811368574,Delta,api,alta,success
21.050828039219713,12.23010019912145,370,2,64.05693156644702,7.163544494658709,Charlie,auth,alta,success
16.031685750128123,4.244091381221766,360,2,55.87326563312672,0.01198570375480992,Charlie,auth,baja,success
15.353760916638345,7.755884838280503,367,3,87.54844888462685,1.0956201441586018,Alpha,ui,alta,success
14.516413849843643,12.048355815216699,340,2,91.02882277453318,12.36863762140274,Alpha,database,baja,success
10.222684419357886,5.824507281088005,371,4,75.90110755176283,19.087360582237533,Bravo,database,baja,success
17.447987592161546,6.302240773854718,361,1,91.45354197011329,16.29363664984703,Alpha,database,alta,success
14.131440617013917,3.8862508518268433,318,4,56.56320699956268,11.54069690177217,Delta,database,baja,success
14.268973174672313,4.961056665620551,324,3,84.84002058510669,71.84161769940492,Charlie,auth,media,success
18.73338531428464,5.910305675141851,362,0,88.29033739981242,10.706986279546657,Bravo,auth,alta,rolled_back
18.287092442032996,4.8275691830269345,330,4,84.61039033252746,6.582110121846199,Delta,api,baja,success
20.568465503737084,8.752459430767203,344,3,68.69809177820571,115.42537852516824,Charlie,database,alta,failed
13.095304307781303,10.945078903872394,372,0,66.46212590043433,28.46446238357335,Charlie,ui,crítica,success
17.601394242905222,6.2907788239014035,376,3,69.34976744116284,34.19954502082561,Bravo,ui,baja,success
20.564441825560003,5.744360307437956,345,0,80.3336971369572,68.1610706579865,Charlie,database,media,success
10.556844482208405,10.338441701644829,362,2,86.43815077841282,20.862265181809168,Charlie,ui,baja,success
11.55682965248863,5.05910139415939,361,3,80.45887752901763,62.16774643655148,Delta,api,baja,success
10.47304527658492,8.697568261393618,366,1,93.30335921607912,50.554974691726635,Bravo,database,baja,success
9.163144001990418,9.544088439852892,331,1,85.92786477762274,69.1592459638321,Alpha,api,media,success
15.319930212964644,12.106850830993054,343,0,82.0092286739964,26.21593250233441,Alpha,ui,alta,failed
17.61281735859676,8.935700177614994,328,1,56.542954781325534,16.456434812396765,Bravo,database,baja,success
19.80386150239398,6.340742011812156,353,1,71.58058609697036,30.619878350680168,Alpha,ui,media,success
19.1790043486709,10.693052702478951,325,4,63.747659927466884,4.242199487275081,Alpha,auth,crítica,success
10.987165412640607,4.76024150662362,379,3,78.18117195274681,42.8588353226286,Delta,auth,alta,success
22.393927606690987,9.092262618127334,322,0,72.56657118094154,8.662815301875014,Delta,api,alta,success
12.332906364968732,8.182179636119116,359,1,67.83642515423708,11.179338533431292,Delta,api,baja,success
15.422055249824277,3.3724001715206455,333,3,59.38548754900694,11.540219444802322,Alpha,database,baja,failed
13.310976472524576,7.864012536660086,354,2,71.28123746835627,4.170901145786047,Bravo,auth,baja,failed
14.510599312180116,8.796306568898833,351,1,91.62507798522711,14.632703091949224,Alpha,auth,baja,success
15.75277213800599,8.032375633843081,324,3,54.08805044949986,13.283486366271973,Alpha,ui,baja,success
15.476643831988026,11.084012773203488,347,0,78.31857491983101,3.74426014018454,Alpha,api,alta,rolled_back
14.89962979653039,7.097857684568728,331,1,72.2205799643416,16.08041886985302,Alpha,ui,crítica,success
15.43229091176813,5.225462367836547,362,2,93.95554335671477,22.083471386700136,Delta,auth,crítica,success
13.058259056613329,7.433965641417632,344,2,61.118025509640574,34.36603443122922,Alpha,ui,baja,success
12.983131477248385,8.346689055448678,357,1,79.75857720943168,9.310487071974324,Bravo,ui,media,success
8.355603680340753,3.2683602207326485,345,0,62.781180946622044,64.3546826958212,Charlie,database,media,success
13.470665092504728,7.235535696729799,341,2,88.57165330671705,3.447114262729883,Bravo,ui,baja,success
12.949398968488799,9.277119975930152,338,2,67.40049566607922,48.155432311664214,Delta,api,media,success
25.80756400137919,7.812643558478763,334,1,50.53143533412367,62.32678381796208,Delta,auth,crítica,success
9.551535075241127,9.184881432894866,345,0,80.74404209153727,24.47051473606139,Charlie,ui,media,rolled_back
15.549024874234428,11.074323963683181,364,4,53.377708442276344,13.60148547962308,Charlie,api,alta,rolled_back
9.025499730734838,4.350434468680671,340,0,92.40871876128949,26.768446906392867,Bravo,auth,media,success
9.118257034252814,10.840172643076237,334,2,50.84754409152083,62.56609613890973,Bravo,auth,alta,success
15.498809544788028,9.448784757260956,379,3,66.97270262753591,35.321418596277816,Charlie,ui,baja,success
11.01344346046385,10.771881195641546,343,2,86.35710856644437,19.44100777945816,Charlie,auth,media,success
14.992709542781167,9.345440595210684,336,3,50.931263158563524,36.87812921203194,Charlie,auth,baja,success
13.286964474296738,8.182600383732236,344,4,83.17074504913762,25.654377891605193,Delta,database,media,success
12.54531357420202,11.805980539283265,368,4,70.6631651695352,24.380835060959235,Bravo,ui,media,success
6.901288618323569,7.582669896291973,304,1,56.39768524095416,48.99098396099626,Alpha,api,crítica,success
10.101008198560056,4.009127585663223,384,2,66.65099675999954,116.26149746170694,Delta,database,baja,success
15.718065764471751,8.103375513127652,339,4,90.47652967157774,3.2125842422246933,Delta,auth,crítica,success
17.27048237769414,4.12015340396856,349,3,76.96498596575111,37.15203201569138,Bravo,auth,media,success
13.028490585786102,10.794036868163435,380,3,71.82728325598873,45.40852430261193,Delta,ui,media,success
15.000251536261404,5.126311890517838,372,2,59.491201096680015,24.69962648201495,Alpha,ui,media,success
19.491558573519864,10.39908500164557,373,4,68.41478118789382,1.08568861708045,Alpha,auth,alta,success
20.759422971904762,6.556199433315287,378,2,79.98495642561466,13.699560977518559,Delta,database,media,success
10.611544926376713,7.288378773435043,386,1,63.200474861077964,5.537457188247891,Bravo,ui,baja,rolled_back
14.530721758999293,10.973745030807546,302,1,84.66684177983552,25.85168308392808,Charlie,auth,baja,success
19.805993603678804,8.955098722791265,333,1,85.7437433139421,48.05000397361337,Charlie,ui,alta,success
13.121081677734797,5.259551516642983,348,1,50.06854017381556,18.516810435692705,Charlie,auth,alta,success
14.790122060244014,7.6457620849543595,381,1,66.97398931253701,6.415129160353052,Alpha,api,media,success
14.655570807051642,7.334881781710709,340,3,68.026219898602,20.759022349269095,Charlie,database,alta,success
11.449283928374275,6.219562047700656,352,1,56.88984114327468,42.67167386210976,Delta,api,alta,success
13.221263980461048,9.281432816179862,348,3,52.297995848348364,15.670606400817633,Charlie,auth,media,success
14.882220483647048,13.274702964747348,378,1,59.88651079242118,15.277310751378536,Delta,auth,media,success
13.344524603768306,5.798602882141692,356,1,70.40909665054642,20.159635527141575,Charlie,auth,baja,success
19.453544093472814,7.5838594299739395,372,4,57.987961758626625,19.052280864601425,Charlie,ui,media,success
13.076028633384073,13.352251234232453,332,2,89.54039603006095,8.127070120217242,Charlie,auth,baja,success
13.267323869597083,8.418820961047533,353,2,69.65858877287246,11.396816466003656,Charlie,database,alta,success
17.787450306208413,7.31054984140296,324,2,64.4763164035976,1.958308719098568,Alpha,auth,baja,success
10.774526347316367,7.990931929553218,382,1,55.616061884211376,34.22906671262799,Alpha,ui,media,rolled_back
14.837206099395141,4.662745566953449,348,1,64.23152564559132,5.247877095880409,Alpha,ui,alta,success
8.79382071060964,7.710783818981547,353,0,93.92975717550144,73.51372575356599,Alpha,database,baja,success
19.66867819694273,5.830413583632399,320,2,78.69871470145881,51.684743355175584,Delta,api,alta,success
13.905417194503677,5.507374783302318,350,3,79.27353289094754,1.5581029728055,Charlie,auth,media,success
13.128618701310986,8.44218832619046,346,0,67.62077714200132,39.75607901063127,Bravo,ui,baja,failed
10.046990688055143,6.51369632303546,325,1,53.53113229619339,76.26137457223483,Alpha,database,baja,success
14.968951864890693,9.013032772265792,346,3,58.586050720186904,12.873455699533224,Charlie,ui,media,success
11.79887128819336,8.893443395696256,353,1,82.15889013255946,0.7295142039656639,Charlie,ui,media,success
12.866030680198254,8.741720936059556,359,4,80.56978053296916,4.92083828151226,Charlie,api,media,success
20.150700982338353,8.263564443338058,350,3,90.42474038549699,5.316070552915335,Bravo,ui,baja,success
14.29789651903149,9.040804098464012,336,0,52.48820660752244,16.888171184589034,Delta,auth,baja,failed
10.712870463397296,5.7772376681106765,378,1,92.05804747762159,25.69244567949086,Alpha,ui,crítica,success
15.65282752986953,5.438248756928415,327,6,71.36810642317869,78.11440014435884,Charlie,database,baja,success
13.5490463374882,6.42089217042663,357,1,93.88153327861801,12.139375425875187,Charlie,database,media,success
17.360054191949356,10.271692703759122,372,0,73.6065753782168,41.22827410496293,Charlie,ui,alta,success
20.72968771092396,7.918009714509951,346,7,87.4980345973745,7.6556674379874465,Delta,ui,crítica,success
11.029229955562029,7.673529039802582,349,0,74.31098690605722,24.573477657734912,Bravo,auth,baja,success
16.81860119032113,7.555061134728794,341,0,80.21498342510313,43.05887397922097,Alpha,api,media,success
15.33959223471395,8.205936298011714,355,5,50.38984636077657,2.742876883596182,Bravo,auth,media,success
18.582262329058178,9.047615297581514,324,1,91.57474514911883,1.5499078407883644,Bravo,auth,baja,success
14.080887444214934,8.064477943089324,345,1,58.27258587698452,26.87932072298837,Alpha,api,media,success
18.346476273842455,9.96092553100177,370,5,94.88047510851175,5.953833024948835,Delta,database,baja,success
8.019776554653227,10.518907700954689,373,2,62.72422109497711,20.849108195786766,Alpha,database,crítica,success
21.757835685253497,10.150464027015715,334,5,77.02650630613789,17.885180867200187,Delta,ui,alta,success
18.459111914074313,8.352852040789086,352,5,86.22948205214925,25.97837068039685,Alpha,database,crítica,success
14.396896044457009,10.827874931650292,351,3,54.95178572717123,18.745203973885747,Alpha,ui,baja,success
9.203971479443329,8.321943322522129,374,0,69.68106699408963,29.55933364379912,Bravo,ui,media,success
17.572034800167927,8.435135156231793,348,2,89.70686383312568,1.936694340865443,Charlie,ui,baja,success
16.93277545525907,8.250556654473488,350,1,52.09049010067247,9.739099770784378,Charlie,database,crítica,success
14.974577494314445,9.451348249573075,350,1,63.57553550275043,101.11919662921348,Alpha,api,media,success
15.605823571449697,6.738619904676014,360,2,92.30005907942541,48.14243088460981,Alpha,api,baja,success
12.663564118600783,6.40098706688342,366,4,92.82979198615067,6.164079621434212,Charlie,api,baja,success
16.475226930520968,11.266053857974761,401,0,61.04807185358368,10.147745326916114,Delta,auth,baja,failed
16.178617358878064,5.286335754271952,319,1,55.15803576097824,5.712184678763151,Charlie,ui,baja,success
13.882962506629699,10.57726086453979,370,1,84.61955266422592,25.569021814429643,Alpha,api,alta,success
9.655053380427384,4.772283568764709,335,4,88.96496970206499,8.23862272587527,Bravo,database,baja,success
17.80299527376014,11.621527672641587,323,0,90.33550511463545,23.943985774104885,Alpha,auth,baja,success
17.216786489096133,7.88475379980727,364,1,72.91529199574143,25.77733185041457,Charlie,database,baja,success
11.65477362879434,12.830126686464519,361,1,61.21096152695827,1.8857657834887505,Alpha,api,alta,success
8.621647351975028,8.680480231278146,356,1,77.40297094802372,17.944591232756977,Alpha,api,media,failed
15.819834322350536,6.783366576277706,334,0,58.447910700924695,8.847107704173624,Charlie,ui,alta,success
13.619648088108441,9.752270359456165,334,1,67.56760359508917,19.45651053265486,Alpha,auth,baja,success
16.01044681345782,8.528371350344775,365,2,54.54039990785532,61.52111912961331,Bravo,ui,media,rolled_back
9.823990138061786,9.414816533888288,368,3,89.90481571992859,10.680026294294855,Alpha,auth,media,success
11.163318222478548,8.503772082372302,327,2,92.6339776837267,30.125627123041888,Bravo,auth,baja,success
19.343099414719603,10.772120844637573,378,0,87.32382366550155,25.426487891857917,Charlie,api,media,failed
16.615099618862857,9.911228594713863,355,1,72.82980425283313,23.482759265231756,Bravo,database,baja,success
17.345950146877193,7.20525671656302,350,2,91.31794094457291,4.398816729788423,Charlie,auth,baja,rolled_back
22.26091378461581,8.47465458165002,387,4,60.44305271352641,0.8437435126425779,Delta,auth,alta,success
15.515285714409533,11.282491978567254,334,0,75.52508748602122,17.826263095546526,Bravo,database,media,success
6.996283049073956,8.390294084731359,333,1,51.69280309812166,20.730678363626293,Delta,api,baja,success
16.33510878973428,10.489850741607164,348,4,53.996627166634426,19.3590155352669,Alpha,ui,media,failed
19.685300509435177,10.213194878689542,365,2,60.56396145722829,52.248033148005874,Delta,database,baja,success
23.23815696919722,8.48142802568496,346,2,94.51935655786656,12.986206468194723,Alpha,ui,baja,success
9.492553607037916,9.655798408784765,349,0,74.10498109995387,36.590553177366836,Charlie,api,crítica,success
10.396577737491578,6.9054353842466885,361,6,79.92483889102004,7.949535095493465,Delta,ui,baja,success
12.176714420959515,7.902834594236996,350,4,64.74432736984454,9.4751588255167,Delta,ui,media,success
10.783776871691234,11.871136659647988,323,1,80.71536531671882,23.634564733987144,Delta,database,baja,success
12.417025107430035,8.507195101520454,313,2,74.21259106369689,71.67871230437395,Alpha,auth,media,success
14.258488129293987,10.50577937232316,334,3,67.97113448148593,5.677184287458658,Charlie,database,baja,success
10.19511179704006,7.156554862197057,372,2,91.44631014787592,17.555232389753154,Bravo,auth,baja,failed
23.147888667932605,3.244014798346859,352,3,51.47313972469419,32.60965045440703,Delta,ui,crítica,success
15.431098979542186,6.19502204546545,372,1,73.15242186188698,56.46810967917767,Alpha,ui,crítica,success
14.663567597977677,7.52447662771341,359,1,66.02959176409058,7.407893887690914,Charlie,api,alta,failed
16.982478566418376,5.563988034196839,390,5,91.24092514743097,54.589539480164916,Alpha,ui,media,failed
15.149660744471861,9.688250822868268,364,2,50.18874514149502,41.56712718106328,Charlie,ui,media,success
14.47164785217636,7.983253954027975,360,1,56.229982636868954,11.549861323088408,Delta,ui,baja,failed
20.907149694208385,6.067843079971208,361,2,69.01745370938443,37.493830783138854,Alpha,ui,alta,success
14.131879159631586,10.166278498621534,366,3,85.8389194891788,30.17580968040734,Alpha,api,baja,success
9.8655911836311,7.34902531342976,362,2,76.12852609250695,1.711357015310404,Delta,database,alta,success
16.54267156177361,5.681211079312808,348,2,58.9652759314049,3.851754739880562,Delta,auth,baja,success
13.593948505883631,7.77988701174134,371,6,62.48391030705534,23.52315254408627,Bravo,database,media,rolled_back
12.912815626574924,8.312654622751065,341,2,83.87762273196131,2.5671709924936295,Delta,ui,alta,success
10.72747519725132,12.766274989830276,393,3,88.38164307409897,9.128596991300583,Bravo,auth,alta,success
16.713463613066768,8.53071214535014,361,2,86.32241706363857,13.295690350234509,Delta,ui,media,success
14.30392706229202,7.267804891803998,337,1,59.88632797263563,1.0121486149728298,Charlie,ui,crítica,success
17.06267091459212,6.019568648564765,361,3,63.64315326907672,35.08136767312754,Charlie,database,media,success
14.062538890776313,8.328683374015714,339,1,93.3599965844769,1.697789033798448,Delta,database,baja,success
12.365986296712917,7.332502540021919,353,3,88.22907087393105,23.15677962278903,Delta,auth,alta,success
20.000946416314868,9.655889051721127,359,2,83.80588564788923,7.471511028707027,Bravo,auth,crítica,success
13.912945139554413,8.538530209657544,317,3,65.15519719920121,4.752897606296539,Alpha,auth,alta,success
18.791807983500785,10.910459802235755,336,3,88.16266938461922,45.139513579974754,Delta,auth,alta,success
10.193670279564248,8.444938941829824,360,1,76.93514887359925,11.732308924314088,Delta,api,media,success
13.135535614497991,5.214570386750625,374,2,52.282268087146804,71.82853513552782,Delta,database,media,success
13.92259441938728,6.243864321587746,366,0,80.80531647545286,1.7455346649377659,Alpha,ui,media,success
13.436138367476557,7.956291734297746,365,3,79.56392327672802,1.1749054204371332,Alpha,auth,crítica,success
20.394828047966854,9.204288495291204,329,3,72.7246330876369,8.385649424046278,Charlie,ui,media,failed
14.90894119480635,12.894517643097313,359,4,85.92940584290773,1.0618753843009472,Alpha,api,baja,rolled_back
15.976903404413802,9.332117711121585,358,3,57.61845199042,9.16150277853012,Bravo,api,baja,success
11.23051316854431,9.17272362372689,353,2,60.41841385769658,9.026072971522808,Alpha,api,baja,failed
12.083130893961702,5.463882893299919,352,2,80.70014625322074,0.41684758589229454,Delta,api,baja,success
18.992275634219393,8.717104279913393,363,4,58.572451050858945,121.17411343047584,Charlie,database,media,success
20.033926658382242,5.372719132878483,331,2,91.86333920923062,4.632117163792681,Delta,ui,media,success
19.995454755240385,6.838771824249848,340,0,72.24643535912037,17.78430028158932,Alpha,api,baja,success
9.477451801898681,9.729531038340642,350,2,67.68321589799598,6.9995010162426805,Alpha,ui,baja,failed
23.199842774545576,9.90861573478898,339,1,61.653367606922984,34.75203680790482,Bravo,ui,media,success
19.06749131919817,7.170397107989192,373,4,90.69566635764204,2.9868589974939823,Delta,api,alta,rolled_back
14.893130143446967,6.882763516070047,352,1,62.51625849166885,6.49301465973258,Delta,api,media,success
17.81443111519304,7.459447701797111,318,2,75.04950908129103,94.20743227991011,Delta,auth,media,success
11.114459083392545,11.786238853283779,345,1,84.87474685185589,16.10057382658124,Alpha,auth,media,success
10.615375033764572,2.6060270449672993,361,1,89.89426437066868,5.66440587490797,Bravo,api,baja,success
15.196201803750387,7.735439834718624,371,5,81.70681337942369,2.6663593612611294,Alpha,database,baja,success
10.206016573768881,10.21157036663985,359,2,91.14186913589947,8.421149130910635,Delta,ui,baja,success
15.760075994238992,7.67405229545297,356,1,52.971519937273115,7.36743083292,Bravo,auth,media,success
20.190823598418664,5.638061174032833,330,1,88.32506948150694,8.118851523846388,Delta,api,baja,success
10.864505108140996,9.301669098334639,340,1,68.718272697879,13.258096385747194,Charlie,api,baja,success
12.046236983147743,9.75466509612563,363,1,85.64615625189617,30.514845683162505,Alpha,database,baja,success
15.186255757803453,5.547442081071635,312,2,90.30432228697464,1.6961016628315764,Bravo,api,media,success
10.929615520695577,7.37361383000068,306,1,57.521185368532315,6.792847126722336,Charlie,auth,media,success
13.466864160454888,9.318183643246103,388,0,85.47999287955463,41.53410073913155,Charlie,ui,media,success
18.491021646685596,6.451561937156067,344,2,88.69464779272676,29.424248008911903,Charlie,auth,baja,success
18.878180055880467,7.916872924302719,367,2,71.8057293491438,13.571408405900002,Delta,ui,baja,success
16.53538666010838,7.519099834525279,313,3,52.1058407810051,34.1299810470176,Bravo,ui,media,failed
7.593777347730141,7.656049888563795,354,3,54.5939508813899,20.403634742714484,Delta,ui,crítica,failed
14.784013052695338,7.656163861302951,347,0,87.43528389837593,23.87343882007241,Charlie,database,crítica,success
19.259092857353135,10.572176610944052,358,1,70.17659439123236,20.228441274648002,Alpha,database,baja,failed
18.25278014964642,10.198819110273327,329,1,89.41744668059982,53.58926593505649,Alpha,database,baja,success
14.236734103582874,8.948326331926982,356,6,62.89904046920128,0.9148207157850266,Bravo,database,alta,success
4.200280765745189,7.576026578055497,334,3,89.92681878153235,19.17127267264156,Delta,database,media,success
15.243866555204466,4.67700576438067,335,3,77.18488355050795,28.282929292803104,Bravo,ui,alta,success
17.295006789934313,6.131420264550947,349,3,87.3882017005235,0.3353614993393421,Bravo,ui,alta,success
15.183214318900395,10.224796565663713,359,3,91.79924782481976,47.77175237036763,Alpha,database,media,success
15.629650160703502,6.201764459525279,326,2,91.48532604216598,32.06228441644221,Charlie,auth,baja,failed
16.726261491475082,7.376938207268172,386,1,72.39951161551289,27.13414323000056,Alpha,api,media,success
13.413801055799151,10.18382804278067,344,0,72.33777174260467,71.39132701947328,Bravo,auth,media,success
20.239912903006196,5.390893658152114,367,2,54.05287020839751,41.87776408887921,Alpha,auth,baja,success
16.881573599495773,11.486712790335975,333,2,59.14474089164287,7.840793285518885,Bravo,auth,media,success
10.029318917701595,7.777262400517031,372,4,63.97741726017557,15.594134099435328,Charlie,ui,media,success
20.526301825542134,3.1700216722558965,335,2,70.78109183115885,35.713212579364296,Delta,auth,alta,failed
19.817835748039297,5.932816902137096,362,2,92.83948296448216,16.381393890827894,Delta,ui,baja,success
18.296295854727525,7.437161671353346,349,0,92.30531455366872,8.928634263575077,Bravo,auth,baja,failed
8.349482391257622,10.771951942501325,374,3,71.93395656300709,9.103353347629309,Charlie,auth,alta,failed
12.722774625578076,10.137065877018546,336,1,90.97134192474186,7.851031199097633,Delta,api,baja,success
17.542055269158105,9.427139005395782,350,2,87.15185296488926,2.388967432853743,Alpha,database,media,success
15.17488803031143,8.810529875627296,333,2,60.090228485642,21.450234553699783,Alpha,database,alta,success
16.39204921464523,7.80189562863124,355,5,92.79038827167824,37.97365204701123,Bravo,auth,alta,success
24.83837419548166,6.981322739817653,335,2,83.99903765879571,4.214126709848642,Charlie,database,alta,success
11.726478702401323,5.79525556781816,345,2,75.88102066656575,19.655001304035476,Charlie,database,crítica,success
6.547199540283454,10.025010200553123,375,1,63.066417216323316,6.284047599881887,Bravo,ui,baja,success
16.094781089721657,8.218465505265776,355,1,75.67288710386492,6.128795061260462,Charlie,auth,baja,failed
12.249612635026352,9.960126443397618,360,0,55.01051362603903,14.555744547396898,Bravo,ui,baja,success
16.78416421184746,12.611758120254981,368,4,53.456236984347925,11.183238755911589,Bravo,auth,baja,failed
11.75046110483761,8.86896242481366,354,2,94.7922547289636,0.39984376561652846,Charlie,ui,alta,success
23.848221921340542,7.694536411170644,367,2,58.4898536815308,2.0397034250199795,Delta,ui,media,failed
14.50517611369028,10.019760647641741,343,1,73.35107141640037,2.4316536507558517,Charlie,ui,media,failed
13.090657975879791,7.112343794125948,343,1,68.06379324640147,40.96361633933602,Charlie,database,crítica,success
14.334954034053567,8.878206908376363,321,1,58.84435941348784,6.2225452899712845,Delta,auth,baja,success
18.450253534505723,11.796870363734694,339,1,72.58022570982575,22.443602270871946,Bravo,ui,media,success
15.389361940811275,6.777756976918473,377,0,92.88322411477566,1.0630942939268913,Delta,auth,crítica,success
8.497533043154847,6.124030102904761,352,1,72.98102609696798,20.4716813391384,Bravo,auth,baja,success
14.98151692869417,5.865638281771737,355,0,86.87641208060086,11.790192651404785,Alpha,database,media,success
18.04096867064822,10.47930825331198,405,2,73.8456832896918,0.714879859238863,Delta,ui,baja,success
15.15596365149025,9.194623244252947,403,7,93.55382252135314,16.143541172146797,Alpha,api,media,success
17.940288566457763,10.544018107968057,369,0,60.391851344611496,1.0776562727987766,Delta,ui,alta,success
14.41410949200452,9.502186406099035,379,1,50.906300289789215,0.14595499634742737,Alpha,api,media,success
14.768450658474869,8.446201555214259,363,2,62.11663975380361,11.964034505188465,Bravo,auth,media,success
16.929477864418132,8.480647046354305,312,0,50.67388305440545,0.8285913728177547,Alpha,api,alta,success
18.971774547102935,8.164774675157231,369,1,51.837331908755004,14.085410960018635,Delta,auth,baja,success
10.014418007871832,6.634682875184533,355,3,81.88242189935409,35.01044368542252,Delta,api,baja,success
14.866049900617561,8.254800725087312,347,0,53.46388266305439,4.291144903832075,Alpha,ui,media,success
14.716151275000016,7.3917866240897645,357,1,54.84281216398813,8.034428268671036,Charlie,database,media,success
11.964317385076198,9.405940849133351,356,2,64.29080738918856,9.678445760160685,Bravo,api,alta,success
10.862562556243388,5.871082719992314,358,2,57.23568265908398,3.4289598651230335,Charlie,ui,baja,success
12.477072184116722,5.722211892593482,366,1,83.90739495866,25.529743640606696,Charlie,database,baja,success
17.34723088005198,11.13027070651015,378,2,55.02523488830775,4.572937086996846,Bravo,api,baja,success
13.334709375265392,7.6665236146819975,334,1,80.4552078479901,13.407148260623217,Delta,ui,baja,success
11.860448761978718,10.612505227801643,356,4,66.43891318351962,9.909694075584412,Charlie,ui,baja,rolled_back
15.653665277944388,10.062225212559206,342,5,89.88703030627221,52.12751287669084,Delta,auth,alta,success
10.0531430595626,6.391482116526505,340,4,88.66853895015083,6.523906279634626,Alpha,ui,baja,failed
19.183495104946687,6.12502217263563,362,1,72.35113474889658,7.8427386421745275,Bravo,database,baja,success
13.061618335125162,6.795941806901776,345,3,91.232671267353,12.05309135466814,Delta,ui,media,success
15.756515246722662,4.004438488443251,349,2,62.19554438139312,101.00399037590677,Bravo,api,alta,failed
15.204025326299893,8.644693942186974,352,2,60.380922495387495,0.6756407506763935,Delta,auth,crítica,success
14.999037324454232,6.945351934155708,345,3,51.33740424294956,6.831393599510193,Charlie,api,baja,success
22.237528169771462,5.156269896242128,330,1,57.69292285316624,6.077214416116476,Alpha,api,baja,success
11.698688171560221,6.292683476138942,357,1,64.06316109118052,41.96882115102826,Alpha,api,crítica,success
19.58188180891194,10.427954389008772,323,0,85.01620692200959,15.958186268806458,Charlie,api,media,success
15.126292750212972,10.291804042121484,371,4,75.28896754491143,30.436485036199386,Charlie,database,media,failed
11.659176778773121,10.37703781918085,330,3,93.00216935575008,51.34109910626444,Bravo,auth,crítica,success
14.72494540393395,6.6556246657046305,356,2,78.66789175081067,22.977630390708736,Alpha,ui,baja,success
17.987086748049865,11.094036211820299,330,1,70.54379220004193,17.511046192531875,Delta,api,media,success
13.297925062421584,6.255378061773701,362,4,50.646890675416216,2.23572148119797,Charlie,ui,alta,success
11.911671059226173,9.30392373401731,355,3,60.13364556012675,39.70921844042359,Bravo,database,crítica,failed
15.61105642699158,7.64550506301847,379,1,77.43982635438442,65.28356215002266,Alpha,api,baja,failed
18.954387380715197,10.840075685476169,340,1,86.25332455383614,14.512638587504625,Alpha,api,alta,success
14.706166661311304,9.390592929044589,356,2,62.820176493842155,4.347322683781385,Charlie,ui,media,success
9.451893785761033,4.9079288185377,367,1,82.73361805942841,36.75733695722638,Bravo,api,baja,success
9.773296382498549,10.92049241281351,387,3,70.89163106051274,10.512376092374325,Delta,auth,baja,success
11.926418699688245,7.318728500426498,344,2,81.47696996456943,16.47968888282776,Alpha,database,media,success
12.891567498502168,6.603397298662058,352,3,92.09708612877876,7.275260891765356,Delta,api,crítica,success
14.914291739833502,7.324969984973828,357,2,82.18231921782717,0.2936114966869354,Alpha,api,baja,success
17.681992283985128,5.569237763084249,320,3,55.00679078279063,3.1185868307948112,Delta,ui,baja,success
13.261531845710374,7.019058547729505,370,0,64.5882465573959,47.710178194413764,Charlie,ui,baja,success
10.544480866748613,5.496689256785643,351,1,67.51790448324755,14.52749964594841,Alpha,auth,media,failed
17.428423979514,10.917680683912103,331,2,62.264703307300806,9.82049035280943,Bravo,ui,alta,success
16.101827874958364,7.847984992159087,360,4,80.59210407664068,9.168358128939122,Bravo,auth,baja,success
19.629388277658947,3.3992924394261514,316,2,60.831300341524184,10.522938454358139,Alpha,auth,alta,success
8.270076562086977,5.5309423760456244,312,1,76.26385086099617,0.7357325255870819,Bravo,auth,baja,success
15.349276355579498,7.36254296116754,364,1,60.77427673502825,19.251663458683733,Bravo,api,baja,success
20.41344757577067,2.4060727783060676,354,1,94.3892029102426,19.77200232748789,Alpha,ui,media,success
17.896695202733476,3.7778889865406686,342,2,51.05139458552003,14.613217078149319,Bravo,ui,baja,success
11.669788696943154,4.587018075607007,319,1,58.06700076907873,33.369717610846145,Delta,auth,baja,success
17.930113947073657,9.972315975727518,323,1,57.06631026463583,2.9635433683504173,Charlie,auth,baja,failed
11.51229252001115,8.535873803144517,315,0,83.04731784737669,59.380919915393264,Charlie,auth,media,success
13.186409955080828,7.58551950852895,379,1,75.02686611376703,83.42558997366122,Charlie,auth,media,success
19.75013711451631,5.160155804216652,336,0,59.257352808490396,1.3212779980766611,Bravo,database,baja,success
13.839418752839682,7.043605502964221,349,2,87.72514161420986,10.629851773381233,Alpha,api,media,success
18.314184579861745,5.602317677186043,353,4,57.25144193624146,18.695920160894683,Alpha,auth,baja,success
13.835089164883325,8.222957293470175,335,0,73.96882368368097,11.855325948446989,Charlie,auth,media,success
8.694550381008376,9.09063581223347,363,1,94.13366165943444,0.5260756127536297,Bravo,api,baja,success
11.604737212204313,7.608914208428365,316,3,80.9363612451125,4.623321130871773,Alpha,database,media,success
10.64592055217122,8.610309095688121,356,0,85.5816609330941,6.166324280536733,Alpha,ui,media,success
13.062837715531305,10.133813689977721,354,4,90.82926402450539,69.28756105496522,Delta,api,baja,failed
13.65475516396171,8.06637869927488,291,2,58.28891979646869,3.069530490785837,Charlie,auth,alta,failed
14.386568437353425,5.928844852119529,304,0,60.285100190667436,24.724189146344955,Bravo,ui,alta,success
14.027011085700616,11.778232847640872,341,2,85.17931975307874,38.92213991631782,Charlie,api,baja,failed
22.568808166400444,8.485702881953996,354,3,91.54916893457994,9.992117151618004,Charlie,api,baja,success
9.45600665085832,7.0326479902688535,373,3,50.618512086803094,5.518723111599684,Charlie,database,baja,success
13.340702797168879,7.705285353352702,350,3,89.27714852034114,1.0475491556274013,Charlie,auth,media,success
16.396326112427325,8.498679163475142,333,1,90.54760147351772,14.67268480360508,Alpha,auth,alta,success
21.513769063261627,7.706302608379214,346,1,90.88479677331634,15.464465394616127,Bravo,api,media,success
15.354087582854465,6.600238685465252,363,0,69.79961496428587,35.58144882548725,Alpha,database,baja,success
19.956602833602254,9.30811471585951,351,1,93.70294471969828,6.849163569509983,Delta,auth,alta,success
8.421777856985173,7.815010226017849,390,0,87.04925739089958,17.1698891882947,Delta,ui,baja,success
20.785426101513917,6.76717359800415,354,0,80.96979631111026,78.57668709351655,Charlie,api,alta,success
12.23775931333927,4.269932380036543,350,1,85.77217682497576,24.429117008035476,Charlie,ui,media,success
13.894275658184592,6.887768568911676,351,3,51.353588650235906,45.38125960327206,Charlie,ui,baja,success
10.56232496040225,8.746800562845777,367,0,75.83656259113923,16.146049987524748,Delta,auth,baja,success
15.535477265717807,9.295256257827468,354,4,82.38574449787848,11.814254108816385,Bravo,api,media,rolled_back
22.141356206926208,5.4513193700775675,324,2,52.823575417278334,18.297916821127227,Bravo,api,baja,failed
24.68865342100636,11.022637676764116,330,3,54.60345979430713,35.49337554880607,Bravo,ui,media,success
10.692684391526353,5.863008682798166,324,2,71.83328460436314,0.5697931945323944,Alpha,api,alta,success
16.943764441612394,6.779763471431672,342,3,72.623811585363,15.880479209125042,Bravo,ui,media,success
20.554086954977166,8.35429870221021,355,3,65.6609167077113,21.62222959745436,Charlie,api,baja,success
14.217372730861824,8.8360541133493,358,2,87.04856826225296,0.06190090253949165,Bravo,api,media,success
14.127300809175155,7.958423652306603,341,2,60.84835949470289,8.074615225195885,Delta,ui,media,success
13.78088818181422,6.8148692247016545,367,2,83.06520208367147,4.410369317673334,Bravo,api,media,success
17.391330896445773,4.503324799867409,338,2,54.933490987168625,7.340089716017246,Charlie,database,baja,success
20.589717643263036,5.885663540324371,367,1,87.95565503649414,5.29554824032396,Alpha,ui,baja,success
17.750479044959853,8.529181157946896,367,3,55.25705490261316,21.824980347340396,Bravo,api,baja,failed
16.280752057187875,8.706349159463898,335,3,60.32583917374723,3.447053289540669,Delta,api,baja,success
13.792520296890958,8.492540646665395,368,1,53.119860963197425,74.16052794053194,Delta,api,media,success
16.993394742231796,7.859611621687988,382,0,58.7043989286758,8.80981606990099,Charlie,auth,baja,success
12.801852328332975,7.974304213596758,365,8,94.67015508445911,6.041371643543243,Charlie,auth,baja,failed
13.882973985451029,8.204828538589073,314,2,58.81998585537076,7.808519046753645,Delta,api,baja,success
19.386053772446928,14.05151068078712,332,0,75.92560938443057,111.16369816055948,Bravo,ui,baja,success
16.768052352715245,8.011132637401928,338,2,89.81931006070226,31.756860337143237,Charlie,database,baja,failed
15.96406517610445,5.951645073879809,352,2,57.38228661939502,4.101571464135002,Delta,auth,media,success
13.977569378577925,10.114880015961322,365,0,56.827380458125845,25.320253041158892,Delta,api,baja,success
18.72413160593953,10.920063441439119,357,3,65.84334902931005,19.860981149515126,Charlie,api,media,success
20.33965034150189,9.677129152827021,307,0,56.44559356966056,28.513181603436763,Alpha,api,media,success
11.522912944498232,7.75906467025218,289,0,55.731329523259774,66.21589176054326,Delta,ui,baja,success
15.22194781866041,4.862433239289043,328,0,57.222907182294875,23.41416549581795,Alpha,database,media,success
15.196267652767677,9.539732037908365,356,3,73.64636133890599,51.206433039859206,Delta,database,media,success
12.686577086556413,10.281382846998067,336,2,59.08800037344918,26.604554234926994,Delta,auth,media,success
11.005045376015982,5.607683505110749,373,2,58.8501983624883,36.73413168966461,Delta,ui,media,failed
14.990268879973593,5.904197407033032,337,4,78.04609261685982,13.664263688027859,Delta,auth,crítica,success
17.622047531251877,6.6321567223207705,358,2,52.379903827095404,0.7167930998136325,Delta,api,media,success
20.90736911590621,6.1819022570483,322,2,76.07619426678866,29.340429692452247,Charlie,database,media,success
7.363388846883145,7.9432690730642115,325,0,77.31565320515074,6.46963582929951,Alpha,ui,baja,success
12.190242106750363,4.106476417886732,399,3,94.12491916678846,6.378048118203878,Bravo,auth,alta,failed
13.754279127952325,8.288712632241628,371,3,82.19130109762773,6.784722783073057,Delta,api,crítica,success
8.347371877330497,7.279849114338362,373,1,89.10713630379178,4.669689212156916,Alpha,database,crítica,success
11.99786623283084,10.64486719623483,384,1,92.11007100646384,11.718914184719324,Bravo,api,media,rolled_back
11.890592963273967,5.883539436056788,348,2,62.473176850471646,62.455452960685164,Alpha,database,alta,success
12.10972120056159,11.723010982997843,335,4,70.20967867458239,21.98049433428555,Bravo,database,alta,success
6.244661603411728,7.654020346493414,357,4,78.53911234764382,0.2943434063674557,Delta,database,baja,success
15.853674201146218,8.212625943255441,359,0,85.8406930998899,28.52343521911412,Alpha,ui,media,success
12.472308254980675,6.375349993854662,338,3,56.187809384427965,3.307629707478831,Bravo,ui,alta,success
21.08196477532865,4.335825054832365,357,0,67.27601345512085,32.50894146311789,Charlie,api,alta,success
18.183823797660327,4.8878484142720104,369,3,91.49927103542723,5.546647679104405,Delta,auth,baja,success
9.185881739468803,8.229318528254726,338,2,60.04271712386981,36.232602683673484,Charlie,database,media,failed
15.393581684023355,7.949236224473243,321,1,80.63960122060962,2.478990040719509,Bravo,auth,alta,success
12.624916063067385,10.569885601286465,355,0,55.045264535583556,46.80716661907254,Delta,api,baja,success
18.55312467453806,7.765537247240151,369,1,94.13485785131343,23.120479254906467,Charlie,ui,baja,success
15.212281661994666,10.571845584982102,362,1,90.21486421464942,23.147333665674022,Delta,database,baja,success
12.771905496621377,11.398851932885593,348,0,92.47455009259284,2.817176193910962,Alpha,auth,media,success
16.75358814469088,8.539806167908193,363,1,74.87540962873027,12.453967340290546,Delta,auth,baja,success
15.610432634569676,9.968995721752888,383,2,91.63572197547182,32.4913242449215,Alpha,auth,media,rolled_back
14.341529673001743,7.206473232741798,348,3,80.40761388256215,88.73011399301436,Alpha,ui,media,success
23.0795624859039,4.868019437162971,305,3,86.79671952268109,6.317547370916903,Delta,auth,media,success
12.882456454730955,7.593614658604157,305,2,94.52238059137017,0.044281426817178726,Delta,database,baja,success
13.116852108063831,7.6404209159484235,358,1,55.43836668948643,3.6240010309590747,Delta,auth,media,success
8.816252303929907,5.617762782336213,380,3,69.8419451364316,9.009026426821947,Delta,api,media,success
14.837893106819292,7.77178198857821,338,4,67.93532140669413,26.066238171344096,Delta,ui,media,success
18.561425221882704,11.03015618890687,345,4,86.65196429588832,23.713987453873727,Delta,auth,alta,rolled_back
6.714448596283145,7.149512601387529,335,0,92.19193530501798,73.25270203848916,Alpha,ui,alta,failed
13.999739519707925,11.642909019731363,385,2,64.32582303066738,25.665130554621513,Alpha,auth,alta,success
10.273398293386727,6.004347373830113,343,1,55.775227467529476,46.49600386417924,Charlie,api,alta,success
20.76774906006763,5.335507702016538,349,3,90.8878239186015,88.27887989076521,Charlie,auth,media,success
20.431582155515446,5.05415409548179,326,3,92.57028190419078,5.888894257657593,Alpha,auth,alta,success
16.3380113893626,8.708159426481613,338,0,62.36979750567116,31.27844747800141,Charlie,auth,media,success
20.71735232160091,7.463276672041595,332,2,63.92603997606784,20.21114382046967,Charlie,api,alta,failed
11.530728596485263,8.257066960814992,347,0,94.46063911542296,19.632196447735122,Charlie,api,alta,success
18.802606899887543,9.933509086291222,353,2,67.339575731894,21.8177111333654,Charlie,database,alta,success
12.65995396546706,10.734722407801513,382,1,71.21362152509391,11.185761630535126,Bravo,database,baja,success
16.283830090102516,7.041484442967159,358,2,76.18897868320346,22.455748393506614,Bravo,api,media,success
13.802415933340367,11.304738285817185,342,3,86.37399247498251,25.979000217204387,Charlie,database,baja,rolled_back
13.885827666827726,7.7084284122235305,330,5,72.15115411672741,20.124428159480384,Bravo,auth,media,success
17.18446063331813,7.333568300662927,351,2,69.50780627666973,31.31920782375842,Alpha,ui,media,failed
9.784715385420512,5.287486629485171,344,3,88.43057599617168,0.47090619979847426,Charlie,ui,baja,success
13.99634213983016,5.916407444143942,355,2,94.8511993419379,170.3684916693478,Charlie,database,baja,success
15.68402949487164,7.814705463807964,361,0,82.82386966748163,19.649220651870063,Delta,auth,crítica,failed
13.386130085009965,8.438930188175677,356,2,52.540271962061524,15.208197578787804,Bravo,api,media,success
15.418637763342907,6.040639629570284,390,0,53.49573448183946,40.7854154238802,Delta,auth,crítica,rolled_back
13.724476853063964,10.210357401863316,352,2,51.10203873598948,2.4655259549617767,Charlie,database,media,failed
21.47337574353371,10.549402229538085,375,2,71.17402937496081,2.5451792031526566,Delta,ui,alta,success
17.85675440595447,4.124312375124257,392,0,90.21120640449226,39.360075695286376,Alpha,database,baja,success
26.86346147933297,6.573411773751485,326,0,67.87092357990332,22.894957179061258,Bravo,database,media,rolled_back
11.819689581763155,9.439767178914298,381,0,71.58734108321369,34.69536897338448,Delta,auth,baja,success
18.25746365871965,9.93337340081312,340,2,55.71983898174949,9.14462755309553,Alpha,ui,media,success
23.392123240521492,8.39403806310845,344,0,71.54390884796157,2.965946774929762,Charlie,ui,alta,success
16.20392022061028,7.775251092427796,340,5,79.40174254472367,11.735999330878258,Delta,database,alta,rolled_back
10.667699432643076,8.124021627145709,344,2,94.05946755665354,14.712978310883045,Alpha,ui,media,failed
10.974709992786861,8.899522696122997,328,2,73.77943303086795,15.074241187423468,Delta,ui,media,success
14.858341740329552,8.381947069082226,363,3,91.99183643562719,24.61898419160157,Bravo,ui,baja,success
20.23649744341366,14.597777790993701,372,2,91.3005266606342,25.298800303523834,Alpha,auth,media,success
18.001601946586877,6.494763198786888,380,2,55.29634856269695,45.67015233434258,Delta,auth,alta,success
6.446526689550321,6.643217692904497,341,2,94.30501779890619,1.799963302910328,Bravo,ui,alta,failed
12.198583564533463,9.352045053872997,344,6,62.77064733556472,4.320076122879982,Bravo,auth,baja,success
14.963774098828058,10.233647222717513,365,1,51.49167618830688,2.8385405614972115,Alpha,ui,alta,success
9.167466051020927,8.202804183099483,350,0,63.54471270926297,2.81686257943511,Alpha,auth,alta,failed
17.778118585979477,8.143022986706912,338,3,54.47991780238226,46.17824627257405,Bravo,auth,alta,failed
5.154658099254048,7.721694248555711,347,1,73.45170096261427,5.909404311329126,Bravo,api,media,success
15.573159056161824,10.488475574342129,349,1,86.4216164581012,14.345146413892508,Bravo,database,baja,success
13.435111523491775,7.214802403609841,349,2,91.87364924349822,0.8253394617828614,Charlie,ui,baja,success
13.035343657543699,7.386948205816207,369,2,75.51855441066436,31.824401176457698,Alpha,api,alta,success
13.865410190191795,10.326594582039688,368,1,64.55942600150593,17.216874280010526,Delta,auth,alta,success
16.25917921883137,10.37638841793809,381,1,70.16148890252225,13.073483623731857,Alpha,auth,baja,success
16.585306311755957,7.362679815956147,373,2,72.79140206053853,2.126162904255445,Alpha,api,media,success
14.097585155856159,7.285836149808586,385,2,70.16637492342852,44.8485639075142,Alpha,api,media,success
7.300198278637762,11.057044860512104,351,2,91.00046831532381,11.890113503582,Charlie,database,media,success
9.243082806712081,10.673762374868716,361,0,59.38763241516426,7.6690699607133865,Charlie,ui,baja,success
9.121368904110394,10.32998168098127,355,1,81.55701048672199,24.511247075085933,Delta,api,alta,success
18.047453787567726,6.576347892105563,385,3,82.38213413977064,14.789056431502104,Charlie,api,alta,success
14.025540072514879,5.273753731616245,356,0,53.70869916398078,31.129995325176886,Delta,api,baja,success
16.07870642967203,9.909483597382996,364,2,93.39688300387934,1.7262591943144798,Bravo,database,media,success
8.764289916176736,8.272464657255439,371,3,54.71551381167956,22.30240822475997,Charlie,auth,baja,success
12.857647973214746,10.535753024084489,372,1,92.3078132304363,23.5703439776948,Bravo,database,alta,success
17.24980789269398,5.412821355170463,354,4,60.29703335952945,10.275085866451263,Charlie,ui,media,success
14.286695506320326,11.701613740075025,354,1,79.82863014913164,21.9829246615222,Charlie,ui,baja,success
14.539456055189397,7.346904884037229,390,0,58.80099703092128,4.074046122112318,Delta,api,media,success
14.711754111574534,7.709269395271352,341,2,75.55072814691812,2.9966830690537445,Bravo,database,media,success
19.843639227705214,8.520761073218964,344,3,90.25485672638752,48.02875470913469,Delta,database,media,rolled_back
12.540412396801187,6.691848866594926,328,3,51.20772818569094,93.25321031602766,Alpha,api,media,success
17.704505833258803,8.380965333045694,325,2,75.06757726892829,4.6851813797293875,Bravo,database,media,success
18.594398422150206,6.716996540757875,338,0,78.34521575132385,15.397308100014925,Charlie,auth,baja,success
10.242728385915921,8.445161067219408,320,3,73.67196897510439,2.940863635519062,Bravo,database,baja,success
15.485035399276036,6.231998374716511,365,1,73.77806297736242,10.099605336785316,Delta,database,media,success
14.955113255478354,6.4119110639897245,352,3,77.64988213893957,14.623418956236208,Delta,auth,baja,success
19.116562877255042,9.609901890543266,377,4,65.46101720188744,4.686185185851531,Delta,ui,baja,success
18.659099470878452,12.394401506942177,351,1,70.9816825191956,3.337234877049923,Bravo,ui,media,success
14.990174933281747,7.4365493418462245,358,1,80.65132543910295,53.14361191983548,Charlie,auth,alta,success
15.544038209654909,6.602785184440174,390,2,76.84488983708434,13.998134623274007,Alpha,auth,alta,success
12.119385820227501,9.911219184275891,350,2,76.4026145148091,22.467840067034057,Alpha,auth,alta,failed
14.207502679795136,7.4656903996029875,337,2,72.53988184966147,9.383574032934405,Charlie,auth,media,success
10.883164775806907,9.370826780514438,345,2,88.42375712934881,0.987586373980347,Delta,ui,media,success
11.132176416589537,4.743044100504541,353,0,68.93340613460168,14.180297199636698,Charlie,api,crítica,success
10.11674764432362,9.023816462709968,326,5,50.71604155469686,29.537783882503803,Charlie,ui,media,rolled_back
18.344830815779346,12.234028043298174,351,2,58.562941855052486,16.096841264516115,Alpha,auth,baja,failed
19.459887193981615,8.4707838020203,364,0,68.25627794256434,7.029277704656124,Bravo,ui,media,success
13.348220588291637,10.53011015691861,347,0,89.05066909850575,43.314238918791396,Bravo,api,media,success
10.484090407972678,8.20718461887967,379,2,66.333052868722,33.04578544098645,Bravo,auth,media,failed
14.648274672891795,9.958993118901418,342,3,70.0324178300798,17.10951382168904,Alpha,api,media,success
23.967614773250496,7.250881869029539,330,3,73.78974948776886,10.833629474043846,Alpha,api,baja,success
23.16525268300196,7.164768581065477,358,1,63.11906634946354,39.99025426603375,Charlie,ui,media,failed
8.12079865311419,8.841827352449794,372,1,61.630547309760004,6.059512875974178,Alpha,database,alta,success
13.572373375510452,8.976848396933573,358,2,77.24102188134566,17.02543808418351,Bravo,database,media,success
21.133121968649178,10.51225113470711,349,3,51.71157961944118,16.893972676035485,Delta,auth,baja,success
14.847023613559053,9.895481449866876,366,2,94.36557761509903,86.25574399026777,Delta,api,baja,success
21.3896529693057,6.521778346898761,341,1,59.47794292704202,17.443220122640422,Charlie,database,baja,success
13.66565842676047,7.402491194811224,351,3,52.127028377726674,2.5397191867232323,Alpha,ui,media,failed
17.419943695661512,7.596110754834798,343,0,76.87507351045497,13.980877384543419,Delta,ui,media,success
15.896964957001005,9.29535381696151,346,4,52.600142733426765,18.74046968567877,Charlie,auth,media,success
27.91627798192023,5.165508068841042,363,2,54.54569168621674,10.872834920883179,Charlie,ui,baja,success
18.681810267090082,9.985068121690784,357,0,91.35914968093857,5.376055430620909,Delta,auth,baja,success
10.173843723136315,8.077146166060814,362,3,66.21960507705808,15.121886797249317,Charlie,database,media,success
12.584475323346927,8.254702461036981,345,3,78.00449347239919,79.04390270888487,Bravo,database,media,success
16.480941138488248,9.503072284492827,389,1,64.60407211445272,18.027996516709617,Alpha,database,crítica,rolled_back
7.395997413281574,7.8743757366782905,356,0,71.2788391020149,34.80120353030691,Alpha,ui,baja,success
7.782360220147031,6.594737690626302,346,0,66.86623219400644,5.28175338730216,Bravo,database,media,failed
10.512709574579123,6.560877854509474,328,1,83.77126186038367,30.36758550155669,Alpha,ui,baja,success
13.608281573763442,6.8944248417734455,309,3,93.72465768363327,65.41777757997838,Alpha,api,baja,success
19.95560859452792,8.565242941454624,361,1,81.94186322391033,1.4439026166740838,Delta,auth,media,failed
13.903209740590885,5.154546128547309,345,2,81.52939874795265,16.438182413578033,Charlie,api,baja,success
15.649522862232772,5.473303298357555,344,1,74.5538555784151,9.417054251440149,Charlie,api,media,success
14.74157236098775,9.7557700035882,345,2,76.3631133607123,0.7001387625932693,Delta,api,baja,success
12.17905161189943,6.484405714641145,330,1,50.52209054934792,18.513266532604984,Alpha,api,media,success
20.448789075003962,7.139964678552759,346,2,62.34532169881277,9.13329678028822,Charlie,database,alta,success
10.613947247666733,12.444292258812146,383,3,87.46272043441422,36.82540299846096,Charlie,database,baja,success
14.086265925812434,7.188242182233939,346,3,83.81880726316012,51.54742978665087,Alpha,auth,media,success
13.608687677558924,7.2350456942233,343,2,66.1897215177305,13.12462978810072,Alpha,api,alta,success
17.128514478026933,9.06138263350909,346,0,75.16027475823648,63.79209632869092,Alpha,database,baja,success
21.428938249044748,9.675646682531312,383,1,64.03199373860843,2.761674754321575,Charlie,auth,baja,success
17.055258104466375,9.591463609813328,383,4,83.13395866774954,10.327746156603098,Charlie,auth,media,success
20.529492642292112,13.387890339979089,335,0,51.25013855169527,53.89992946903736,Delta,database,media,success
18.05238819419961,12.12069859039892,341,1,71.12477465067059,34.692172782102645,Delta,api,baja,failed
12.501661821463554,10.481863277529872,373,2,69.22115196706727,19.922532073145202,Bravo,ui,alta,success
15.326175201715948,5.441949964031675,366,4,69.6942329313606,6.626003377139568,Bravo,api,media,success
20.504316445459075,7.430143897165838,324,3,82.67947051441297,0.5251021273434162,Delta,api,alta,failed
8.754936855371835,3.8532201615098876,324,1,61.606783147435635,38.17529814906155,Charlie,api,alta,success
16.299082642378796,5.206556967719878,354,1,84.3616851628758,4.725757669306123,Charlie,database,media,success
14.372838732191049,8.48297298827097,320,0,73.56028950307518,14.335123211145401,Charlie,api,alta,success
18.51113544293741,8.929893743090323,366,4,78.26071387738921,2.553077228998807,Delta,ui,baja,success
18.000666300722553,5.885976125354293,340,3,93.43185834935866,12.332480516284704,Delta,auth,baja,success
16.20421361537132,7.190391123099175,351,0,76.64737028884701,0.11627242680236433,Alpha,api,baja,success
20.97124446891724,11.103992901651711,352,0,93.34907568758354,5.451695524502107,Bravo,api,crítica,success
8.898024799321199,8.039375469142195,342,0,86.03337404783815,27.68481925065209,Charlie,ui,baja,success
18.642870233944087,10.408433598291797,312,0,67.84292959491722,4.63145796176405,Charlie,database,baja,success
8.681871888569844,9.002262829486398,350,3,78.5090065211989,8.844215721704996,Bravo,database,baja,success
17.350865028474324,7.374963881322325,334,1,54.37598112388514,47.04230975903092,Charlie,ui,media,success
15.358569184002898,6.442214740259169,347,4,67.9886592074763,7.5271724089980125,Alpha,database,baja,success
18.869046627799356,8.96491957244398,357,2,82.93281088699587,13.539200261235237,Delta,auth,media,success
15.315249411659293,6.728316798883491,344,2,70.94997280510142,1.8446732014417648,Delta,auth,media,failed
8.72520065405564,7.835528259053281,359,1,67.33451864682138,92.42517877611067,Alpha,auth,alta,success
6.968707263935638,8.628734814962074,351,4,73.79948814865202,19.017764053230575,Alpha,database,media,failed
17.16389409695505,7.862418431392568,352,4,67.17492106021382,19.90370997329594,Alpha,api,media,success
14.706493607566298,6.083111747298734,350,4,68.03384361672215,5.358647457605359,Charlie,api,baja,failed
12.715926425767677,5.82991035048799,338,1,60.478798638796434,2.239252977906003,Bravo,database,baja,success
13.755726160585436,8.626688307840185,315,0,79.48722121422179,11.616812814027071,Alpha,ui,baja,success
12.31433973159454,9.2774193484891,328,4,52.821408443851396,46.2419815490347,Alpha,database,media,success
14.370638191676083,8.620599863696837,397,1,85.50809732754715,6.292750846340441,Bravo,auth,baja,success
11.274779716000522,9.022121855104672,351,2,54.92718041990884,0.8599342256784439,Bravo,auth,crítica,success
7.067962082119473,5.786666523784529,330,1,81.69397743768059,27.728540024643237,Alpha,api,media,success
14.121600783002489,7.448514050164909,343,2,72.6053255808074,0.5474489080875061,Bravo,api,media,failed
19.18110347784958,9.502993302393486,346,0,60.44202983845025,0.28185540641551143,Delta,auth,baja,success
22.50931826519868,10.820955577802218,348,4,54.36783286626451,12.548645451664925,Bravo,database,alta,success
15.010424783828665,6.152820925380999,348,2,50.93479396193288,94.92683854938261,Bravo,database,baja,success
14.677320261163338,4.681047261704693,356,1,55.833608848042786,15.339648004621267,Bravo,ui,media,success
18.85192912495948,8.228608237026293,331,3,89.57356883678585,6.0799245976305585,Alpha,ui,media,success
15.21428406618607,8.725018763899302,354,3,71.71120429062285,9.121427524834871,Charlie,ui,media,success
13.26040636435985,9.799391615801975,380,1,75.33946756855585,4.927529381233403,Alpha,database,baja,success
8.050810978630768,10.91050181461173,358,2,58.37854589452036,10.792708050459623,Charlie,auth,baja,success
9.945217600870262,7.888619190814656,353,3,59.02135693002492,7.2451798394322395,Alpha,database,alta,failed
16.625234048277093,5.314393494058256,370,0,75.12167471111752,27.451724878435428,Delta,database,media,failed
9.16138412888097,4.808565314788668,354,2,62.966627369169146,86.019476065959,Alpha,auth,alta,success
19.193829480618795,4.684527142543049,321,2,91.23245794791728,9.413302794098854,Delta,database,baja,success
9.614277842199186,7.934083104001944,336,1,69.89819044130854,28.95380511034041,Delta,database,media,failed
14.225717767546023,8.803300753869774,339,1,51.86046572052874,2.933936018496752,Charlie,ui,media,failed
14.990656171545297,6.712279687937549,321,2,77.99174323561601,67.32838969977824,Delta,database,baja,success
14.948681064531248,10.646215033022072,331,3,92.12756035034545,16.49494717642665,Bravo,auth,media,success
15.607789287937592,9.133391350400949,314,0,67.0554133830592,5.5203822478652,Charlie,database,baja,success
17.394044525604315,7.527813074806595,344,3,53.89876270550303,6.902099892497063,Delta,api,media,success
14.495150250806883,9.374074832016152,366,3,63.028243504231796,60.98203767533627,Charlie,database,media,success
14.005857736612898,8.903774346039915,385,0,83.9521796349436,47.904688013563735,Alpha,api,media,success
15.641309579618488,7.301826516358414,343,1,94.9335373332724,10.371669740828395,Charlie,database,baja,success
13.265432233610923,8.94006129755851,362,1,72.17427750350907,4.943519987234354,Bravo,api,baja,failed
21.14964967640108,10.595169091339526,346,1,70.62761905835941,34.891694022188766,Charlie,api,baja,success
6.319013693535691,9.629069730800119,398,1,93.60942750121467,16.47510964795947,Charlie,api,media,success
19.10801847716572,9.221018275343255,350,1,64.28985737380572,35.34283634818612,Delta,ui,alta,success
14.006068267240268,6.986402211812903,335,4,65.36236009560525,17.11038949984818,Charlie,ui,media,success
16.68928154332957,8.341249532017502,386,0,53.125580250052735,29.40334235775977,Delta,database,alta,success
18.950613174558697,5.894018125288895,322,4,73.44184975372627,16.453688241541386,Bravo,api,media,failed
18.342272688140092,8.70301900571462,353,3,92.89904724108055,2.4286218769848347,Bravo,database,crítica,failed
12.357912563817179,7.165970175786683,375,3,79.93536561843939,0.24590960517525673,Charlie,auth,alta,failed
21.256277973167343,6.3403138654215185,338,1,57.27157019660808,15.714709516614676,Charlie,ui,media,success
8.508096258833813,6.182080314703597,310,0,70.41829283465631,69.74390289965771,Alpha,ui,baja,success
18.45558549391595,8.11838345725274,360,1,90.99448585766368,21.52278634059935,Delta,ui,baja,failed
12.9535889062552,7.5464835428300265,351,1,72.00616666930728,20.685668661182216,Bravo,ui,media,success
7.330539898218394,6.264642124870278,382,1,57.41906676674262,22.743206306283763,Delta,auth,baja,success
7.536744605520206,8.147709433888085,343,1,67.33249954064377,53.682405751899154,Alpha,api,baja,success
15.980716253758754,11.459232275242254,333,2,68.00649517448619,3.290183410048485,Delta,database,media,failed
23.894137207632266,11.494457570364553,370,2,70.70738479029387,3.475549673764771,Alpha,auth,baja,success
16.093504256577862,6.528871087407547,351,2,60.1632248563692,1.619803190805607,Charlie,database,alta,success
19.52313917811313,6.674321778899672,323,3,74.87757959868759,4.703111652284861,Charlie,ui,baja,success
18.354677496240395,8.131905251667128,349,0,74.51941943028942,38.345733044515235,Delta,auth,baja,success
12.381538888487178,7.322874447093544,341,5,90.97223435644992,23.839756595475926,Delta,ui,baja,success
18.815843913917583,11.578302479975719,390,4,53.41557004372589,7.744380947202444,Alpha,ui,media,rolled_back
16.41180586195729,8.989311534922198,346,2,61.87809859518893,20.427397404658006,Bravo,database,baja,success
15.826397170598455,9.1370793412245,349,2,78.63743327674456,3.147929189847987,Alpha,api,alta,success
19.004452937240995,9.140652759843492,336,2,67.67822527093813,5.353696964360436,Bravo,database,alta,failed
17.989807966561106,7.416091609077221,339,1,93.00253135967068,21.15024986017256,Charlie,auth,baja,success
12.493700653107446,9.666637632485587,344,0,57.48473208397627,11.36910392716527,Charlie,ui,baja,success
16.580894743746857,5.259162419853068,358,3,79.7150630725082,68.62668335034486,Charlie,api,crítica,success
11.43132818381769,7.989657228934575,337,2,88.53158666752279,9.547994412481785,Charlie,database,baja,success
17.523273640367094,10.6572576164121,354,2,64.78552413056605,3.2112316600978374,Charlie,database,media,success
13.26917926686173,4.404163933537415,333,1,76.24772286391817,23.94746721435099,Alpha,api,media,success
16.808554576874066,5.924053945791815,346,2,83.30496580572799,29.743222630505855,Alpha,api,alta,success
16.471996180785382,5.764835605363098,327,0,68.70285452227108,32.92940861630946,Bravo,auth,baja,rolled_back
13.918450041352363,9.463405454970038,341,1,64.31494893622585,10.062828801126905,Delta,ui,media,success
16.862050470851916,7.9559085671946805,401,2,87.38616894232109,10.001169763505459,Charlie,api,media,success
17.297424902507878,7.49101887587871,342,5,58.009272338822484,11.288439184427261,Charlie,database,baja,failed
14.077200039370355,9.469657003747116,341,4,76.7502745683305,23.24958425659447,Bravo,ui,baja,success
19.688970033209806,4.368559963187861,363,2,68.59169803909026,8.563359182327986,Bravo,auth,baja,success
20.570810826932487,9.853241699523352,346,2,56.744890827685595,4.7533746510744095,Charlie,auth,baja,success
12.352034977161662,7.024651920295633,352,1,50.986168280942366,0.9201480969786644,Charlie,api,media,failed
11.890523173099943,8.751228492350053,337,1,77.38752678851597,1.0074275359511375,Charlie,auth,baja,success
17.05415431563512,10.009925308707162,357,1,50.264066295931116,81.59244560792085,Charlie,api,media,success
11.34675104783491,6.694542405625692,325,4,54.68619492021389,34.48600812054692,Charlie,auth,alta,success
13.202304778998798,11.428342762117037,335,1,66.10824926174246,24.565296425407226,Delta,database,baja,success
18.21173079641447,7.665231411995073,347,2,86.90191207220778,48.35914027489244,Bravo,database,media,failed
12.706092596075585,9.622849342968227,367,0,89.04260549810715,10.208824217319489,Bravo,ui,baja,success
7.287499328606694,4.752191815295915,370,1,94.87103755702265,20.41104559499531,Bravo,database,alta,success
17.657563335288593,6.256192609396953,344,1,82.66376553103328,18.616064893194313,Charlie,auth,baja,success
8.589839104822989,7.821124676158764,382,1,64.1188175464049,110.63085695496255,Charlie,api,baja,success
9.581598970184602,9.893227131915996,367,3,69.40038425615057,1.9717329740524292,Delta,database,crítica,success
2.9282692823284115,8.21519187390026,311,0,74.62663670186885,1.2439241409301758,Charlie,api,alta,success
18.32495128892025,5.176459869634394,366,3,75.35922543262132,24.866273715083892,Bravo,database,baja,rolled_back
16.004388355389377,9.13111725797037,357,4,56.98596876929514,19.406950435524276,Bravo,ui,crítica,failed
16.84917386376532,8.476726126742076,324,3,69.19127246248536,8.956463154405355,Charlie,auth,crítica,success
18.379168892892945,10.064964837147642,339,3,92.11688150186092,120.66533485839332,Charlie,api,alta,success
14.832113902713752,7.76066213669967,380,2,91.68104730546474,7.229887862724544,Alpha,ui,media,failed
10.577696377199889,12.398737734357777,364,1,66.29520391346887,8.943015892088248,Bravo,auth,alta,success
17.255102609323494,5.779264910192231,352,4,89.11704294849187,25.92566625673085,Charlie,api,media,success
20.21345902327868,9.219190492681825,340,1,73.05725028621964,34.22153781520129,Bravo,api,media,failed
8.99911624882137,11.22995128010001,337,0,56.82284072507173,28.668597712104614,Delta,api,baja,success
12.572043059523857,7.0835284649129955,331,2,54.56874163704924,1.1072081699967384,Bravo,ui,alta,success
13.83101973737369,9.29027556144506,351,1,69.56625690218061,12.132336708594018,Delta,database,crítica,success
9.841266626705588,8.709347626899545,348,3,89.21395041630603,24.7396608689673,Bravo,api,baja,success
17.776423395098796,7.2183394889775405,336,0,57.56982441060245,40.19367407529028,Charlie,database,media,success
12.603272388411524,11.325926212868103,354,0,62.38467607530765,4.462432477623224,Delta,auth,media,success
20.027626575886547,7.4510904820319634,358,2,61.523308989126235,41.751226099463864,Charlie,api,baja,success
15.214032054509453,6.391951536037695,358,3,65.43031227891333,27.343916124587352,Alpha,database,media,success
17.91237007068741,4.180701602458824,375,3,69.40171353169717,3.060788568109274,Alpha,database,crítica,success
21.24439227284243,9.830060381946229,361,2,63.852574040647596,21.03378856739966,Delta,database,baja,success
16.06249901438876,5.516300648909577,325,0,72.62090671109036,19.67030296649599,Alpha,auth,baja,success
19.306905036829068,9.15620618630588,342,0,61.556500466540456,19.17017387497931,Delta,database,media,success
15.842791726716982,8.857459696715358,348,1,56.96501302649267,5.6696189269423485,Alpha,ui,media,success
8.953305896710528,3.1108830600901456,346,1,77.53362469142303,4.892370390401761,Bravo,auth,media,success
15.0896090396545,8.257217769523521,376,3,58.83633294492029,36.549266202221496,Charlie,auth,media,success
17.87254482416841,8.165189322600439,368,3,64.14270386449061,33.79701009191094,Delta,auth,alta,success
16.95782807136908,9.55382622301575,353,1,52.62236158712767,3.2416287660598755,Bravo,api,baja,failed
14.30444661648692,6.18368635563708,368,0,69.16079828282818,6.414558404255359,Alpha,auth,baja,rolled_back
10.129202045326398,10.526763293013605,347,3,72.78203618479893,1.5566964894533157,Charlie,ui,media,success
17.585593474837847,10.086063515557068,348,0,67.13969640550204,54.70952228899327,Delta,database,media,success
11.334175886608442,12.705220136369487,373,0,80.41119925212115,24.70134396750241,Bravo,auth,media,success
9.992706230297735,10.927459815174835,358,1,69.71255602315068,0.1730721828734984,Bravo,database,baja,success
17.379710873622003,6.321592006851503,371,5,50.60006710118614,59.35949192638722,Charlie,auth,alta,success
10.068757339240694,8.146234038649997,340,4,79.13712146109901,40.03485579371658,Alpha,database,crítica,success
15.97745765962455,6.907567959494857,325,3,53.60205953125842,3.330041890884947,Bravo,database,alta,success
15.01108874137438,5.069888359323558,321,0,88.81364425760694,36.207684226240275,Bravo,auth,crítica,failed
9.687161255897742,4.288421803703356,315,0,60.8624400338158,26.173948063116942,Alpha,api,baja,failed
19.7187856473311,7.969490115202572,360,3,83.84853070718236,10.299503557384014,Alpha,auth,baja,success
12.628780003404284,5.638064355110745,337,1,87.2242997342255,42.67830589211999,Bravo,auth,baja,success
19.79991326534669,8.665023579828167,343,0,90.93238213681616,15.800735425204039,Delta,ui,crítica,success
13.099865281551462,9.617317043957726,314,4,68.95558155956678,8.563642680644989,Delta,api,media,failed
12.699771615396735,10.473287996374932,362,1,60.94424117472954,12.085277101820608,Bravo,ui,media,success
14.875095901566004,7.48896431575754,355,1,54.33027680614032,20.6621324250775,Bravo,api,media,success
13.567772016086177,10.214200593679061,361,0,81.57839409424923,51.81767718191472,Bravo,ui,crítica,success
13.573595689409075,10.268375576354003,343,0,90.06681491038762,17.23647281426697,Bravo,ui,media,success
11.489342466265096,8.751660519884826,336,1,68.7149253115058,4.489283724806521,Charlie,database,media,success
10.148411499288148,6.913349963323812,358,1,73.99038285017014,48.613137466679206,Alpha,api,media,success
17.453146474748134,9.905702577445062,370,1,64.1712882288266,25.95470607013402,Bravo,auth,baja,success
11.77518663415009,4.2710706300518195,346,3,59.60260261432268,11.345106549561024,Alpha,api,alta,success
9.49417228036442,10.677572079741957,341,3,66.32786879781634,7.420369606465101,Bravo,ui,alta,success
12.968608403345812,10.491469861915494,341,0,86.38874112511985,76.11406141116258,Delta,auth,alta,success
11.796258053050648,7.770639888815995,403,3,70.64888137974776,0.9361242088017678,Alpha,api,baja,success
6.22885725731973,8.507131593713254,320,2,78.0712457653135,18.05906941640883,Alpha,database,baja,success
13.836251402929301,4.504326988558615,371,2,80.99832616164349,13.336690697818995,Bravo,ui,media,success
15.668696484642071,6.632801167265875,361,1,71.86121477163397,10.200899250805378,Charlie,ui,baja,success
16.17876942594275,7.087116234430925,353,3,80.74276717263274,7.230997905135155,Bravo,database,baja,success
16.570965061682905,11.732522535613327,345,2,80.66946321749128,24.166613927965457,Charlie,database,media,failed
10.996625147996738,5.0007457128000246,365,4,64.4713259441778,15.32329685613513,Delta,auth,alta,success
13.697091520706264,6.05361762462958,354,3,71.8840486893896,12.864765666425228,Delta,api,media,success
10.96660477828463,8.528918400763986,352,2,89.51145672355779,9.68053174763918,Delta,ui,baja,success
12.458274071864935,8.501535066886657,370,1,86.95886452682316,19.76171362362854,Charlie,auth,media,success
10.16063724805063,7.5669859256762795,362,2,66.17491728509776,11.32379100099206,Alpha,ui,media,success
10.534144797389239,8.091645605572474,365,2,76.68866462539881,61.33594621415463,Delta,auth,media,success
17.51952465030374,9.55428572025049,371,2,85.7377620821353,10.278521787375212,Delta,api,media,failed
13.909913719285498,7.366660210936144,370,2,80.21733625675552,7.678566209971905,Charlie,ui,baja,success
13.964635326485316,10.162924983846539,353,3,87.82492052298039,0.08413405333369282,Delta,ui,alta,success
21.91823271956597,9.559362116096244,315,2,77.73419643635862,2.920843832194805,Delta,database,baja,success
14.766431338370513,11.48804733633807,329,2,87.31840734253637,12.178363021463156,Delta,auth,media,success
12.851744861564326,7.46960850219245,355,3,71.27069374662824,10.165605920426604,Delta,database,crítica,success
17.98914678466296,5.913586898856895,358,0,82.45365453069098,30.225918642168338,Charlie,database,alta,success
13.050968658441068,8.45922467344699,360,3,82.8047395660542,0.5534405261278152,Delta,ui,alta,success
20.49163112591802,9.8430894382858245,365,4,70.83781798486598,89.55601657813432,Charlie,auth,alta,failed
13.489310557415116,10.773002913572725,336,2,66.31496760295704,3.83650941029191,Bravo,ui,media,success
12.535389543526422,11.899657112588933,330,4,89.22214742517099,28.916587940340335,Alpha,database,baja,success
10.327499795701257,4.097651240465979,312,1,70.49152341671288,11.316774006178477,Alpha,database,baja,failed
16.314561434364343,7.215006159405838,349,3,57.72598176030442,18.33996667198466,Delta,ui,crítica,success
20.86604250976066,10.629604291417902,364,0,67.77470872970298,14.586631614714861,Charlie,api,media,success
13.57596181964435,6.047721841829484,356,3,64.9397853051778,26.516022450213725,Charlie,ui,alta,failed
16.045870567509724,7.281433922102819,342,1,57.803981341421604,1.7532242015004158,Bravo,database,baja,failed
16.333315420702924,5.55737848752753,341,1,57.66740209539421,19.798747791831783,Bravo,api,baja,success
20.688772961238172,6.3682133359890365,344,1,91.62063388968818,10.208488337695599,Bravo,api,baja,success
17.65550640266469,6.561328555193243,345,3,54.21314240200445,39.157105690176394,Charlie,auth,baja,success
10.705379377218758,6.333822546138279,357,2,94.00893490645103,39.165257332692725,Bravo,ui,alta,success
12.21239290133304,9.117742397065129,362,1,83.71884153224528,4.626614281457047,Alpha,api,crítica,success
12.015478172261755,3.7646325895900947,350,1,57.79509748797864,72.52266182590938,Charlie,database,alta,success
15.566291488528877,7.981683765947047,381,1,52.65472538303584,3.790060590952635,Bravo,auth,baja,success
14.984211117077388,10.90689302202111,348,1,85.27599452878349,171.9431719207429,Delta,database,media,success
16.471750004367063,5.279302351756141,354,4,52.140573407523334,22.32016440288153,Delta,ui,alta,failed
12.370628341211011,8.935595970444759,332,0,57.105161905055866,16.100810788571835,Delta,ui,crítica,rolled_back
13.494613319355793,5.669178481181065,346,1,88.01110985456035,30.72287050533801,Alpha,database,baja,success
17.96544024170034,7.4167377100737255,340,1,82.75592033402063,2.534957505762577,Delta,api,alta,success
14.60157297420612,8.32520507561764,363,0,71.83984266826883,3.4213556461036205,Alpha,database,media,success
12.38284048557162,9.94786524347623,349,2,91.45704522845335,3.398613697722218,Alpha,ui,media,failed
18.884657496245083,8.471926213996928,289,2,78.53678360348567,60.125307303622634,Bravo,api,crítica,success
15.053985246273546,6.578015374711596,324,1,56.473861747654155,10.130120135843754,Bravo,api,baja,rolled_back
11.33386133191382,9.507001318912973,334,1,77.31329799513333,5.30014032125473,Alpha,ui,baja,success
21.838754245046548,4.792282956531856,379,4,56.41376588027924,10.54039788640776,Delta,database,baja,success
10.327596040213379,9.473508611006473,311,2,85.68135139183141,8.556954313069582,Alpha,api,crítica,success
7.875854959389905,6.041414185342758,331,3,68.29916074406356,36.15193320612701,Alpha,api,baja,failed
5.987470205727131,5.686544760974726,370,3,53.57171343755908,19.942226349299244,Charlie,api,media,success
17.604503878186797,8.215896990874983,372,0,87.24725919193588,23.583379415442725,Delta,api,baja,failed
12.86866949758893,3.9184769640512123,353,3,59.91119792801328,0.8646225738557923,Alpha,auth,baja,success
13.897762572110867,6.605853208053057,332,0,54.26620018435642,8.809484470635653,Alpha,ui,media,success
16.158507890516184,6.357599716157557,369,1,89.73533724201843,49.10223917461454,Charlie,ui,alta,success
13.134063752836944,5.75168625797517,360,1,77.25750863435678,20.63607933271437,Alpha,api,media,success
8.567759300221251,8.374950568234867,331,3,71.86264445190318,17.065591423695377,Delta,ui,media,failed
7.200864815832049,8.21519601167978,345,1,55.74708069092594,5.944503067094251,Bravo,auth,baja,success
13.637200327076076,9.067626705893268,370,0,83.58988488325849,15.51849627122283,Delta,ui,alta,success
15.69890210932528,11.444802374385315,332,0,52.96525353216566,67.68413592776047,Delta,database,crítica,success
5.888889756891084,7.683814428096694,355,1,81.12932889605872,30.596278800552184,Bravo,auth,baja,rolled_back
16.162097923788334,11.976825545641791,403,0,75.27843635412864,82.73244040801164,Delta,auth,baja,success
16.689225429894456,4.356523491987984,361,1,83.90431585605256,33.62972098387299,Delta,api,baja,success
20.178949452826856,4.5792250074880485,377,0,60.940006480086595,8.440591670572758,Alpha,database,baja,success
15.658856074295818,6.002313968516663,346,2,75.13601728947833,42.45811816848336,Bravo,auth,media,success
15.819815363200942,7.467780700430489,337,5,77.02573142014444,24.987300596123035,Charlie,database,baja,success
17.418414506903225,7.820085230144106,338,3,59.99347761273384,95.00967741998579,Bravo,database,media,success
14.923436923324275,11.279375574385147,327,2,82.76977129280567,14.099816869944334,Bravo,database,media,failed
14.681142610484766,7.0910495643198725,331,0,70.96785326953977,13.415281053632498,Alpha,ui,baja,success
15.463937857611219,10.08076854444598,334,1,64.42068110220134,25.456415220086868,Delta,api,crítica,success
17.97669345619355,8.340425887525768,383,0,63.784367728512734,84.15313495191481,Charlie,database,media,success
13.27483758588923,9.743459593600456,365,2,60.98574488074519,15.127190228551626,Charlie,database,baja,success
13.001884192355062,10.261813207134773,339,1,69.38867152086459,34.00310856034081,Charlie,ui,baja,failed
11.539351692977155,4.332674303337557,353,0,57.80710545484908,88.10511995347883,Charlie,auth,alta,rolled_back
11.168970866912506,9.265337138432072,322,2,56.73366669449024,19.438355035071663,Bravo,auth,alta,rolled_back
16.30719988535455,7.09013281863198,362,0,83.46445757080801,12.447350364178419,Charlie,auth,media,rolled_back
21.1894889027407,7.0707534474228115,343,2,75.95294530619867,5.865233164255649,Charlie,auth,baja,success
11.124561724542279,5.855079980772382,354,2,90.55105918669142,28.60823837867663,Delta,api,alta,rolled_back
14.246238294962149,7.288789031033634,314,1,92.68533469410613,55.26241202349988,Delta,database,baja,success
10.879995354176327,5.322800090574852,353,3,88.55906585697085,3.4125987701117992,Charlie,database,alta,success
18.632345767441983,6.349309016123133,371,2,62.56926082773134,1.1469790912503577,Charlie,ui,baja,success
13.730472541167487,8.013615107133559,351,2,69.022981207817793,138.50842916158908,Delta,ui,crítica,success
15.716015866161689,7.495414490498864,369,2,77.04897201736458,3.120821513235569,Delta,ui,baja,success
16.39211275091671,9.4916704706303765,365,0,87.83372768200934,14.084943909198046,Alpha,ui,baja,success
10.78288391490224,3.489236093691005,363,1,78.0759328941349,34.443057639370544,Charlie,ui,media,failed
14.581022847557193,9.66388345244187,362,1,58.10202694032341,94.79878712686445,Delta,database,crítica,success
14.086629531621883,8.920125333925215,343,1,79.25578149734065,37.13144143965889,Delta,ui,media,success
17.701422249710156,5.393149610370288,340,1,52.44539198232815,5.980027813464403,Alpha,ui,crítica,failed
10.067021225974763,7.01902197681026,326,2,62.768539391690865,1.439257146661354,Charlie,api,media,success
10.200153822308884,7.332731175148334,345,3,65.49626931780949,81.46417128636476,Bravo,database,media,success
18.06346630646443,7.9174359717061025,354,0,68.29458287335001,10.824830576777458,Bravo,database,baja,success
12.647608554868093,5.823134146346103,343,5,72.44175794767216,16.591793037950993,Bravo,database,baja,success
12.358816680097696,5.580515953930405,351,2,70.25785903795622,47.44930618799744,Charlie,auth,baja,success
15.452054088789374,11.56932307264718,358,2,75.49939545453526,25.26004132110907,Delta,ui,media,success
13.718404801255845,6.1250144233259505,397,1,75.26948796003126,32.24028834599763,Charlie,auth,baja,success
22.46552598775515,6.307784113210353,357,1,85.32692788634449,30.426932460551555,Alpha,ui,baja,success
16.038125823071194,8.080431716454719,357,2,50.3127947205212,4.747005069960553,Alpha,api,crítica,success
15.64624028367228,10.019971323748656,362,5,85.74377092183568,6.66164991189901,Alpha,database,alta,success
18.724299637341417,6.07270205288178,345,1,91.88806129735895,20.63507457721739,Charlie,auth,crítica,success
14.760213002961516,8.551779794375422,368,3,53.713378654792905,3.1364094356025123,Bravo,auth,baja,success
15.1949588003098,10.375580633406432,304,6,67.15824567247182,20.124674185102275,Charlie,api,baja,success
10.708498397064146,8.306455055559766,359,0,83.28777169343084,25.10697238046437,Alpha,ui,crítica,success
5.82811427807731,7.589801921008232,336,2,86.24293577158824,0.604541078209877,Charlie,api,baja,success
10.171172599742631,8.680549627062462,332,3,63.765599253820255,4.711596887558699,Charlie,api,media,success
15.456437719188765,8.2166625885238,343,3,57.03211633255705,2.9859644137322903,Charlie,database,crítica,failed
10.866811683578494,5.971903949195321,345,0,50.983313540928066,79.41531672974486,Alpha,ui,media,success
17.755231009368252,8.6198970399048,342,1,71.50116387638263,17.25833610344439,Bravo,database,baja,success
17.900332070699456,6.2502046348905225,352,4,63.46841237042099,5.003101073205471,Charlie,api,media,failed
15.869520843756353,11.862797923063894,351,1,54.01735725812614,25.007371789698894,Alpha,api,media,success
14.19337307352649,6.217151679301397,345,0,68.58565878355876,55.49024735088673,Charlie,api,media,failed
9.53724055764527,11.223021848146498,355,2,70.18070675199851,18.45535261083155,Bravo,auth,baja,success
13.764249565291362,8.865560542271345,347,4,93.13930151402019,14.863863039761782,Charlie,api,crítica,success
13.188388453851093,9.182080538543792,344,2,57.42193308426067,16.918764161498476,Alpha,ui,media,success
17.65291657807917,8.025017664959757,346,2,87.54898537881672,2.2352864325704833,Delta,database,baja,success
20.234518146994787,5.209746654231452,360,6,93.62678371951915,8.19752407660579,Delta,ui,media,success
17.004161239577993,7.926551010627093,358,2,81.44712253124453,29.57504063743859,Alpha,ui,media,success
10.486845859210533,7.548361967738731,321,2,53.81494297180325,47.32181592083989,Delta,auth,baja,success
21.683989221592665,12.745610710032505,367,3,90.32079062075354,34.86103829539834,Delta,ui,media,success
19.041412129808496,8.776491395523793,338,2,67.0169877843,42.93149998582421,Alpha,ui,alta,failed
15.894084863497833,7.7724254808009,342,2,91.80306818103418,16.717839918022445,Alpha,api,baja,success
6.174061627161512,8.158048841394686,346,3,58.0110566993244,19.016904226427368,Bravo,api,alta,failed
11.181657525787369,12.153072611077315,385,1,73.29569726367481,14.384984392672777,Alpha,ui,baja,success
14.725707731159053,4.7792437176534275,354,1,52.34098897664808,6.509807579219341,Charlie,auth,baja,success
18.045223606261082,7.836782090094953,354,0,55.34596368786879,4.913296910690595,Alpha,api,media,failed
10.280383200166838,8.302604088586982,309,1,88.93999426043592,13.952484883368015,Alpha,ui,crítica,failed
27.844795827069156,8.572529874860457,353,3,52.8787587035913,23.577473132794193,Bravo,auth,media,success
4.784700596196691,10.760989915078017,354,1,70.87064655730501,2.1772479079663754,Delta,ui,baja,failed
14.05626420266374,6.560790273329865,375,2,60.215144051471725,80.04045366837617,Alpha,api,baja,success
13.961749426954261,3.9223228925671947,353,2,71.65675253490917,43.72531302071629,Charlie,api,baja,success
12.346532333523228,6.945297738563915,358,2,82.12964211008511,44.34699390626965,Delta,database,media,failed
13.724037156695404,6.415059568940083,361,2,77.62654175516218,7.812724748875439,Delta,ui,baja,rolled_back
17.96958063028926,4.178253266103955,343,3,86.60222102189437,11.895553708796793,Bravo,ui,baja,success
11.502829296856909,8.390502754561375,326,1,83.3429197233636,23.06995705414324,Delta,ui,alta,success
6.668744934786886,8.266434738696626,319,2,72.79918566346169,17.14940246400321,Delta,api,crítica,success
15.37507161124087,6.106606095784571,326,3,60.07008991553448,3.590884208679199,Delta,api,media,success
14.992720751988818,12.293428945842301,320,4,69.91975826211274,2.4779963710141226,Charlie,ui,baja,success
14.947597390513703,10.928097599320404,329,0,61.452577345771715,4.086533006564892,Bravo,auth,baja,success
17.671872298232415,6.750725520147709,339,3,88.95303469966166,47.319264380107505,Charlie,ui,media,success
14.94732918819135,10.673094789646969,348,2,75.99109070841223,29.093571803455646,Alpha,api,baja,success
18.104188121905214,5.652139251154177,374,1,62.74625672027469,76.34820180728074,Delta,ui,baja,failed
6.957058669458977,8.293641402759649,356,3,58.103181316982955,21.38285370815306,Delta,auth,baja,failed
10.487278020112797,12.554321340555266,355,3,92.79780836193822,8.205456745091304,Alpha,ui,crítica,success
16.39519828634288,9.859772816609372,378,1,53.127331491559744,33.54805388845025,Delta,auth,baja,success
13.588406071612305,7.223803897977634,378,0,60.8514197380282,25.781409523372943,Delta,auth,media,rolled_back
18.77909839167049,3.6690384231521316,307,1,55.471160906599835,45.762063188324554,Delta,database,alta,success
10.981120589894145,9.451115915229016,325,4,64.4927502667997,110.4558817981785,Delta,auth,crítica,failed
17.895610929987384,6.339385237471348,373,2,70.85755757638253,16.93502765793114,Charlie,ui,media,success
12.324669036038543,11.36139873201942,344,2,91.68488521128893,59.32086740131703,Delta,ui,media,rolled_back
10.547839225136801,10.627528997749407,352,0,88.41804826748557,11.982265524566174,Delta,database,media,success
13.62877924253222,8.702754383276236,343,3,60.7252603082452,17.89728428723788,Alpha,ui,crítica,success
15.19911729267496,10.820387498066127,350,3,65.12761914520524,60.97846255894032,Delta,database,baja,success
10.089272153897857,4.928077170457157,364,2,55.83357873605564,31.83768600124627,Alpha,api,baja,success
11.94397635669021,12.347202874219676,324,2,77.6473757927306,50.320891146178674,Alpha,api,baja,success
10.015271753528474,11.235482300280495,358,2,72.63826470007189,64.78137056227055,Alpha,auth,media,success
19.06709591103909,10.459466928787906,360,0,69.40937870880589,49.593743650088896,Alpha,auth,media,success
17.894450496235454,8.933809235631275,375,2,74.71060023759492,74.14060948421812,Alpha,ui,alta,success
10.869891451579548,6.382833188046574,360,0,88.5043243074324,2.2090716809034348,Delta,database,baja,success
17.229384016491032,7.036849482183129,353,4,63.1718577130232,29.776829256599243,Charlie,ui,baja,success
13.977674307601912,7.192891697864779,347,2,61.83243197505362,8.454242661595345,Bravo,api,media,success
10.546432971413319,10.718621240624149,342,3,82.80691758263856,15.435495972633362,Alpha,ui,baja,failed
16.684789758459214,4.152583741387156,356,5,51.13843322149478,7.0583400540053844,Alpha,ui,baja,success
13.708198752614502,7.348663880709275,371,3,94.41846548579633,1.7506928220391273,Bravo,ui,alta,failed
18.52071960476609,9.128641895422625,332,2,58.29444526229054,37.96477858520566,Alpha,ui,alta,success
14.220545572896395,4.601909919195528,355,0,66.57749650068581,21.002674519007495,Charlie,api,alta,success
19.75221992841511,6.934092072664478,368,1,90.7306026853621,15.707296840846539,Delta,api,media,success
12.960941952928184,11.158533546662284,310,1,53.6240127205383,26.758528186862762,Alpha,database,media,success
15.878192043493177,8.339827757170303,351,7,94.3450829712674,4.603352397680283,Alpha,auth,baja,success
16.481177685458235,10.240897461693171,352,2,54.03111335472204,67.43856006457445,Charlie,auth,crítica,success
16.11643357492243,7.8480607081570914,375,4,75.21868544397876,28.59930192578345,Bravo,database,media,success
15.807769749253294,9.842741396746664,332,4,66.29713418195024,55.8721697747263,Charlie,database,baja,success
14.948013830274624,9.121308655846388,349,0,56.78932984475978,28.698096065705116,Charlie,auth,crítica,success
14.63653997569004,10.144714325348534,364,3,93.35250032367185,0.7696550230382345,Bravo,database,baja,success
20.460125461275368,8.06158685459306,335,0,86.76883438718505,11.991112268997478,Delta,ui,alta,rolled_back
18.632522275532665,5.983493610260669,354,0,69.33617489645258,17.085857658570102,Charlie,database,crítica,success
12.560447314392377,5.282856948879641,335,4,79.68400193960406,5.641769338399172,Charlie,ui,baja,success
20.58574888487781,9.523812309415533,369,4,69.23836377565749,0.9891011020534325,Alpha,auth,baja,success
15.579193493233783,7.153891744414088,358,3,93.54209659504704,2.9240896850824356,Charlie,api,baja,success
12.437572913618792,6.365372663499337,350,2,51.44491083687171,0.3700582757592201,Bravo,auth,baja,failed
15.679209038234136,9.377054938046557,345,3,55.32728549675085,92.71943462880995,Delta,ui,baja,success
14.371250050316624,8.783432488589849,368,0,83.78728489507921,6.788028089044292,Bravo,database,baja,success
15.403758378184417,5.693920926616876,335,4,92.58738690637983,0.352709660527567,Bravo,api,baja,success
11.106423383406879,4.642276897906809,356,3,91.33361211745068,4.4823457912642475,Bravo,database,media,success
11.720698898987205,5.044207063692158,365,2,86.92262106225826,23.526170007721078,Delta,api,baja,failed
20.451675876101703,10.989879818615572,372,1,93.09948570327833,54.06735630030957,Alpha,ui,alta,success
18.845483722125113,8.915457947051536,358,0,82.73522017640062,6.458384658640148,Charlie,ui,media,success
11.465102102395543,7.456784002908096,349,4,55.173705173656344,38.508085118661995,Alpha,database,alta,failed
11.399631538254713,9.042548098484462,338,2,70.50756653654389,38.82424489952145,Bravo,api,baja,success
21.89333253118732,7.810990248727514,345,3,70.21498312009498,19.714440508668712,Delta,api,baja,rolled_back
22.636168648515735,4.992827871636287,375,0,70.94484488246962,8.632208195306887,Alpha,database,alta,success
11.891435216578946,9.746100416305982,354,2,55.886417666915804,24.999467365191606,Bravo,api,baja,success
9.790778949547573,9.892671806328435,354,2,86.4101116778329,1.2282938361167908,Charlie,ui,baja,success
25.493980667274716,5.316631510197333,379,2,62.86719038966112,8.487519034034035,Delta,api,alta,success
15.918515657387228,10.817320894402082,383,4,58.513021712424234,7.878462838719846,Delta,database,media,failed
15.746999568567542,7.714322261315402,341,4,94.92582072271034,41.81171482599793,Delta,ui,crítica,success
15.304546539801121,6.4823468188389555,364,1,55.610142479417846,32.51049897718936,Charlie,auth,media,success
20.61944074528533,14.495952534148497,330,2,80.62115610926412,1.1929395399450757,Delta,api,baja,success
14.233111058654732,7.65757666475414,362,2,70.47360941418447,28.096051878218944,Alpha,api,crítica,success
20.837568656624367,4.618185468718339,362,1,84.34837085544132,5.0814217299146245,Delta,ui,media,success
14.117378195461836,8.191318154152128,312,0,90.63298803637736,8.006038058549166,Charlie,auth,alta,success
17.020583545092563,9.220301221348342,340,1,61.93244001362473,10.357401106506586,Bravo,auth,baja,success
10.866011975708485,10.234574524626435,371,1,71.63699001888745,1.2560231499373913,Charlie,auth,alta,success
15.681893885836878,8.762307794744661,370,0,59.36286334646866,20.745421224256766,Alpha,database,baja,failed
19.802672643567703,7.774278545612224,352,3,81.01905792951584,7.223861373960972,Alpha,auth,baja,success
14.346376340937056,6.845918452194055,359,2,62.017204869771376,22.374116151516727,Alpha,api,alta,rolled_back
20.129903452490552,9.210950367891137,331,3,75.78368825721554,29.402076444511707,Charlie,database,baja,success
25.90878555164507,6.614273161712893,348,2,88.69074595393613,32.834558798854644,Bravo,database,media,success
18.767696869323697,9.804874247300022,354,1,84.12139016436413,9.57278510928154,Alpha,auth,media,failed
14.005543850881766,7.242420460519735,373,0,59.44375345832668,4.241815457250716,Bravo,auth,alta,success
15.38591543882594,3.807731672028395,336,0,66.64242278551683,14.773544233292341,Alpha,auth,crítica,success
13.264276234793043,9.6606657209947,344,2,85.29886781005189,31.991159544998602,Bravo,database,baja,success
23.714671469806262,7.448366024645968,345,2,82.30056528234854,32.990077524369056,Delta,auth,baja,rolled_back
3.1648815234795045,8.051066784251159,341,4,91.90395569079556,14.961194224655628,Charlie,database,media,success
15.323552956796455,11.231420907495837,351,1,72.19435320934281,95.29573036226179,Bravo,ui,alta,success
15.440551218468885,7.65164523339609,365,1,50.90193062555045,19.531647614906394,Charlie,api,baja,success
15.85379330525061,8.472491188601106,375,0,56.126841977238655,15.210223719477654,Charlie,auth,baja,success
8.768721549470712,8.29901250845727,342,0,72.0548057637643,0.32538747042417526,Delta,api,baja,success
15.86484618503103,11.07118729266952,329,2,80.38982128142379,0.2357333041727543,Bravo,api,alta,rolled_back
15.75065526810576,7.380427319601868,368,5,70.52848144900054,22.95538920063286,Charlie,auth,crítica,success
20.0344885008544,6.396332198003684,348,2,92.11295287241228,7.43359799494909,Delta,database,media,success
17.094071123635857,6.520370084873783,364,4,93.00438227248378,3.81055511534214,Alpha,auth,media,success
19.461817109919835,3.8054449203042076,342,0,90.04618743434548,1.64214251562953,Delta,api,crítica,success
11.169991031318123,4.262136284934082,360,5,88.51344938157126,1.3307855688035488,Alpha,api,baja,rolled_back
14.502377680578272,10.604020061044572,356,1,84.01320651173592,11.025788124650717,Alpha,api,media,success
15.766951316199872,7.893231837019585,364,5,50.10458661126904,13.561896957457066,Alpha,ui,baja,failed
16.088869002413386,8.152422541130607,345,3,59.57842537085526,15.361732441931963,Alpha,auth,media,rolled_back
12.224742145306982,8.461149719341043,361,1,81.35896182036959,39.4564593563181,Charlie,api,baja,success
20.916687683408533,10.409564449710702,375,3,58.56626310036518,7.17203816611115,Charlie,ui,alta,success
12.552931913428916,7.4463392667970965,352,6,93.0696130299475,38.10989136792241,Charlie,ui,baja,success
8.542760102562596,7.661306269549966,370,1,77.75227380217984,41.63019759778764,Bravo,api,media,success
16.60996044236268,9.868391180796795,364,1,67.13688937947154,85.97267130058904,Charlie,ui,baja,success
17.65822178915794,10.250750808423184,364,1,56.04498562053777,7.503581167997701,Alpha,ui,baja,success
18.776508283979748,9.957064602119507,394,2,93.61341051873751,33.9283617565733,Bravo,api,media,success
11.214956809166846,5.682646307497677,343,2,53.489048153860494,31.890789649372394,Alpha,auth,baja,success
14.006846203044416,8.398148709942024,356,0,71.40873963711783,1.6046545040807558,Bravo,database,media,success
9.68625412584369,7.1054758412473795,350,2,88.57382868300192,53.205123823836715,Alpha,database,media,failed
18.379054968395668,7.0961580287189525,351,1,85.01156250946224,42.043745323514656,Alpha,ui,media,success
16.39078692975459,8.57115401244128,336,2,92.7128941717092,5.249495379478326,Alpha,database,baja,success
18.655050345724426,11.090095153510461,364,3,58.73907564789988,23.015968251059824,Bravo,ui,baja,success
17.433098213522726,4.563407960585419,357,0,76.43092574435286,4.94687008112669,Charlie,ui,baja,success
12.569808048782052,6.322659012857223,379,4,83.49546358222142,4.535110775381327,Delta,ui,alta,success
15.718632283487377,7.948394713090565,333,3,68.09143448946998,25.06116230685025,Delta,auth,media,success
7.366362322330492,7.234443649645865,344,2,90.11989262071438,42.18391933835564,Alpha,ui,baja,success
17.011785030756382,9.701861662538679,368,2,62.497071215184405,33.74469576438123,Charlie,ui,alta,failed
18.875596613914,7.601755745551304,345,3,80.81544692744501,10.876903552561998,Delta,ui,media,success
11.49705149690669,7.046574737790337,353,1,62.98080536886118,35.189417255888564,Delta,auth,media,success
6.455901845207979,10.82684143547228,340,1,57.514305502409115,9.412120517798606,Bravo,database,alta,failed
8.908689673659948,9.865062513972553,370,3,54.76149347494356,17.462902588937112,Charlie,database,media,success
10.547527168455716,5.9690063357560685,358,4,78.72599980793893,5.6668835654854774,Delta,database,alta,success
19.963935582143588,4.447562739750595,348,3,64.23742599203251,0.443111814558506,Delta,database,media,success
15.013927740251962,8.468660966505354,363,2,83.1321048841346,15.000927809625864,Bravo,database,baja,success
10.048821656027737,12.800972606123741,373,2,92.4817210517358,22.478513996549875,Delta,api,baja,success
17.2227964755921,7.0173823253268575,353,1,72.46343489037827,34.35163926586119,Charlie,auth,baja,success
6.267402602560411,5.230673876550309,332,2,92.54429363529198,11.41346726194024,Alpha,api,baja,success
14.011902171611007,5.853184116013582,347,6,58.648122526938096,36.519765118368326,Delta,auth,crítica,success
19.451427710345783,5.347212522550338,305,1,90.54363680188544,16.005309015512466,Charlie,database,media,success
13.633307051963655,7.3068965446738225,307,1,72.12319012847729,8.670456659048796,Delta,auth,media,rolled_back
20.22175336856427,9.937134119952272,366,0,70.57615057914518,43.803306875596626,Charlie,database,media,rolled_back
22.181295485763172,8.621056381771776,329,1,72.39922531065531,31.191344751899535,Delta,database,alta,success
10.32865909010621,10.050513598493334,376,3,86.42858251114376,16.299165464937687,Bravo,database,baja,success
10.390849500071932,10.345080203701784,345,4,94.07012569135986,9.423658546060324,Charlie,auth,alta,success
11.342178122617403,8.479358404534644,361,1,91.16958391969092,56.515626263574035,Delta,api,baja,rolled_back
17.114912130134517,8.7178226008866,368,3,72.93214660952799,10.463602556244084,Delta,auth,alta,success
18.34031570819433,6.057075047915726,337,4,90.46537508722395,30.44614288855105,Delta,database,alta,success
19.836547896366124,9.330737340419715,329,6,72.60439952719025,8.16116351634264,Delta,database,baja,success
20.197890181443263,8.164604158960605,369,2,63.53301285067573,4.3559978529810905,Alpha,api,baja,success
19.302929216839573,6.4516850050099865,385,0,73.9310476614628,8.216782305389643,Bravo,auth,media,success
18.75920409405719,7.316977181693385,363,0,87.94951226445846,10.403614865651033,Bravo,api,crítica,success
15.653498773627064,8.416837210153153,340,2,94.0054017980583,37.79633330134755,Delta,database,baja,success
11.447445765438433,12.841716748151644,334,4,53.620249927043915,6.99405101942231,Delta,database,baja,failed
12.095356068974597,10.562347404000462,322,3,58.52362277684733,4.065339672770543,Delta,database,media,success
16.630388022454955,6.167602886708724,363,5,60.176412345608696,46.296433831997724,Bravo,auth,baja,success
21.734145357007172,9.30876987225275,353,0,80.32815219368786,5.5475504047159445,Bravo,auth,media,success
21.823919294258452,6.241864311229795,333,3,78.7785588670522,11.587108310312033,Bravo,auth,baja,success
7.295333196695676,9.157829531502937,356,3,93.25090749771334,10.351167578964755,Charlie,api,baja,rolled_back
11.664007939086142,5.5007324917775815,341,3,81.84177427901886,13.018533624708652,Bravo,database,baja,success
20.676530065332756,5.14265223625897,348,1,67.13351025711745,63.627848309234054,Delta,api,baja,success
10.743561139923045,8.36333686323891,344,0,72.2554883803241,23.849188282077602,Delta,api,media,failed
8.545690110078208,9.835501497470172,320,4,59.28342328290455,10.144046511501074,Alpha,ui,baja,success
17.399244354789708,6.146021734206802,359,3,57.72258077166043,13.820940390229225,Charlie,ui,crítica,success
21.931858821548204,9.8948000222843,322,4,72.46235751197673,14.540343023836613,Charlie,database,baja,success
22.73801824983093,10.49040346619659,342,0,91.85020256671123,22.72333280591844,Delta,database,baja,success
17.131282302683175,9.314293917445262,376,5,65.61445550411008,5.87291264537031,Alpha,api,alta,success
17.878663024079138,10.235017214743756,357,0,84.35349724837579,32.12388226289063,Alpha,api,media,success
17.240373543020738,8.224155474105949,351,0,54.21329758246429,19.95805111426621,Bravo,database,media,success
14.927652273360131,11.492038050229372,350,0,57.133670853218064,64.08641065354672,Bravo,auth,baja,success
1.513043669797943,9.890660517629776,344,1,54.73094056826085,28.23131934452563,Charlie,database,baja,success
18.04281297903902,8.4183187619863,365,2,65.62648075865582,46.030368024793944,Alpha,ui,baja,failed
13.435092591027159,6.825792383684393,319,1,84.96377296280116,36.0362112054926,Bravo,api,media,success
19.0396048952474,8.360370511217514,336,3,62.633050453150645,8.056300822645426,Bravo,auth,media,success
12.492107411705003,10.46041025318454,329,1,70.46433934359811,1.6526856757700443,Charlie,database,media,failed
8.461690521992542,9.32461551090926,338,1,60.44021360576153,3.383757870644331,Bravo,api,alta,success
19.980970608121932,6.636151072169934,309,1,90.22727339179255,3.3407898880541325,Bravo,api,media,success
15.725509786221615,6.3602620104092615,321,2,78.68196158204228,0.8414097640165669,Alpha,api,baja,success
28.981217055942395,9.07256120922818,317,1,93.04432625300251,0.7182572185993195,Bravo,ui,baja,success
18.66236765330765,6.0354215105912115,353,1,70.74765682802536,15.773225896060467,Bravo,auth,baja,success
19.194026069704975,10.744851096582096,352,2,74.83193994732574,0.9509545598939604,Alpha,auth,baja,success
18.055299747739422,7.908991702119259,384,0,67.29050826979801,38.51948019660531,Bravo,ui,alta,success
12.586450492562403,8.385568692723895,353,1,65.05750081618316,4.837384320795536,Alpha,database,baja,success
13.518281349188896,3.635545151218807,349,5,85.29620421933942,1.0677507519721985,Delta,api,media,success
19.239303753334585,10.616192879945842,369,1,90.56074024294503,179.27189209049038,Delta,ui,baja,success
19.220442119357553,7.265965124961426,364,1,69.29140073945746,30.221610947435195,Alpha,database,baja,success
17.331888644481275,9.653914744775278,359,1,60.404629377881065,5.787309106439352,Delta,api,media,success
11.053730257841844,3.8988241587950565,385,2,86.08969935798086,13.499928385019302,Charlie,auth,crítica,success
21.73848724697592,9.083428942155871,315,1,88.20438558235765,13.848281063139439,Delta,ui,crítica,success
9.53263581726948,8.725978035239411,357,0,80.69557817885652,67.52952503754732,Delta,ui,baja,success
13.267142605555545,4.816840351132272,357,0,79.90556515520439,22.12566717613249,Alpha,api,baja,success
24.300233974860518,8.345664555490565,353,3,72.9649791738484,10.476154658943415,Delta,database,baja,success
17.096488724604367,5.454072690776749,341,0,70.42367755784653,27.667856543247993,Alpha,api,baja,success
18.88293366563436,6.264209147391204,329,0,70.20631920779124,15.456214986741543,Alpha,auth,crítica,success
16.507893588610457,9.252642210039228,339,1,53.12897289870307,2.68754867836833,Bravo,api,alta,success
11.016266413831374,7.788738717759563,346,1,73.07110115070827,13.707136413600043,Delta,database,alta,success
12.61006834780782,7.487357134112338,335,4,59.18282465543598,1.0878437720239162,Alpha,auth,media,failed
15.66100569232061,6.562535166815829,343,5,51.07369041652419,5.939674411169387,Bravo,ui,alta,success
3.2860912856897304,3.9597257720819528,353,3,59.099029009230435,8.54065903420918,Alpha,ui,baja,success
11.608343093685804,8.779226023052912,384,5,85.25366532732733,3.235161252186692,Delta,database,media,success
18.194338048893783,3.216015637862924,379,0,87.26519637042657,36.8690720487731,Alpha,auth,baja,failed
13.806176048139124,10.125131696354813,335,0,85.45066392980516,49.04641797936975,Charlie,api,alta,success
13.865554492218516,8.337351440394029,343,2,72.34138087485917,9.009144332259893,Bravo,auth,media,success
18.478077226595055,8.195504416822926,335,1,83.48945529782213,46.749192280541045,Bravo,database,media,failed
12.822578861204093,7.0515412007703855,310,2,82.42619677796029,1.8341456651687622,Bravo,ui,crítica,success
17.515212941510413,3.7327483578720413,341,0,53.54504724033177,11.32639029622078,Charlie,database,baja,failed
9.310662168218435,8.961803193692699,354,1,59.39973238389939,4.166070625378985,Delta,api,alta,success
10.089949466662867,8.612569369339706,378,2,90.73925837292336,23.17284071344643,Alpha,database,crítica,success
8.303577937022274,7.2177128817013845,341,0,69.11438435316086,3.923715054988861,Alpha,ui,baja,success
15.337593928979514,8.554889414837229,346,1,86.79203760111704,7.164510179311037,Bravo,database,baja,success
14.175497344118398,9.61767821090817,356,1,65.56996828061529,4.348801966756582,Delta,api,alta,success
20.767486561128237,8.950319785829102,377,1,87.19336096663028,16.20665391907096,Charlie,database,baja,success
14.832871586458543,9.308590774255043,378,2,80.84491334040649,0.6226080246269703,Charlie,api,crítica,success
20.415017911055116,8.980143170869924,361,1,68.80511888535693,4.911025062203407,Delta,auth,baja,success
22.780901103691335,6.753797682529813,363,0,87.02677461202256,6.2339980490505695,Alpha,api,baja,success
13.036247065167434,11.871910363114925,361,4,88.11354460078292,35.89487797290049,Delta,database,baja,success
16.55375629977845,9.117540479029694,329,5,91.20968991192058,15.237444050610065,Bravo,auth,baja,success
11.62042696325608,8.755279912003523,346,1,70.53865377907641,0.9031917430924765,Delta,ui,crítica,success
17.95196147148436,7.337065836036084,372,1,87.9599852010142,14.163174916058779,Delta,ui,crítica,success
10.680958674864552,4.57726388320647,359,3,92.63450713711791,36.85761540158052,Charlie,database,media,success
10.894104495025495,7.520656863731311,342,2,85.54079639958218,1.284976065158844,Delta,api,media,success
16.1551734463155,7.055114690048749,338,2,53.527187866857275,23.16384888701579,Delta,api,baja,success
15.3632452771487,3.9681175451747634,366,5,70.67245540907606,18.21163735437899,Alpha,api,baja,failed
16.05049270684489,9.586229374404278,342,2,88.98484526900575,6.380657011145539,Delta,api,baja,success
15.277339651165015,7.855513948327528,367,1,94.32147560291924,18.673106875305688,Alpha,auth,baja,failed
12.885424724572701,10.735577011165397,365,1,71.53124380274676,6.146313674747944,Alpha,auth,crítica,success
14.479191341924935,7.709167304799801,355,1,83.36494863266125,29.6798449088571,Delta,auth,alta,success
21.480634977423264,11.02004367328595,364,1,85.20438405335881,18.000675744575933,Alpha,database,media,rolled_back
14.928419506706117,5.68005590353995,349,1,88.7018388370052,40.83500164545594,Bravo,database,media,success
9.726042404202829,5.80903502224119,378,1,62.86793309962377,9.016152105444114,Bravo,api,alta,success
11.621759357674891,7.350722174365393,359,3,59.7280111303553,28.551923855130966,Delta,database,alta,success
10.592740510035576,10.216834565272134,345,4,94.26643035607412,11.009559755052791,Delta,database,media,success
11.399639427970007,4.9967640649634495,327,4,50.5650547076948,14.161953382194042,Alpha,database,baja,success
9.955664320710085,11.530835181166912,361,0,88.34928246331401,24.895669633687238,Delta,ui,crítica,success
4.496604390068381,9.141311395068058,326,1,57.96073907637037,7.79716582596302,Alpha,ui,crítica,success
17.676262996762294,9.127984146356638,351,3,91.85282302205451,41.41227865677602,Delta,ui,crítica,success
17.640166036923105,6.368169010277271,345,0,93.90725912060589,10.617324512396568,Alpha,database,media,success
13.997598258435561,8.343422839605745,378,5,75.52271268330514,8.179195281118155,Charlie,ui,baja,failed
12.104810732184724,6.5542854894928935,333,2,91.16607610369101,22.200460127477935,Alpha,database,alta,success
11.751273470682346,7.615081783859796,352,3,60.676752966828644,5.146421123296022,Charlie,api,alta,success
16.594937344073653,7.355993966991397,323,4,73.80381552618928,27.158776177947814,Delta,api,baja,success
15.906254295517508,9.704429538034038,384,2,68.36297269677743,21.894872612242988,Delta,ui,crítica,success
16.68657431901284,7.211286925726746,351,1,75.18915343214758,12.367560256272554,Alpha,api,alta,success
15.019351774896396,6.757663835536142,362,2,64.20350615866482,37.343740064913376,Alpha,ui,alta,success
17.475935660386074,7.971170933259779,355,1,87.74910304462537,22.776137216871074,Delta,auth,alta,success
16.72453577794371,9.208483984947785,313,2,73.11447078362107,7.6423975713551044,Charlie,api,media,success
17.233249480748892,9.695823257822264,369,1,78.60978263546713,1.6067187666506775,Charlie,api,baja,failed
16.983845122688034,9.297450193536651,367,3,75.8052048960235,14.536594346165657,Alpha,auth,crítica,success
21.647542963783117,10.60815648551096,353,2,82.84545120317489,23.11073510882236,Alpha,ui,alta,success
10.779861551181988,9.632149892575816,351,3,73.01674221409485,53.789744627431304,Charlie,api,alta,failed
21.033298747120018,4.640755002445369,340,0,93.37327484972775,4.020061057572573,Charlie,database,baja,success
13.663165373379703,10.845935200690665,332,0,89.94643421610817,39.51167249477921,Delta,api,baja,success
14.740077024726236,9.965747011778582,363,1,79.48483280139044,7.0853222739929915,Delta,database,media,success
15.324326154853612,6.971461982364966,380,4,74.25909700570628,0.6294306702911854,Bravo,database,baja,success
13.207140817844635,10.66932170389516,324,0,71.31191007909365,1.8532127290964127,Bravo,api,media,success
4.784772198936137,4.793440972222311,358,2,74.96045188396238,6.4935748524680506,Bravo,database,baja,success
13.748269859523942,8.062685286933005,331,2,80.14431602903642,2.3028402610210477,Bravo,ui,alta,success
15.16553260816119,11.3498466077668,348,3,62.02619012328796,31.632715812807376,Alpha,auth,baja,success
8.049087754649523,9.293547817041166,354,6,65.93050286406651,1.9815478423521888,Alpha,database,media,success
17.199758638793522,9.033744327260134,335,1,83.66566448588856,17.129603988578832,Delta,ui,baja,success
12.610905229626713,4.19578615840733,345,1,87.63296091114171,55.94843919272748,Alpha,api,baja,success
20.790967224146193,5.462487163178944,346,0,73.39022284606472,11.24126860499382,Bravo,api,alta,success
16.059472457057037,6.260458947289224,357,2,55.65682533197105,55.987079274609954,Delta,api,alta,failed
11.844868768870114,6.858729600121979,329,2,92.8000310540665,34.39273305035649,Bravo,auth,baja,success
15.670928882686114,11.30567284236168,352,2,59.46104145841673,13.835472922772169,Bravo,auth,media,success
16.03033243280504,7.7181763500493945,346,3,60.359325390309095,37.84703336742716,Delta,database,alta,success
18.648189469801235,6.6468915873187555,323,1,76.49013312999159,3.890157949179411,Bravo,database,baja,success
14.372510469780531,7.731282696718107,349,2,75.7753649330698,46.33727118171273,Bravo,ui,media,success
6.866497166211653,10.513939382421846,365,0,86.92879665992223,18.905170991287907,Alpha,auth,media,rolled_back
9.8013367076857,8.773307305334818,359,1,63.120858368929476,21.318750802237076,Delta,auth,alta,success
11.570997360283858,7.267668151689749,337,2,71.27742515876889,15.330041661858559,Bravo,auth,baja,success
16.705061178144764,3.6003227152392423,319,3,80.04769798833877,0.4842191154076526,Alpha,database,alta,failed
13.860654947660985,9.414465449147535,360,2,66.34712158935145,10.498293200017397,Delta,api,media,success
12.542525832120553,7.294428803962542,371,4,92.11724269902334,2.4234920376444706,Charlie,database,baja,success
11.620436671370069,8.497528260777264,382,0,57.12646615691483,45.285210369001014,Bravo,ui,baja,failed
15.614779828875488,7.729177866399621,343,1,90.62526635476388,1.9716795198619366,Bravo,database,baja,success
11.594270896887249,7.5547020174822865,393,2,74.06886060838588,10.443560667335987,Delta,database,media,success
13.408315708228459,8.899571541207955,363,3,67.25529077113606,3.4003058709204197,Bravo,ui,media,success
11.240091094876188,8.488040062581424,381,4,65.44215556234121,6.397864803671837,Alpha,api,baja,success
9.44698503432233,8.03129456646327,328,1,90.1482665259391,14.975852742791176,Bravo,database,alta,success
18.820738355453592,11.565863995969849,326,2,86.72770327772014,3.4054781422019005,Delta,ui,media,success
9.730018119870472,6.043557530352706,347,3,52.57758390973322,7.0256727039813995,Bravo,api,baja,failed
15.292116584638487,8.993996919752409,345,1,54.39883463433944,5.581183880567551,Delta,api,media,success
12.72725660572652,8.731484069406187,302,4,90.1702293229755,43.98632763124524,Delta,ui,media,failed
10.766197324864674,6.664284508319868,338,2,60.591657884651795,66.97192614867326,Delta,api,baja,success
16.037254153668275,4.7127109665224864,358,1,88.19608343299478,7.456306049070001,Bravo,auth,media,success
16.492538018076644,8.852239422078998,352,2,66.6886550898198,63.62155817146626,Alpha,api,alta,success
20.058667077136587,9.324998221398019,338,5,66.95591392694041,26.57718459415942,Delta,auth,media,success
16.30089998427306,9.448722005046994,379,3,65.173608500044793,34.718778533707244,Bravo,auth,alta,success
14.446130721966778,8.475646882115239,371,0,67.86317570484243,16.646237789576343,Alpha,database,baja,success
25.409875589119203,8.737657151907634,367,4,72.22982322331518,12.199064914137125,Charlie,database,alta,success
12.398862286048342,7.929406008966635,354,1,70.96274796756916,1.117800780571227,Charlie,database,crítica,failed
10.98726708674655,7.407653732739233,351,1,74.48645697790198,6.526679389178753,Bravo,api,alta,success
12.859544348502087,9.477014256587033,351,1,55.281404928537086,3.3358325511217117,Delta,database,baja,success
14.558341732892849,8.856470670438744,341,0,80.72219220921397,0.12261905272035875,Alpha,database,baja,success
17.401720677254293,12.05114455448653,369,1,73.21187372668646,25.37287919119725,Bravo,api,baja,success
16.663380238394726,7.493882866578306,357,2,81.90288755227812,13.45955664664507,Bravo,api,alta,success
14.576997413292032,5.495851445638821,341,4,75.49781130626798,33.45017813870247,Bravo,database,media,failed
11.573749847015515,7.048722489485118,354,2,80.09959205868654,53.00843025090178,Charlie,database,baja,success
19.50930933728865,8.579359614446284,360,0,74.66519958572462,40.394181457766905,Delta,auth,baja,success
18.665126485793813,9.493149049885742,355,2,77.17757144011557,1.9307374209165573,Delta,database,baja,success
12.102481629102556,8.20899686730231,369,4,80.86891402956098,24.08252875406056,Alpha,auth,crítica,success
17.74711635029897,8.814213396828634,363,0,74.16682674200274,3.2277846059113635,Alpha,api,baja,success
16.800343166578447,8.60296312094979,368,6,61.82273390353657,11.822674423456192,Alpha,ui,media,rolled_back
19.18088642442015,9.744077773137084,345,3,63.344314930727705,33.49101210863363,Charlie,auth,media,success
15.598516137749758,11.802401609223645,345,1,67.7751563442871,8.761663254350424,Bravo,database,baja,success
10.435731387197226,10.402073355128156,340,2,67.49248194042593,4.2983444374696145,Alpha,database,media,success
18.20999760967863,8.99732354237938,356,2,57.858406002633274,23.64969068991991,Charlie,ui,baja,success
12.085133876122216,8.655965302687232,355,2,60.722377855563536,44.948367832074744,Alpha,ui,alta,success
17.108837142913924,5.926264696435688,350,4,91.09824739629403,22.865802212530397,Alpha,ui,media,failed
21.693915088849238,9.256140482207847,352,3,67.73635526769795,7.624417964369059,Delta,ui,media,rolled_back
9.324687918916677,5.222014967870644,337,2,90.5810488818679,3.489051405340433,Alpha,database,alta,success
21.247643204675573,7.006314987391426,322,3,59.90835646283813,44.72904141045628,Charlie,api,alta,success
20.41264403567231,12.129248391005193,331,2,68.74796302290633,7.256259206682444,Delta,database,alta,success
12.885212893233769,6.997811807537451,341,1,66.87795892707072,9.258099518716335,Bravo,api,baja,success
13.994908898082887,9.04184605323013,391,2,61.41702767228708,22.509088722650183,Bravo,ui,media,success
12.256609254830009,9.08778662505718,337,1,53.335785085801035,53.009356398126826,Delta,auth,baja,success
12.718529390983514,7.086160389349654,345,0,65.93880052911118,85.03936938653138,Delta,auth,media,success
17.31852552618463,6.737258668499428,357,2,58.76119683147408,21.596294691263694,Charlie,ui,crítica,success
11.40416397899154,9.777070761683346,349,0,88.92256310791709,9.984052065207608,Charlie,auth,media,success
14.23868044834887,11.709961181108383,373,4,83.89129431801848,40.801161382713026,Alpha,database,media,success
14.424386490614156,8.355564621318013,371,0,67.9028299858328,4.007571829796669,Alpha,api,alta,success
14.613709394849778,6.285585187486017,350,4,93.28769019106403,8.611510546051951,Bravo,auth,media,success
15.725786862889427,7.995059271980651,365,1,50.35822324221954,15.179257269948721,Delta,database,baja,success
21.38629683674526,3.626908503641311,385,4,66.351160336053,0.2625775787022062,Charlie,ui,alta,success
13.19467304042617,6.53153108306153,330,2,92.19223826890811,31.602501018827255,Alpha,ui,alta,success
11.820479100796726,10.30574988977488,357,2,56.42386908060871,46.62863109804211,Delta,api,alta,success
18.16913739860917,5.084592959556719,330,1,88.71564323431812,41.38792589105187,Bravo,auth,baja,success
16.521889199044107,8.158266035545543,351,1,85.18825537525117,8.10527553409338,Alpha,ui,media,success
15.943151931969812,12.191953697835256,353,3,73.9487510791514,16.50825385004282,Bravo,ui,baja,success
17.36395305408164,5.805983126048641,355,0,90.36762781557627,67.0594882924759,Charlie,ui,media,success
9.352279191684445,6.757690183175298,353,2,57.97434729523957,6.333495928788832,Bravo,database,baja,success
19.25318316916446,7.731044672480143,361,1,50.04146105260588,7.7289327420294285,Bravo,auth,baja,success
16.815671515590367,10.252974579261327,363,1,56.28211256349459,24.395284897570903,Bravo,auth,baja,success
18.805251908079146,7.0143420347223735,352,1,80.02978347241879,10.5906433314085,Bravo,ui,alta,success
12.605929146393937,6.070999228089427,363,2,78.70890578604303,5.911674164235592,Charlie,ui,media,success
7.632239798615452,7.461536183109613,364,4,55.01122202258557,24.445701972908655,Charlie,auth,media,failed
13.061641867408264,6.867645600844023,341,1,81.24683404224925,51.95292232487826,Bravo,api,baja,failed
11.372612739906412,8.673818795500546,314,2,50.33739878097549,10.167318664491177,Bravo,auth,alta,success
23.891049789617508,7.731904682737228,346,1,88.05903537664562,12.660241417586803,Alpha,database,media,success
13.34613369449528,7.531335662088371,331,1,55.79247878631577,37.519199205408675,Delta,database,baja,success
14.137304613181422,5.625525736778286,384,1,87.66499159974046,68.8269032613503,Bravo,api,alta,success
19.251914080284603,11.462101046952467,341,4,85.66090406384319,43.92676806248246,Alpha,ui,baja,success
17.481386106320972,6.134842047641506,348,5,70.82571102771908,0.034029051661491394,Charlie,database,media,success
17.692266607515997,4.356551949445194,356,0,72.50556218903512,5.49891434982419,Alpha,database,baja,success
25.53483825179332,6.910135383058494,334,1,80.56260117096826,24.91744000363856,Alpha,ui,baja,success
15.664457594691882,5.944976989985106,364,2,89.6358911471907,14.191731926053762,Charlie,auth,media,success
22.620702150137042,10.633834792393086,349,6,70.20039659691975,25.068801999301044,Charlie,database,alta,success
16.014873605252333,7.7835834075979795,377,5,87.36550703761168,10.743117347359657,Bravo,auth,media,success
9.16391213098281,6.390237123860462,314,3,85.3611874487251,32.31652081656962,Charlie,api,baja,success
6.0910070348785865,8.572802853660935,349,3,74.69036467839032,31.661255410795505,Alpha,database,baja,rolled_back
17.5987342046709,8.753123290667217,367,2,61.9167704123538,37.5717821250063,Delta,api,alta,success
11.003000540925772,10.035787447828849,358,5,74.85934350057505,5.237418428063393,Delta,api,media,success
15.167889534705255,6.823012667746153,358,2,60.94791058334522,47.484566060672385,Delta,auth,alta,success
22.10817480016016,5.569352357368792,352,5,80.8911760605406,4.0153716914355755,Delta,database,media,success
16.388730709348827,9.966400116544163,321,2,62.87724931258708,31.38584677029162,Alpha,auth,baja,success
13.851610215400845,8.105430715721578,330,1,65.88625234551728,17.400776238163395,Alpha,api,baja,success
7.301693391563554,7.36000781424317,403,3,65.34295325516723,68.20321958864527,Charlie,auth,alta,success
11.79740356264035,8.638670660017498,328,3,51.55395122477785,56.70160607691136,Alpha,database,media,success
12.697528117093507,7.907097609112273,321,7,62.37254377338104,7.506536599248648,Bravo,api,alta,success
17.736822930681424,7.030448378437965,325,3,94.04240326955914,88.34278012308027,Bravo,auth,alta,success
16.933829390468553,6.964005249957945,327,1,61.654294750187546,0.6682844012975693,Bravo,database,crítica,success
15.05585363482952,7.594505303590258,346,3,88.11471124645323,15.179411262273788,Delta,ui,baja,success
15.720974938500483,7.292666309742344,362,4,88.53695548605174,31.560975014155204,Bravo,ui,baja,success
13.847507006766,8.269244003100383,319,1,92.77018275111914,31.573967656975086,Delta,ui,alta,failed
15.120908891560914,10.037150572381648,318,0,90.71887832018547,3.3319407775998116,Delta,api,alta,success
16.086696434117943,6.139930258424393,351,2,60.27311824960634,35.42649725980199,Alpha,database,media,success
16.796633709653705,10.181401057519075,369,2,93.97927014622837,9.227839402184589,Delta,api,crítica,success
22.31051063372156,8.91762199430663,340,2,61.67469615582377,27.407461537695642,Alpha,api,baja,success
10.551905156464748,6.258273892945557,357,3,69.98901422950439,1.0895751044154167,Alpha,api,media,success
20.899229726334845,7.312821829599462,393,1,66.84839378576726,1.9843651503324509,Delta,api,crítica,success
17.686049840577567,10.202733143722885,370,2,93.44592017587274,25.857924318795497,Bravo,ui,media,success
8.818685825142268,10.759377056977836,344,2,81.73824827186763,3.745992328662551,Delta,api,alta,success
13.89181108803558,8.571904039923982,370,1,56.025364433880895,13.776823908090591,Alpha,auth,baja,failed
12.48262803211208,7.624737402901219,367,3,79.04757280135527,31.324628188197906,Alpha,api,media,rolled_back
11.267998193520992,4.296547449950918,344,2,92.96158506069332,0.8910353020886372,Bravo,database,baja,success
8.848454063086965,4.3364482916094325,375,6,62.7748331008479,1.915498760579307,Charlie,api,alta,failed
13.023591801600219,9.202046579550025,381,4,74.35713873361237,4.920663335428295,Bravo,database,baja,success
13.258559938919214,8.542057267358082,342,1,54.99859122792259,18.883395568232128,Charlie,database,baja,failed
13.705821294879094,9.841169556390712,322,0,79.61318780784495,34.0161703956335,Charlie,auth,baja,success
6.755545524335259,11.087220359609187,369,1,76.34380794130266,7.055818118155003,Bravo,database,media,success
16.766010220382178,10.26959082159292,367,4,71.42938765930012,18.59588830221619,Bravo,api,baja,success
17.98540498626547,7.156456892522851,364,3,71.92647475050762,8.074545352803902,Alpha,ui,media,success
18.15857149529874,9.917949685712614,354,1,82.03331194585189,13.993785247206688,Alpha,auth,baja,failed
18.082962028158178,6.9562577730922435,365,1,56.34806836606003,38.289385376344306,Bravo,api,media,success
15.802025271321469,9.601224737908522,379,2,91.25177773181349,0.9148443080484867,Charlie,auth,baja,success
20.873400126711005,10.878476695962293,346,1,68.82133331033401,17.62395919013529,Bravo,database,baja,success
11.49417806423699,8.111022799773126,354,2,79.6112838794943,112.30558606377298,Charlie,auth,baja,success
10.09358122511556,9.673877257942491,345,5,75.4920955921989,0.1789809752888435,Charlie,api,baja,success
16.351351679898304,6.1180365096416125,343,4,79.87276257714257,10.683591954410076,Bravo,ui,baja,success
16.763296349016596,8.020022899222385,339,4,74.44426875328645,56.42023707623807,Charlie,ui,baja,success
12.013934193052927,6.268705043341033,340,1,64.61799007607624,12.73201419189935,Charlie,api,media,success
15.146424481727697,8.32419879994036,362,2,82.86393880029209,0.19579247385263443,Bravo,api,baja,success
16.293238496812194,6.795733396501871,390,2,79.51354398392141,10.93375737592578,Alpha,database,media,success
16.518704129606366,7.299007536479582,362,2,56.44478850881569,35.453108221568684,Delta,api,media,failed
18.506225983181448,7.043091937882242,356,1,62.391653538215905,38.71228503644838,Delta,auth,crítica,success
18.733551950278546,7.37490628761962,324,0,61.113794702105224,48.716251550088515,Bravo,auth,alta,success
5.284769909270327,6.443297516188492,384,1,76.2431739422027,15.47997260838747,Delta,ui,baja,success
21.91197609368466,6.680940135312701,321,1,80.91707574320026,12.106174719830632,Alpha,ui,media,success
16.824010585108844,7.485135374816161,339,0,54.81058280332945,37.95056587256013,Bravo,api,crítica,success
12.718558617017393,10.334752009979528,327,3,60.65584331401624,6.067996647208929,Delta,ui,baja,success
10.541502391288123,10.532838415460587,349,0,92.55857359035872,7.98238380253315,Charlie,ui,alta,failed
18.62025706225558,7.940114810068726,342,0,92.65141579322517,10.356420960277319,Delta,database,baja,success
16.312384061936534,9.252453473622628,344,3,62.70404007053003,18.970343228583932,Alpha,database,baja,success
19.312359840191288,10.28735657801481,325,5,93.33904868923128,64.40156109328595,Bravo,api,baja,success
14.758737785189997,6.500903893936899,368,4,55.07135957945138,3.6342550497598953,Bravo,database,media,success
14.0259249521475,7.464744540450587,323,3,53.88810559757985,16.98204830188065,Charlie,auth,media,rolled_back
23.965690242753105,8.922103926111,353,2,59.63525996543467,19.459534601094006,Charlie,ui,crítica,success
6.856028116576674,9.279128306648044,340,2,67.1949030039832,0.17275650054216385,Charlie,api,media,failed
16.56365786033135,7.522366557082511,344,3,52.41484760423191,12.577460657805204,Charlie,database,media,failed
16.539253371598612,8.531900615979731,332,4,92.83515564980917,5.461763542145491,Alpha,ui,alta,success
16.754782398165588,8.16385841976335,357,2,91.60707672708668,7.8302762793417795,Delta,database,alta,success
17.23256360818628,7.0646198620056655,334,1,76.09962359303609,6.806626488556365,Alpha,api,baja,success
13.894374468090216,3.5799564578815586,325,2,76.62498392281123,6.299965303391218,Charlie,auth,crítica,success
19.66515231592893,9.27192626853926,333,3,80.31696542282589,5.398856286971285,Charlie,api,alta,success
5.182891060250453,9.378700447453632,344,2,85.58607468614355,15.281435575336218,Charlie,auth,media,success
11.77773496218173,9.686278818564961,393,3,92.9932240000926,6.137641921652071,Bravo,ui,media,success
14.523421797519902,7.558142635485778,344,3,80.43590490124188,18.958400665705494,Alpha,api,baja,failed
15.652864936555174,11.464243016988943,368,2,72.46921566897072,53.72829306941696,Alpha,auth,media,failed
16.62591803105167,9.690391089824411,335,3,77.57466331706382,9.422462529358741,Delta,auth,baja,success
17.55735998257724,10.487518989386475,350,2,69.19609926524572,18.25947856249573,Alpha,ui,crítica,success
8.965929450510599,8.111718880650763,358,5,67.17417916748673,1.879471018910408,Delta,ui,media,success
15.030682417588107,2.1197218437271363,323,3,81.80802081595175,9.748148683458567,Charlie,ui,baja,success
17.09667208800154,10.005060758824726,356,5,63.68207911029458,16.072391498833895,Bravo,api,baja,success
20.305343486283157,6.628853808028231,360,0,81.92879525013268,35.81259923971711,Delta,api,alta,failed
14.545729062269743,6.016699166714089,353,2,62.89566451101564,28.83419280398398,Charlie,auth,alta,success
21.396597913587428,7.1575984280008935,353,1,86.40328879817389,7.327129068512827,Bravo,database,media,success
13.873887604287285,11.604871083419049,383,2,56.96671932004392,28.231238677089507,Delta,database,baja,success
14.800407444357974,3.55079501085753,337,1,68.71204696595669,47.75499544836102,Alpha,auth,media,failed
15.640856509284497,6.769228087910136,356,1,79.47750813909806,25.276982615321202,Charlie,database,baja,success
12.990477750378686,10.493919242326367,342,4,82.36250192043371,12.798081446439028,Bravo,database,media,failed
17.86375219510476,7.104808770251455,350,1,92.42380027775653,13.26226857304573,Delta,ui,baja,success
9.616850787347154,10.435456194570378,339,1,77.24568796111271,7.92383586242795,Delta,database,media,rolled_back
14.977425738791403,10.471856692728318,364,1,67.36685058102012,6.216756735218914,Delta,api,crítica,failed
12.837829801041867,11.92294482531688,340,4,79.52467447030358,0.7462521828711033,Charlie,ui,baja,success
12.811705036601271,9.73753513775781,362,4,76.23058508848771,6.905947771442094,Charlie,database,alta,failed
19.60578154817773,4.592261557972338,340,0,50.92104890849441,25.84292980927735,Delta,auth,media,success
19.208878727783638,4.004437125951993,383,5,85.97519742674194,37.40700343049584,Alpha,ui,baja,success
21.39210611481063,3.5135187801814523,333,4,81.40580414910801,20.819243101765203,Alpha,api,media,success
13.944812827566166,5.613632674854971,334,2,56.408473316114396,11.167156867682934,Delta,ui,baja,success
15.129603150187666,3.6864271481269233,384,1,55.18734096898697,3.22730663379771,Bravo,api,baja,success
8.793666769256365,7.264828413732691,348,4,74.96020854683593,16.061986047774553,Alpha,auth,baja,success
13.447282279901907,5.443957041665955,330,2,55.12419437174685,3.2519131361551343,Bravo,api,crítica,failed
22.056592488720515,4.035454645309406,322,2,69.16867874911986,0.9143318208597387,Alpha,database,baja,success
13.33388908974512,5.524666819924706,388,2,80.97737315343693,3.4944066926836967,Bravo,auth,baja,success
10.334645244842442,6.918215649809065,331,2,66.5468865132425,28.189257658009822,Delta,database,baja,success
15.167578264740424,7.561483835653798,341,2,86.15773662808351,65.17088792915669,Bravo,ui,baja,success
19.985956521038176,5.401795894421584,337,4,81.9987240433693,81.53947054936525,Charlie,auth,baja,success
8.688114783166611,10.899426406580774,359,4,81.86821629176848,1.1269584596157074,Charlie,auth,crítica,success
13.984718112843593,7.606493125555934,315,1,87.85619087866507,35.68539127505837,Alpha,api,baja,success
16.871322168202454,9.782532831018612,374,4,92.83691221382469,12.086853113025427,Alpha,api,media,success
22.91011997782339,9.382110796472348,352,0,80.1115610182751,14.299101557582617,Delta,api,baja,success
12.537576820625505,9.774674990210144,343,1,81.199441452045,0.9061450238007794,Bravo,ui,alta,success
21.077686404844375,7.785094517721088,319,3,70.0921062217094,24.79736712708013,Bravo,database,baja,success
13.268419225752762,8.020936909408707,367,0,77.4235520302318,25.493866546933944,Charlie,ui,baja,success
10.87592916775315,5.6062176140030076,348,1,68.17611781065352,16.84588789435513,Alpha,auth,media,success
10.46266200670917,9.464304441251448,337,2,93.18059939192608,7.322936151176691,Alpha,ui,baja,success
14.115607498489874,5.6943572641869995,302,3,86.14539397181943,3.0384631231427193,Delta,api,media,success
14.910341204384213,9.072111214778026,336,3,64.63559986790642,42.61341123081265,Alpha,database,alta,success
13.70839268790412,7.391177345495368,343,0,65.22693206206895,10.136401779949665,Delta,database,baja,success
19.208892638902164,4.619960673489621,353,1,62.705424960004166,14.26298525556922,Bravo,database,media,success
15.758164662780796,6.907046464314355,355,1,75.62174937454984,39.33309235967217,Alpha,ui,crítica,success
14.576689564536506,8.909529482178865,334,2,60.24998786393553,48.34379875458299,Charlie,database,baja,success
12.589782109869136,6.7009310467210375,349,0,57.11461337050423,6.394082820713508,Alpha,database,alta,failed
9.815936274951845,9.493796618006131,344,4,53.36406816262752,17.777322000747017,Charlie,api,crítica,success
7.162693445173792,6.01974041176728,359,3,60.77633879845962,29.122360751536156,Bravo,database,alta,failed
15.853646922084682,7.846705287318328,352,1,84.73625158658251,20.87037518519669,Alpha,api,baja,rolled_back
15.101343480444946,4.675867537676028,372,2,53.24613789678551,29.595354193966223,Charlie,auth,media,success
20.460092751439753,6.700257443568987,388,3,50.586152439936996,9.62621933966875,Charlie,database,crítica,success
16.164375232979427,6.275598031415512,339,3,63.365127416327596,12.203932599363482,Alpha,api,alta,success
18.18887080450436,6.850078702587433,353,1,82.43465985986404,30.94199225205689,Alpha,ui,media,success
15.163945497502645,7.488977240336599,397,5,61.42943870392628,5.056468952447176,Delta,auth,baja,failed
11.726703801496445,8.60879640758009,361,1,92.9455086227972,18.283328509812645,Delta,auth,media,success
16.158562572657708,6.766910637768766,322,3,67.04579292796552,34.785199908385856,Bravo,ui,crítica,success
16.35914844520446,9.389367994938656,334,1,81.75713637727313,5.245492340271062,Delta,ui,alta,success
11.730429076946269,6.189614359743926,312,2,93.44846542458981,0.262494067306677,Delta,database,alta,failed
14.88500273908768,8.915497172470735,337,1,86.902567736106,2.3042091988027096,Delta,database,media,success
23.003126604447978,6.95931112280133,392,2,87.32684524729848,3.2735670433715782,Charlie,ui,media,success
10.48293574686151,11.790688444642388,379,3,85.62463353620842,10.62183229252696,Charlie,database,media,success
20.888714368278894,7.8486912799644895,323,1,85.09392986888997,1.734481729567051,Delta,database,baja,failed
14.091724334060391,9.432042072379804,336,0,94.77641275385395,3.7215906120836735,Charlie,database,baja,success
20.92924238496804,9.679640490522582,335,1,63.30484007485211,1.322219045739468,Charlie,api,media,failed
11.627787302050848,7.000477755430258,313,1,70.53547570714727,42.02066751233875,Charlie,auth,alta,success
14.735218690176408,9.14900533852122,373,2,65.14795193448663,27.35727142441779,Alpha,ui,media,success
16.244933993431456,6.242874306732189,341,1,80.6183457619045,0.1897774301469326,Alpha,database,alta,success
14.549639086786344,10.270439372153172,327,1,69.49401505989954,5.657304257154465,Charlie,api,baja,success
17.63495535577058,9.732081639811753,360,0,75.3951361880172,21.97651638141348,Charlie,database,alta,success
14.332553999562041,7.903430441474596,371,5,86.08838601852767,3.183616687238692,Bravo,ui,baja,success
19.835493860640597,7.361412002046876,350,1,66.68598826159723,20.877829625194362,Delta,auth,baja,failed
15.68167773553689,5.06184179852653,366,5,62.783927706768736,2.4986991717071225,Delta,database,baja,success
17.769678544978987,8.61537880018889,304,2,79.06600781250745,2.28607315197587,Charlie,api,alta,failed
10.257812253764873,9.603758891938899,352,1,84.01106058736332,32.55945666778594,Alpha,api,baja,success
12.366442837211826,5.906113532207167,305,5,67.97533726203255,36.56345734240522,Bravo,ui,baja,success
19.358031795166205,9.32042980142058,367,0,57.80512386816554,6.0244674906134605,Alpha,ui,baja,success
17.035143764642644,9.476812920578183,350,0,85.60046508326195,9.078352812677622,Bravo,ui,alta,success
14.456373497598301,11.635228759566512,364,1,53.88340920675546,6.949741691350937,Delta,api,alta,success
14.56486905217243,6.344415406786474,317,2,55.80159532139078,34.62912301088012,Charlie,ui,baja,success
18.019600641818563,8.771504727886363,323,1,77.77522924705409,20.2675881568247,Charlie,ui,baja,success
14.104754713520135,3.6847718951141912,331,2,72.02610172680579,16.142773523926735,Delta,api,baja,rolled_back
15.299820683759696,8.239266742024961,358,4,94.20193946920335,13.148750077933073,Charlie,auth,media,success
8.4161807914,9.397634289744394,328,2,71.20186249027029,19.593569575732044,Charlie,database,baja,success
22.09603746062009,10.55647711610706,368,1,60.258998399367556,32.33337322521716,Bravo,auth,baja,failed
18.063871663906298,5.753608899744089,345,2,68.3899956382811,7.154534768667963,Alpha,api,baja,success
18.329151372043018,9.086791802752034,350,1,80.78008330077864,5.205667459591004,Delta,auth,baja,success
7.3781699101075215,7.923292226810453,369,0,75.35268382867798,2.100930684216792,Charlie,database,alta,success
14.916653295222343,8.80090123964406,343,3,52.91590306558646,1.1321317926049232,Alpha,database,media,success
13.36426435020713,10.173760118523683,321,0,62.72328622988425,0.718200109899044,Delta,api,alta,success
9.494454773692816,8.114906184455345,362,3,68.11792966444045,17.36246707934647,Charlie,ui,baja,success
17.909721497573024,11.371630386752159,376,2,93.05882891523652,8.394326336681843,Delta,ui,crítica,success
19.936523124948376,6.387274791738594,347,1,53.86023187194951,50.041417431786925,Alpha,database,media,success
12.787102376490132,10.66844887741538,357,0,62.27007615962066,8.473956149071455,Alpha,api,media,success
14.083239288285062,10.257037225954445,385,2,54.16707776719704,30.031670271342094,Bravo,database,baja,success
21.845847955689088,4.75167940208575,387,2,69.05589574715123,5.795940209180117,Bravo,ui,media,success
8.40076838681194,7.332112490015319,372,1,87.49813348287717,25.522164388482864,Charlie,auth,baja,success
17.976883141751273,5.576968695119149,334,1,59.65923942741938,0.5909932069480419,Bravo,api,baja,success
13.743914704076337,10.040048512203187,335,1,86.12816359731369,4.4215833514995095,Bravo,database,baja,success
14.538756634382185,11.511616368130603,399,2,71.63683795020916,62.405743402198226,Alpha,auth,alta,success
12.556102628911441,1.9252933968591375,338,3,50.541295344009995,2.8216968674316947,Charlie,ui,baja,success
19.386781516076177,12.369961632966765,364,1,86.34167339652777,81.92914187504884,Alpha,ui,media,success
10.491329555664965,8.28353376038326,335,1,92.3288162262179,3.66972537336704,Delta,api,baja,failed
18.850437969753187,8.274708616341744,325,2,58.74594830558635,6.768184106668192,Charlie,database,baja,success
20.625856064927554,5.209414503130809,364,4,67.23639369709417,16.63868509099784,Charlie,auth,media,success
8.433401964401199,8.258609362117209,349,3,87.47414352255873,14.295030880719423,Charlie,database,media,rolled_back
10.492383229803075,6.7968044566993076,390,3,72.76306253159419,26.405690475290115,Bravo,ui,crítica,success
17.366181922009694,10.012133535401299,358,1,60.68561011343263,5.555786568671465,Bravo,ui,alta,success
11.174763521976256,5.279681176806839,381,1,84.19781277421862,5.610612489037418,Charlie,database,baja,success
12.233880454614425,5.902083778162472,371,4,79.51995138311759,54.13522156906748,Alpha,database,baja,success
13.218588930594557,8.996991605584155,373,3,51.43281042808667,18.066451481466583,Charlie,database,baja,success
13.622063086693728,7.819673633830156,329,3,57.7807452599518,12.178606241941452,Alpha,auth,media,success
17.814792740984487,7.397186825886497,329,3,81.72891476075165,5.695868108421564,Delta,api,crítica,success
12.587976940822962,5.885772777751093,343,3,57.342678072163835,38.441748125727116,Charlie,database,crítica,rolled_back
15.357401649658726,8.869764494723567,348,0,87.07847936660983,61.984980893090636,Delta,auth,crítica,failed
17.949978548879617,6.870006683654521,339,3,87.34307610080577,59.75161631102887,Bravo,ui,alta,rolled_back
8.838482221712916,7.53890972666719,342,2,76.24165743589401,14.767912790179253,Bravo,ui,alta,success
12.241470829404765,8.531958825868935,355,5,93.89277808368206,83.8753589490309,Charlie,auth,media,success
18.43917384083772,11.397994914958417,343,2,62.445928676752374,0.12546760216355324,Charlie,database,baja,success
13.49392103729691,7.982573729517493,374,2,74.72356772283092,1.3391425965397483,Delta,api,media,success
4.8596661187790815,5.781245989981707,357,0,93.03401275072247,15.727247726172209,Charlie,auth,baja,success
11.568763085531167,7.1836762916244,336,1,66.76221610745415,39.888432650645555,Delta,database,baja,success
18.26410562770465,5.964413984965399,366,3,74.83029078692198,41.77149836517392,Bravo,api,baja,success
13.293644363096899,9.05659669833705,359,1,86.40023585758172,4.102517198444467,Bravo,ui,media,success
13.381452639833281,6.421365276720287,345,0,54.95910270954482,8.555306265234686,Delta,ui,baja,success
14.416923102950111,7.211796493370379,355,1,86.65524321259,21.34009285766095,Alpha,api,crítica,failed
17.87786547226948,8.054979435687947,333,2,81.24405626906082,12.545794431120157,Delta,api,baja,success
13.035636991122693,6.719608950521366,342,2,61.92544486490078,9.21051094835264,Delta,api,alta,success
16.903833753673997,7.756723978101053,320,0,72.62277567642741,21.520696353896007,Bravo,database,crítica,success
17.2926146722107,6.509966230964869,364,1,57.313667016569525,3.447864029060078,Bravo,ui,alta,success
10.924561689137409,8.432438239544293,351,0,72.1249929186888,13.567775521427393,Bravo,database,baja,success
14.752511062254534,11.481139164783105,345,2,87.57742098532617,8.905004584861056,Alpha,ui,baja,success
12.846779593582195,7.3206835028101525,361,2,58.9842639490962,0.023820172133253555,Delta,ui,alta,failed
16.667818904443056,9.156177748817207,341,2,64.23979874118231,2.3461223337566715,Charlie,api,baja,success
8.966893375479028,5.518182815363323,361,1,73.93221257836558,25.978437914436157,Delta,database,baja,rolled_back
21.156679711069888,7.663004040116816,359,5,67.03638373874128,104.25830098381692,Charlie,api,media,success
20.384072354383985,7.117012290761712,365,1,66.66626977152191,10.644885957241058,Alpha,auth,crítica,failed
11.6285768899939,9.087562379511475,389,2,63.793177496409044,19.39841930331507,Alpha,database,baja,success
12.320503088769367,8.172965590062606,349,0,84.70096102915704,71.28448068692323,Delta,auth,media,success
11.36605020741551,8.058170080782231,334,0,53.368573990883306,44.10602299667416,Charlie,database,media,success
14.453837432809223,11.522041358594045,359,1,79.06359353102744,2.322708137333393,Alpha,database,media,failed
12.995848146834996,7.49356576506245,347,1,52.78315039933659,7.208104502409697,Charlie,auth,baja,success
15.4505537872656,8.28375299487688,362,1,87.26642742054537,12.011625610291958,Charlie,database,alta,success
7.4991297476229075,8.113611041385298,380,4,68.46924469922669,11.514865547418594,Alpha,ui,media,success
15.63418685783326,7.328853156726832,339,3,79.28924569045193,5.293581873178482,Alpha,ui,baja,success
15.062250685056018,9.787883154449553,372,1,86.00542606902309,14.992052424699068,Bravo,auth,media,success
8.597586154959469,9.572076718166938,346,1,94.73090472980402,1.6542841494083405,Charlie,ui,media,success
16.10389235667983,11.934202782491923,333,1,71.47291970206425,8.167789164930582,Alpha,database,alta,success
15.219810559483632,8.224766280099102,372,1,89.36305955983698,8.406783901154995,Bravo,database,alta,success
14.077706581210968,8.598636180936916,336,3,83.37885686079971,74.46180706812974,Alpha,auth,baja,success
14.947134837584434,8.742218621288666,334,2,93.50088309147395,18.281687467282108,Delta,database,baja,success
16.539796784089308,11.697585546055596,399,2,94.07565984292887,4.477012747580929,Bravo,ui,baja,success
16.386894868004983,6.9993338240488665,307,1,81.74825087888166,29.587138885827883,Alpha,api,baja,success
13.273548957685493,8.121338820294866,364,4,88.6536431137938,33.27057976919919,Charlie,auth,baja,success
19.600712157314813,7.875843805615491,357,1,57.05266537494026,3.8755940459668636,Alpha,database,alta,success
14.853871228448483,6.212066030791811,385,3,64.44839962641709,46.03474858201562,Delta,database,baja,success
14.456794313053743,8.256085073516982,369,2,70.79250844428316,25.437337272627637,Charlie,database,baja,success
18.778472182578092,5.66997807469279,365,0,57.81870307517238,11.91793480888009,Delta,database,baja,failed
18.968165446680253,6.184330601763126,349,2,87.05777664203197,2.2486743293702602,Delta,api,media,success
12.197320980124397,8.172202510408834,357,3,56.03055510553531,9.23439534008503,Bravo,api,baja,success
11.035765312661624,10.938407626379066,337,1,74.27252627094276,5.872115157544613,Charlie,ui,alta,success
12.177527789364722,9.307573479194708,342,5,61.22588397585787,0.18385454555639055,Alpha,ui,baja,success
10.296896426687134,11.44783152521116,339,1,80.68881618324667,67.23831921412584,Charlie,api,baja,success
7.875212193038718,6.2856806218598935,321,7,87.92876447667368,43.876730469833,Alpha,api,baja,failed
16.242430087353565,10.493968855488774,346,2,64.10888918209821,5.658578842878342,Delta,api,media,success
14.419558556202276,11.335891004945001,335,3,88.9109924249351,5.5649728509895855,Charlie,ui,baja,success
17.57019901476983,6.016045703370374,344,3,89.63481596903875,3.049081300880583,Alpha,database,alta,failed
14.993362550794783,4.050268182834981,344,6,65.13451274717227,97.68471098932174,Delta,ui,media,success
16.636651848309405,7.45992281424454,335,2,84.74783967249095,0.11030351749216236,Delta,database,media,success
13.015767410759409,9.220335826141831,330,2,59.20882452279329,8.117418922483921,Delta,auth,crítica,failed
11.159568164395338,8.688643646699461,322,1,64.3035142077133,61.83628458972302,Delta,database,baja,success
18.11252889828173,9.40736156806615,338,1,81.55202757101506,24.189243725424106,Charlie,api,media,failed
18.044482465311365,5.235752962908917,372,4,58.00741219543852,7.431507166475058,Alpha,auth,crítica,success
8.065151264467064,6.708177689266464,343,2,69.66113321483135,14.080321300774813,Alpha,api,baja,failed
18.509178607307028,10.509292840496162,381,1,61.10606625210494,31.880715249960716,Bravo,ui,baja,success
7.906514244265221,8.187109929598051,349,1,68.7487218156457,40.4481558481556,Delta,auth,crítica,success
14.817250702755382,7.864393374569908,369,0,57.09808816551231,49.20729066229879,Delta,api,baja,success
13.420510984063442,8.56913142006071,367,0,76.40494061866775,4.50071133300662,Alpha,database,media,success
14.48777493431593,10.070031263489994,329,3,68.37289078277536,0.24761121802539288,Delta,api,baja,failed
19.38495092754647,3.7272456304934227,332,0,94.9905114446301,7.162901296689622,Delta,ui,media,success
9.979128557520383,4.806632001313066,347,5,58.8652389543131,5.184363974107148,Bravo,auth,baja,success
13.93806522148042,9.532553695207788,337,2,73.70026938151568,8.641189724206924,Delta,database,alta,success
25.213209960161024,11.608601918887935,338,2,72.82663100049831,75.21307780738047,Delta,auth,baja,failed
9.086774776197917,7.775631743401264,350,1,79.2312245850917,36.306809974680526,Bravo,database,alta,success
12.49364972707711,6.973041912587495,371,6,57.91166599839926,11.696233447641134,Charlie,database,baja,success
14.835791910634438,7.9324510272881135,357,2,73.61649317084812,13.46105406805873,Charlie,ui,baja,success
15.799812879329755,6.548751063607978,361,2,89.92930634180084,21.482223092501453,Delta,ui,baja,failed
12.866777597890493,6.323875796526471,393,2,66.2716949172318,46.32654462553082,Delta,database,crítica,success
13.935870729263957,5.5115541002515975,361,2,82.68969445605762,27.218528575187023,Charlie,api,media,success
19.336591256474673,8.920041346074122,365,3,59.15247881319374,36.69906405358344,Delta,ui,media,failed
14.277018081499824,8.24263445696299,339,0,57.398598180152476,0.34902735062869317,Delta,database,media,rolled_back
16.006221277512932,5.977873046803688,382,0,86.5536866383627,3.8677811244977907,Delta,auth,media,success
16.47816894061957,7.649972707685375,337,2,77.73343797889538,2.907598737627268,Charlie,database,baja,success
16.628137037559068,8.940263685646908,332,3,76.12174804555252,19.276009995462328,Bravo,api,alta,success
16.970020076983126,6.356714062970952,319,0,93.49698132602498,17.71262939918547,Alpha,database,media,success
15.21853031620923,5.764202287843424,313,2,58.928404788021,27.961312471812064,Delta,ui,baja,success
12.165303695352357,8.269413978963314,327,3,94.23130930168554,4.127461495701335,Delta,api,media,success
14.766916990225809,9.017161660289634,373,4,90.52706448012032,3.5684646628797054,Bravo,auth,baja,success
11.146312711049976,6.122846419611738,329,1,85.09348871884868,6.60835026204586,Charlie,api,media,rolled_back
15.373573186423496,4.221870046506259,361,0,78.3538186433725,10.234099309891462,Alpha,database,baja,success
13.608395466163568,8.964327651915857,319,0,77.6836791774258,26.892048663382823,Bravo,api,baja,failed
14.526662247417805,6.943654645862482,352,3,68.06901132687926,29.521897896116073,Delta,api,baja,success
10.603636171300327,11.397113047596186,326,3,76.34020982077345,24.279350167994792,Delta,ui,baja,success
13.867694350311075,8.220988825782909,350,3,78.36804983671755,4.090507574379444,Alpha,auth,alta,success
10.641061308617559,10.120874697116426,374,3,92.02611926826648,35.92784634374574,Charlie,ui,media,success
13.377337823600552,8.804096369012747,332,3,73.95762619446032,21.29201605070143,Bravo,auth,baja,success
17.107629038391053,7.836236088122492,335,3,83.47136201686226,3.5941996313631535,Bravo,auth,baja,success
15.961679927101985,10.284532627921628,349,4,75.85958392824978,15.737261239439249,Alpha,auth,baja,success
18.593449828997464,9.300048531675221,299,2,60.08521632757038,20.726381710653595,Delta,database,baja,success
16.951872507741903,7.901706526679907,363,2,63.04169006762095,4.302315250039101,Charlie,api,alta,success
15.447965460790154,10.35268552432463,330,1,65.853707207134,14.284282352775335,Charlie,ui,baja,success
18.99325338854488,10.955253315859032,345,5,67.00247638393193,0.20381810143589973,Alpha,ui,media,success
19.766867235013684,8.606714217393838,377,2,56.56225382001139,24.453547508498954,Alpha,database,baja,success
9.402449731505147,9.89332847431798,350,1,55.200748388888314,14.82067422196269,Alpha,auth,media,success
18.568590946587086,6.262971612697025,337,2,75.37582247052342,20.66284089499496,Charlie,api,baja,failed
18.111835881363223,9.590917185572778,345,5,81.17591602727771,25.807614951317603,Alpha,auth,media,success
18.767658065387803,8.495324450368184,323,4,74.20828213682398,8.933501489460468,Alpha,auth,baja,success
11.364789150795591,10.709592803851693,319,1,76.93769307457842,0.2715069428086281,Delta,database,media,success
24.635723377904853,8.20258500671088,336,1,94.50985598494299,29.519194140022094,Delta,auth,baja,success
4.622999302767665,8.02127851300649,356,1,88.73421389609575,14.555060975253582,Bravo,ui,media,success
15.027452150056376,5.4098570065121825,382,2,53.48777936422266,0.3003217354416847,Alpha,database,media,success
15.472426675713344,9.614209680522002,366,1,69.49423228739761,13.414716258645058,Charlie,auth,baja,failed
14.40121069435964,9.04739114917395,352,2,71.58678720705211,14.67196437343955,Charlie,api,media,success
17.991493151452673,8.16983151541488,344,2,93.58361552469432,3.981927540153265,Alpha,api,baja,failed
15.496139227595318,8.45530072194372,320,0,80.97231931635179,44.01252785123406,Alpha,api,media,success
11.887781011149396,7.63036404776721,318,2,70.01391159370542,48.482558412323584,Delta,database,baja,rolled_back
20.64013322196888,8.005581611912463,363,0,50.46925010974519,6.463594548404217,Bravo,auth,media,success
13.824352767080569,9.7803207320462,363,2,52.5432427180931,22.897390476351074,Charlie,ui,baja,success
17.442714580021498,9.87758328203474,351,0,64.44668283453211,73.6484325487816,Charlie,database,media,success
12.33395968054695,6.319114981092837,348,2,65.89765390264802,16.258528266102076,Bravo,ui,media,success
10.760468486918004,5.701639681082022,352,4,91.02165031712502,58.45303375716534,Alpha,auth,media,success
12.576645203350742,9.08368421161669,354,2,66.646643220447,22.394208713357738,Delta,auth,media,success
10.772634316583506,5.681150608265595,393,1,58.671534303575754,24.349608561746244,Bravo,ui,crítica,success
17.132425890699842,7.901581487411228,360,2,69.66604832094163,34.04750968314229,Alpha,ui,media,success
8.791629541410305,8.710200669244072,352,4,87.95572734088637,86.03991635649008,Charlie,api,alta,success
11.086042138765688,8.987981071819217,324,1,81.83988931472413,23.948883462542547,Bravo,auth,alta,success
15.10887342063991,8.672618319265903,369,2,84.62928297463804,29.152347028479316,Delta,api,baja,success
8.137710732011627,8.158197243883363,329,5,81.99696592870168,12.334740668535233,Delta,auth,alta,failed
12.980447894029165,9.033625283435725,329,5,92.7729188138619,31.68490330774098,Bravo,database,media,success
13.780309276329717,10.310171290236866,352,1,76.39915782841854,0.8176638521254063,Delta,ui,crítica,failed
20.384312941706618,8.228569879625969,369,3,62.1397851430811,30.045390616759782,Bravo,ui,alta,success
13.969853236813215,8.87960732782847,350,1,94.20094507164322,24.707240312283332,Delta,ui,baja,failed
12.906850797366664,8.449718965312144,347,2,76.44210523343645,7.152619541461762,Charlie,database,media,failed
12.347128804109474,10.599159822276143,361,2,56.82373471790925,25.27071797746926,Alpha,api,media,success
16.788884158770635,10.816954965709892,353,2,59.29507199092768,35.37509561821075,Charlie,database,media,failed
13.722196072295963,6.602514694239313,348,4,73.51017470122315,1.8536529888831867,Charlie,ui,media,success
12.824884600252334,11.96326997012179,339,4,94.70893051242456,16.40217324346304,Alpha,database,baja,failed
13.88130623004595,10.030518816281868,333,5,83.1370853271801,24.406032062058742,Bravo,database,media,success
19.260930401467732,7.590270861149555,361,3,82.60853516985662,8.908942736685276,Bravo,api,alta,success
21.271314996582472,5.813356987114792,366,4,62.822437627473846,12.714933541604488,Alpha,api,baja,success
12.427551684165856,8.532228029309048,369,0,74.58006072905846,22.690433732157043,Alpha,database,baja,success
15.08208699404275,11.941089046598949,361,4,68.08854977367446,4.901553466916084,Alpha,auth,baja,failed
13.703262166498059,8.599765466483344,325,1,70.20297782495618,65.62516231532422,Bravo,ui,media,rolled_back
22.429584088701468,6.786893228075113,360,2,79.2446162365377,22.454089744870952,Alpha,api,baja,success
17.363055980276258,8.834506698907703,327,4,77.85374632687308,42.87063570118962,Charlie,auth,alta,success
7.877493130414416,6.86119264119908,370,0,60.78046772396192,115.27826615563089,Charlie,ui,media,success
13.263565201698743,7.083170425944036,339,1,52.627384442603216,14.418428711593151,Delta,api,alta,success
5.829001153175922,7.414329467335669,341,3,56.530237034894526,27.29095257717877,Delta,auth,baja,failed
14.628139046193837,10.667039306610548,384,2,80.03609916311689,89.52722753080275,Bravo,ui,media,rolled_back
17.81585781331884,6.346246970136788,316,1,63.1956298800651,2.951631519949717,Bravo,database,media,failed
11.422041514972932,6.588244518259498,308,1,90.10668479488231,28.7305481125763,Bravo,auth,baja,success
9.869972831701524,12.117328881104338,364,3,81.62686538300477,15.061559468507767,Bravo,auth,baja,success
20.02313669660191,8.470372992914385,382,1,82.31418032199144,59.72977749700871,Alpha,auth,baja,success
11.141480081646495,8.44771706984053,336,4,77.08600438665599,23.21524414547175,Bravo,api,baja,success
18.631135524256365,6.798320968503894,380,2,66.05248965672217,40.99249979651986,Charlie,database,baja,success
15.856294454676696,7.0340376804391775,328,3,58.93726008012891,38.50124542213498,Delta,auth,baja,success
18.524092490995898,5.942482155804139,359,0,77.59878945187666,9.39142221396244,Alpha,ui,alta,success
19.010179993131086,9.708997876503267,330,6,64.63148588314652,13.684265602380037,Delta,database,baja,success
19.559642018271013,10.279774193873672,348,1,83.1325747736264,31.768064550047214,Charlie,auth,media,success
19.944143409231053,8.323184816152942,343,1,54.29286403465085,49.02401871777593,Delta,api,media,failed
16.1816060405707,10.302746982144878,339,1,91.83301858603954,28.217062263672645,Delta,ui,baja,success
15.687044094421834,8.699787550486205,362,2,91.91720961709507,16.06139999628067,Bravo,ui,media,success
11.178442869218246,7.4716297761637325,345,3,51.94123816094361,38.08935463226853,Bravo,api,crítica,success
10.158363515773063,5.497607311482471,344,0,65.67354442202486,69.57823745442971,Delta,auth,crítica,success
12.594468008653672,10.493941339012714,356,1,56.21688709710725,13.100311920046806,Bravo,auth,baja,success
14.456735453680459,6.012479199540254,345,2,52.832931727170944,5.988302741199732,Alpha,database,baja,success
11.050908860317957,9.336711333296153,348,4,72.63945217477158,9.040461592376232,Charlie,ui,crítica,success
18.32770005847307,7.746918071430291,341,1,61.881668887799606,17.587023107682494,Delta,auth,media,failed
11.819761934338075,7.448875054969296,370,1,57.216045442037284,24.843288681392963,Delta,database,media,success
16.361858448063305,6.2608180794286366,359,4,60.00815314124338,32.903454891329105,Charlie,auth,media,success
18.481719281387658,5.928119987309575,345,3,74.82456978177652,5.051011830568314,Alpha,ui,alta,success
10.271355979014483,7.376745067882364,347,2,79.37566638109274,26.440153240149314,Alpha,api,media,success
19.091575902939837,7.067622315249765,350,2,56.252415312919766,24.354132211690242,Bravo,ui,media,success
6.566261695026663,9.012480896246059,373,1,56.95052939117886,27.26699059355765,Charlie,api,alta,success
15.919050550797301,9.665882253646744,313,3,67.23321168567054,22.400870921724497,Alpha,auth,media,success
21.04684316621504,7.844981874050872,342,2,80.72736010304652,2.870389906129532,Charlie,database,media,success
17.22175195660271,12.224989798205783,357,2,56.16029372322373,40.605826419756994,Alpha,api,alta,success
18.65951520499749,6.715392041797765,324,0,80.87900638580322,24.821281551163608,Delta,auth,media,success
12.786413502881937,6.22987891239316,314,4,53.04759353515692,1.2615418508648872,Charlie,database,media,success
16.19350435804007,8.405752726540362,336,2,93.79840973531827,7.158760748945459,Delta,database,media,success
19.425518158608558,10.009536168534009,332,3,75.01294528134167,23.568060599570927,Delta,api,baja,failed
9.68340166067033,6.278197660205735,346,3,74.50430265744217,46.44081361390172,Charlie,auth,alta,success
19.006776515544082,9.19474549351198,356,3,57.3867115622852,18.922648786490253,Delta,api,alta,success
9.36278450497036,8.812408459133277,355,0,77.27852458017878,6.029018975794315,Charlie,database,media,success
13.004875901274929,6.5397036242986175,362,6,93.83677472244017,17.490788652484706,Bravo,database,alta,success
25.49102740995381,9.924042722061415,362,2,84.66483154799789,77.64342605664369,Bravo,ui,baja,success
17.042662264114114,6.7427008047104255,324,4,72.29323895298876,12.750830937176943,Charlie,database,baja,failed
14.636627223123206,7.705535819307661,342,3,90.13509006937966,4.39685192095919,Delta,auth,media,success
18.915062716843515,8.635891318068634,323,6,83.61772400210612,22.924812844877533,Delta,database,media,success
14.02476537244674,11.873106870699354,350,1,77.40272274939343,1.8515109202322209,Charlie,auth,baja,success
17.48723583685453,5.163499190360437,398,0,64.7924190107733,4.995356596114589,Delta,api,baja,success
13.62161912061471,5.7282756385331695,355,3,69.73370044259354,22.884737155323318,Bravo,database,crítica,success
5.579101816634038,4.8745066769789585,323,0,90.47985874349251,3.0384679286056935,Charlie,api,baja,success
16.88955053341457,6.040987667905857,340,0,63.381962636485696,13.365059729665518,Bravo,ui,alta,success
12.954079220852345,7.767777198983228,337,1,88.26447773026302,9.869388341903687,Charlie,auth,media,success
12.705591200975537,6.2729349591083245,379,2,66.82546084630303,9.449277104619775,Bravo,api,media,success
15.015188814914412,6.484548791050619,351,4,79.17638599406928,2.8156076817259006,Bravo,ui,media,success
20.370203718111256,10.828462751213888,354,3,71.53992260340601,70.67463039948579,Alpha,auth,crítica,success
16.181846046237652,7.386177798417046,363,6,52.101887225871906,12.666038453578949,Charlie,api,media,success
18.367147774421742,8.31296970456822,312,0,50.82298786030151,5.174284435808659,Charlie,api,media,success
17.51625719288188,8.772912054800729,362,3,55.8503995812498,11.33823093867113,Alpha,database,baja,success
15.406393597852267,4.787810494197937,335,0,70.95835964311846,9.053471356630325,Alpha,database,baja,success
17.68448349864405,2.3477939906808523,344,4,76.54485843959264,81.31573605134126,Alpha,api,media,success
14.446734501753122,9.486000757561598,369,3,67.89122893940657,14.758053828030825,Delta,auth,alta,rolled_back
10.002750987390373,4.581258970105395,374,2,75.70983448065817,27.492039999847705,Delta,ui,crítica,success
16.39054097686143,9.194573252810002,348,1,86.83612315333448,8.7061637789011,Bravo,database,crítica,success
5.888745363313571,8.440739996429738,339,1,72.51875957939774,4.293984431773424,Charlie,api,baja,success
11.055163275225471,8.116129795136262,376,5,81.76278575905599,15.793487571179867,Charlie,database,alta,failed
14.761834625791172,7.726117997035122,356,0,91.08155824127607,2.933293182848015,Bravo,auth,crítica,failed
14.356962038103505,10.789793364139577,354,3,91.99560602894053,0.3883080186734911,Bravo,auth,alta,success
13.318553918638832,7.459567740654925,345,5,90.19879409461282,70.02555548741456,Alpha,api,baja,success
18.954364065314458,8.82797454028262,366,0,74.54475132282823,15.230022668838501,Bravo,api,baja,success
10.721544835565489,7.814161707403819,377,2,57.943831289885566,2.5973014067976816,Delta,ui,baja,success
4.545426131939561,9.176350053326276,344,0,91.57806062139571,17.377054921274475,Delta,ui,crítica,success
18.12180759064861,7.296128624414514,373,1,63.80102501134388,19.083950227741067,Delta,database,baja,failed
15.180420294216281,6.647503719260446,373,2,54.99584668898024,14.719701737165451,Bravo,api,baja,success
14.566043364409735,11.165659801109463,347,2,80.72193823754787,13.526129387319088,Alpha,database,baja,success
13.435102759716138,9.33633952808101,357,2,54.93747478001751,7.323701497167349,Delta,database,baja,success
8.25200198268562,5.295090239596694,361,3,78.6300949100405,7.774574786424637,Charlie,ui,crítica,success
11.189182179393281,5.9086660136380775,383,2,91.29452668479644,4.7925316901052195,Delta,api,crítica,failed
17.029656448413583,8.139370745516084,352,2,50.89292021584697,29.598058563384594,Bravo,ui,alta,success
15.07526439602689,6.381651013294503,356,3,82.38871591398492,4.8201363533735275,Alpha,api,alta,failed
9.324358505657504,7.438827817431632,330,1,55.95010024495423,23.440832117537965,Charlie,ui,baja,success
17.392687725408948,10.36790863547494,345,1,57.149388996185735,46.19444533980904,Charlie,ui,alta,failed
18.14551848697291,7.131348041431145,351,1,80.68825410329737,52.991563009580105,Delta,ui,media,success
14.46146781639105,7.480113881319364,357,2,91.08943267259747,28.901943704967792,Bravo,api,baja,success
14.934453929538709,8.36911851644353,344,1,90.32703120959923,0.6509498320519924,Delta,ui,media,failed
20.636561632940364,5.193987379462083,352,1,68.68219665135257,4.403495013713837,Delta,database,baja,success
16.579354795209063,6.720368740731947,332,0,81.66538880905136,18.954428344849234,Delta,ui,media,success
19.87950051228987,8.84700611553328,332,2,83.90205743606202,2.1093997433781624,Alpha,auth,baja,success
14.819691148508095,7.088172062635616,333,3,50.47568471869454,5.700380209833384,Delta,ui,baja,rolled_back
20.91795137935513,7.028897683938326,352,2,93.86837985133752,51.15441454644528,Delta,auth,baja,success
14.69726485323043,6.462703335751089,359,3,62.41898745880462,23.926136902456573,Bravo,database,media,failed
18.67099382879822,5.949869920912011,375,3,73.56300904299133,11.010780684649944,Bravo,database,baja,success
13.620885145030348,8.313007236727682,325,5,55.39041536161676,1.9663855139996276,Delta,api,crítica,success
10.69198937578432,8.366021240639347,365,1,82.44629744091071,17.8464144289851,Charlie,database,baja,success
19.006418909433144,8.746861892380359,331,4,56.258639965672046,14.608286798000336,Delta,api,media,success
24.184016163085353,9.767825912350869,341,2,92.34794171759859,3.76275447383523,Delta,auth,alta,success
13.696487538199943,7.101313015525768,319,1,74.19014571001753,10.30880257487297,Charlie,auth,baja,success
20.87542451411727,4.094441336888393,357,0,71.91422840231098,4.353682044893503,Delta,database,media,failed
14.052364267304563,9.119925379743066,333,1,58.55422209831886,14.480490893125534,Delta,database,media,success
18.693972471561715,8.301485451586267,347,3,56.26379260444082,3.603244628197398,Delta,auth,baja,success
11.043232773194365,7.452644782037304,369,4,59.12674405495636,6.087099451571703,Alpha,ui,media,success
16.102585113146837,10.010929057345145,354,2,70.51164656411856,14.00457451120019,Alpha,ui,alta,success
11.945355625755852,5.236475498471636,305,1,90.81029973807745,46.31140056050835,Bravo,auth,baja,rolled_back
9.591552063200115,8.487785718506464,312,1,91.18099919171073,13.084146670997143,Delta,database,baja,success
17.620097640912014,8.881658267956968,367,3,93.78738203202374,21.45755812424927,Delta,database,media,success
21.43858704141983,10.79346418973335,351,1,79.23799467971548,15.919776130467653,Delta,database,baja,success
11.84597213648836,12.910324951099161,382,2,61.517122180666775,22.12682670281452,Charlie,ui,crítica,success
11.464495549896018,10.665736702786155,351,2,64.164556292817,10.697767986417656,Delta,database,baja,success
10.709941552825674,8.067381842932722,342,0,90.36334457923658,3.529428831709833,Charlie,ui,alta,success
13.167436074208638,9.16160605648455,385,4,68.05307805188932,11.279076208499864,Bravo,auth,media,success
17.66258806231291,11.52975280411272,319,2,86.37856206856668,33.02710644799977,Delta,api,crítica,success
17.8489128496749,6.946970147670335,382,2,72.33461372437887,10.748646095395088,Bravo,database,baja,success
16.771816909996648,7.44113230027908,335,4,79.20344542828389,14.848427340388298,Alpha,database,baja,success
18.038349248236717,5.4352648386100455,340,2,55.39471587515436,1.327675584498852,Delta,ui,media,rolled_back
13.124489335923506,5.556312231233145,361,6,53.16240687505342,3.8044679211272117,Charlie,api,alta,success
14.309160088464653,6.40305465690777,364,4,88.24699783697724,18.98165528375416,Delta,ui,media,success
17.728199597543227,5.133415987846647,361,3,65.47811699681915,14.708397824317217,Bravo,auth,media,success
13.873690687033827,8.386174846277722,400,3,84.67306448379532,32.835363863890464,Delta,auth,media,success
11.153509704272716,10.924688862524237,318,1,51.70039571938105,6.171643741428852,Charlie,database,alta,failed
9.489399421069772,5.7025553839177645,343,2,81.26129059353843,0.5015451908111572,Delta,database,baja,success
25.790346546553426,3.7182775290630925,347,3,78.43779768561944,2.762266047293141,Delta,database,media,success
8.201139777748274,8.76234936458442,368,1,94.39820373314433,2.9351296573877335,Delta,ui,media,success
15.117266611176806,6.136770939096818,344,2,72.45545777026564,25.08862788129359,Bravo,database,crítica,success
22.737257344604956,5.2839613873641476,370,6,69.14743380970322,0.5238105095922947,Charlie,auth,baja,success
18.350043500711852,7.644935875357576,332,4,65.69075724692084,19.881884469573787,Delta,database,alta,success
14.258614675661333,9.756118699781963,370,0,74.34446676285006,14.940810400016879,Delta,auth,media,success
17.133316711057546,5.596970418032494,340,5,87.49430155963637,7.076941899955273,Delta,auth,media,success
22.139824968059045,7.148496348293531,337,0,77.45219873497263,2.4293066561222076,Alpha,database,media,success
15.758511279320523,8.446870616029107,352,1,57.552714850753546,27.554569824521835,Alpha,api,baja,success
12.723649951253599,8.593400684940466,358,2,63.28873389167711,21.502864344899944,Bravo,auth,crítica,success
20.80757177828849,6.512501161545099,380,2,72.88520496571437,9.097913201898336,Bravo,api,baja,rolled_back
22.475973810261287,7.33835344852654,338,1,92.73941436666064,3.2033595107495785,Charlie,database,alta,success
11.061780425049836,9.021314170995783,355,2,83.57557653449476,66.78442182754533,Delta,api,baja,success
17.875027055617466,9.624249143484786,325,1,67.98852958134376,10.565742183476686,Delta,api,baja,success
15.517389187833048,6.5570119726755935,334,1,54.69998035347089,10.033027075231075,Alpha,database,media,success
17.80656523557345,6.246068349539689,348,1,78.07970756897703,3.1728695789837995,Charlie,ui,baja,success
17.106791327549793,7.337048162348116,347,1,67.36635122913867,12.755777824670076,Bravo,ui,media,failed
14.91794760418159,6.336026757136237,343,0,68.80226012202911,83.17765044762727,Delta,api,baja,success
16.753004189227884,12.275003858780059,342,3,58.929275112459436,0.3765807934105396,Bravo,auth,crítica,success
10.157885737193851,14.117439278766344,331,5,91.48581396322697,34.99893266864474,Bravo,database,baja,success
9.382320224684385,7.813780855413087,341,1,54.19836394372396,12.114567797631025,Bravo,auth,media,failed
17.882996628837247,5.299048082888641,346,2,63.19113424629904,7.479326373295748,Delta,auth,media,success
15.3441420131069,9.787595177466978,400,0,59.61722657317296,2.3052275807296416,Bravo,database,media,success
14.47353183436616,7.0960297361870825,300,0,85.04913121578284,12.446270853281021,Delta,ui,crítica,success
8.295792084240645,6.239546415944256,381,0,87.73197258240543,22.87595274198561,Bravo,database,baja,success
12.722008036927546,5.890764934914479,352,3,55.73028900427744,8.045136799956236,Bravo,ui,crítica,success
15.76882060358618,9.539344558716962,394,2,51.33090734598227,15.062461148947477,Charlie,ui,baja,success
13.054708316988712,5.342316097990795,342,2,91.85726229799911,48.48751410640298,Alpha,database,baja,success
15.3251360519755,4.4942057950922365,341,4,69.11443525226787,20.271316151845333,Delta,ui,alta,failed
16.539588987137186,7.090520941643552,382,4,55.93893231241964,11.563854827493095,Delta,database,alta,success
14.449992115847277,8.122543048057612,369,2,69.50921863783151,8.468448898359647,Delta,ui,crítica,success
16.710372436956376,9.541842096691033,354,2,74.894225691678,25.893727249388988,Bravo,database,alta,success
14.027742205842546,11.038499757948479,362,2,55.59614706900902,41.568743002283725,Delta,api,crítica,success
13.726588688584435,8.335203700573622,340,1,51.42959946766496,43.92357873714982,Alpha,ui,alta,success
13.983574425967959,5.243627549427276,382,3,70.4149229847826,13.698614727705717,Charlie,database,media,success
17.555549720652262,8.759865548833076,357,2,53.385985613567755,7.65766030177474,Bravo,database,media,success
18.28426153266434,10.112507711039843,348,4,58.7334365863353,29.563773244828475,Alpha,api,baja,success
24.34191634632783,6.428759262463512,358,1,77.3730974260252,3.556421399116516,Delta,auth,baja,failed
11.066769769555751,6.235284787737465,350,1,53.68579761474393,29.16772667962819,Bravo,api,media,failed
12.170170239974968,7.963339006177247,374,1,84.18579130200669,38.62013040281354,Bravo,ui,baja,failed
17.576596405399673,11.079263775359838,357,1,85.8821796963457,39.85485505856095,Delta,api,baja,success
21.550661319784837,8.85884690761616,403,3,64.86280889250338,42.810154487402244,Charlie,api,crítica,success
19.906592698657228,9.397710239234984,378,0,71.71231435844675,6.639344936503509,Bravo,ui,baja,failed
13.129177526676752,5.263582585589416,334,0,80.56579666677862,18.444000246393976,Bravo,ui,media,success
12.287075745048044,10.347146928560852,373,1,66.96026499383152,16.154832138258325,Alpha,auth,alta,success
21.785609085321752,6.186211856752257,336,1,73.6025526933372,26.241125977521236,Charlie,database,baja,success
21.17138740035626,7.649121785240835,336,1,69.63346901582554,0.1832633726298809,Charlie,database,media,success
15.858110368243771,6.687127534679328,342,0,73.49162384169176,27.106863398544036,Bravo,auth,baja,success
21.80275318300927,7.170334623482604,391,2,53.5447114193812,22.248768810094397,Delta,api,baja,success
14.96805268140843,6.368641429230602,342,6,84.881440178724,23.261673732583812,Charlie,auth,media,success
11.728398540788923,9.74042273714563,357,3,53.82920183590613,14.759384483098984,Bravo,auth,media,success
14.797559318865826,7.243920693390305,395,3,76.61187315941788,52.50760803814259,Delta,auth,alta,success
15.319684346196134,5.898652488142413,343,3,89.48350440710783,4.5253200978040695,Delta,api,alta,failed
8.76171560842381,13.683307395547876,338,2,65.09103606687859,2.3735644072294235,Delta,api,media,success
14.31400817301483,8.923603791222028,308,2,81.49116492713802,74.64720643107387,Bravo,database,media,success
13.32557162867066,8.777273216187062,354,3,72.00032459804788,25.711246087138946,Delta,api,alta,failed
16.965147272132644,4.907688445863393,376,1,64.88233700860292,3.417018283092049,Charlie,ui,media,success
12.87508627507588,9.358941547330028,384,3,67.2131605912,46.842373607526405,Delta,api,media,success
16.928880470939582,9.709654313256186,345,0,90.33412816701457,0.07869535312056541,Charlie,ui,media,success
17.1451641601973,8.049639407213157,337,1,80.44118646415882,4.410794481736961,Alpha,auth,media,success
13.882703168564394,4.415384115865209,370,3,78.68887124583125,0.21822303906083107,Alpha,auth,media,success
14.825970941197664,10.241322748836685,350,3,62.89907689904794,44.593913731942756,Charlie,ui,media,success
24.526061167838055,12.138438669316148,335,2,70.9044758870732,18.41439013827353,Charlie,ui,crítica,success
21.192124453422455,7.863578634950598,374,2,55.89415006688796,112.86639305344278,Charlie,database,crítica,failed
21.219047994115915,7.123794048916189,362,3,74.28859455743805,2.1566528007388115,Charlie,database,media,failed
15.232444920455652,8.068043571792693,367,2,61.60433641751297,7.115382286219151,Alpha,ui,media,success
11.640884337891343,11.440799659161259,348,1,87.93134671053849,11.687025547027588,Bravo,auth,baja,success
17.28449379462193,6.147455273207706,381,0,71.10338569968008,17.251488980741673,Charlie,api,baja,success
15.264191130252222,9.680496660312091,358,4,64.74942550528795,16.98939228684592,Delta,database,media,success
29.33863797171995,4.419767509286912,354,2,73.9973286818713,1.719487816624956,Alpha,api,alta,success
7.272417785394929,6.139255074439481,370,3,92.79694848344661,88.45018971952345,Charlie,ui,crítica,failed
14.188669983016093,4.491417971580018,336,1,68.81691131158732,30.512081778531368,Delta,ui,media,success
20.93486081709244,8.441762777913326,370,3,67.74176614242606,2.1980831511318684,Bravo,database,baja,success
6.6059343993419795,6.072871270776659,343,5,86.24586393707432,17.07971879739075,Alpha,ui,baja,failed
13.961405335772962,5.904314087641499,374,0,77.24857360939495,34.948509757679396,Alpha,database,alta,success
16.336271743548735,6.203417724734101,334,1,85.09934906265698,52.39308936312418,Delta,api,media,success
14.121449633467122,6.916659933300394,347,4,85.11056775809266,43.440767658720596,Alpha,auth,baja,success
11.272912786843573,7.652768409136771,348,3,86.5340671071317,7.852916032075882,Alpha,database,media,success
14.511039126813696,11.305955649051489,345,3,84.95720959734172,31.22422577339917,Delta,database,media,success
20.354113693847044,10.521026264939419,347,2,93.90364881488495,12.220543020194828,Charlie,api,baja,success
9.60667523982254,7.232105459484132,353,2,80.07539426907897,4.351352892816067,Alpha,database,baja,success
20.659342898039924,9.435350015206753,330,0,92.52244701143354,16.139239445328712,Charlie,api,media,failed
18.656195782058727,8.222674236225805,355,2,57.907959594158456,60.715823066190154,Delta,database,crítica,success
10.053248326026747,7.162327506736954,391,3,74.89108337904327,21.467482319956115,Bravo,auth,media,success
8.996958581301481,8.916361856807722,343,3,78.53240295895375,10.051842793822289,Charlie,ui,media,success
15.13815473558613,8.245940985656619,340,2,91.14583932911046,3.644559781176163,Delta,ui,baja,success
16.145198581610767,9.397155780987267,339,3,53.126850799890235,2.7115334109558926,Delta,ui,alta,success
19.74483237538244,7.3557719722268,358,1,54.867581924190745,108.06233998528177,Delta,database,baja,success
14.849802512629807,7.1548784776364185,377,6,91.68306188541465,6.692953873425722,Delta,database,alta,failed
16.681486375894238,7.026344449421441,361,1,53.547362762037665,23.345344503871853,Bravo,database,media,success
20.156985929371068,9.315444745349293,336,1,84.7923306573648,46.15712338484345,Delta,auth,baja,success
19.68275674039847,8.873103825427004,333,0,88.59152213670313,6.674062058329582,Bravo,ui,baja,success
18.30437461633885,9.576936123907817,335,2,64.69385586562566,3.1852135865587576,Bravo,auth,crítica,success
16.29566826036194,6.776061411973844,339,1,73.42147407005541,6.502931568771601,Alpha,ui,alta,success
16.523801645818196,7.092325532138174,346,1,72.33063397579826,5.555105824023485,Delta,auth,baja,failed
19.810478331173165,5.556497018103919,358,1,66.9266683247406,37.70607179201661,Delta,api,baja,success
19.408823002928553,5.055965471762137,329,2,79.9218434188515,4.037144925445318,Alpha,ui,media,failed
14.753940240083415,9.218690730943132,369,1,76.40831640921533,2.5314644426107407,Charlie,auth,media,success
16.458359655983113,5.124202449620697,358,1,52.19204501947388,11.84545637259022,Bravo,auth,alta,success
21.770209199943082,7.183380729108383,344,0,86.52987397625111,16.797378223612725,Alpha,api,alta,success
20.885468049887937,8.067282890633438,335,1,88.02409866126254,47.845053298245055,Charlie,database,baja,rolled_back
11.091009354623523,5.7378030004078315,334,1,62.012147585628554,35.1124137619835,Alpha,auth,baja,success
20.792806698327745,11.99834230911016,347,4,61.864791894331574,16.85795223612099,Bravo,api,crítica,success
14.656577357632539,8.310712874056033,343,0,58.30368496943265,42.103908998737914,Delta,ui,baja,success
8.704920793386176,8.41307810924122,361,1,84.57105638692155,15.72645764797926,Delta,api,media,success
20.16990463786678,8.770339554746561,355,0,68.04172932170331,35.77305554940716,Delta,api,media,success
15.337871022270864,7.614267216304444,337,2,78.16327805630863,38.3351598795909,Bravo,database,crítica,success
18.868183985920357,4.843094155045009,395,0,84.92414953769185,15.965120036154985,Alpha,api,media,success
22.756451976868075,8.402738179824938,318,2,65.81181758781895,41.28820439971505,Bravo,auth,alta,success
19.319490552662547,5.0964277791640695,347,2,91.08657748205587,20.985158593148835,Bravo,api,alta,failed
13.585625892667387,9.029404431732688,380,2,50.6029697752092,2.715262982394038,Charlie,ui,baja,success
14.46030750112574,7.785645339844246,347,2,91.9331438455265,26.79927243936568,Delta,ui,baja,success
11.051470266769995,8.65847941846446,346,0,86.91980608389713,4.563701871782541,Bravo,api,baja,success
11.713167415758427,6.16803597262746,332,0,94.69953848514706,16.05701980367303,Delta,database,alta,success
16.958123690058923,8.15754802889704,365,3,62.04386689700186,43.8680195490223,Delta,api,alta,success
13.802890164362088,7.18474451186132,321,0,58.39625982102007,0.7921138134023957,Alpha,database,baja,success
17.633019594297423,8.926496681682426,345,2,68.58399908291176,6.98130976036191,Bravo,auth,baja,success
18.329638198683163,7.541562596417674,348,0,71.86391983181238,9.194323718547821,Bravo,api,baja,success
16.453853044890774,8.002495096105475,353,0,81.67032033321448,0.2691037952899933,Alpha,ui,crítica,success
13.405417365532191,7.045650925319874,361,2,77.53534836694598,182.12659888093154,Alpha,database,alta,success
9.008280041977208,5.388545164595337,322,2,69.86498973332345,6.278892401187024,Charlie,api,alta,success
15.458512701089864,7.9867002084817,381,1,59.210296982200816,3.815469391644001,Bravo,database,media,failed
10.848733530653483,7.980018157560661,352,3,51.3158243522048,37.350905297170264,Bravo,database,media,success
17.58391548504627,8.015389821490142,350,4,94.82713448931463,2.522646522388319,Charlie,database,baja,success
18.09138160023431,5.707815160738145,339,4,78.37849104776978,30.25229957598954,Delta,auth,baja,failed
16.264056632481665,9.95808361011039,366,4,53.095177442301065,7.700023136260631,Charlie,database,crítica,success
10.847548700807065,9.231442064363089,378,4,68.96451347274706,15.748193811625242,Alpha,ui,crítica,success
11.979450839644585,7.519332461740277,365,1,51.12019284861162,38.96520732141553,Delta,auth,alta,success
13.033982761229671,9.220059251835282,327,2,57.28306547389366,15.098334040492773,Bravo,database,media,success
15.58890298043138,5.115960218189835,341,2,83.26773452339694,20.582540026789,Alpha,auth,media,success
24.426012173141324,3.4168322005909726,363,3,86.11737655941397,28.82538311082631,Delta,auth,baja,success
11.317324931576383,8.611350297800627,342,0,86.51737308013253,14.903464123606682,Bravo,auth,baja,failed
6.372608867164612,11.173862850655853,343,1,54.240473420359194,7.633104108273983,Delta,auth,baja,success
14.51839980175479,6.81784466968998,355,4,89.6970735816285,0.35364530235528946,Alpha,api,media,success
11.643022681745165,8.17933524475025,330,1,51.367889560060576,10.713090772382692,Alpha,database,baja,success
6.310240365140867,9.308630925284747,352,2,84.56257943296805,54.026687187096684,Charlie,database,crítica,success
11.502768095382851,9.924405663522862,375,0,64.58510395139456,128.21696487853492,Bravo,database,alta,success
13.50568260439001,5.0821816400505035,371,3,66.90813262597658,20.738596436435294,Charlie,api,baja,success
10.591209151614306,8.004610847120347,365,2,87.13432803982869,0.5134457275271416,Charlie,database,crítica,success
17.862639442653776,5.948408215576243,324,1,64.02907408075407,7.689392380787229,Alpha,auth,baja,success
18.630561222736702,7.505145232639329,315,2,64.76903234841302,0.2790229953825474,Bravo,api,baja,success
13.700779464859467,6.5645966066351535,396,2,54.471193372737616,58.1246558322827,Delta,api,baja,success
9.073656270873016,7.636264636520486,321,2,60.48828294035047,15.410097963750623,Delta,api,baja,success
17.37668455545417,7.390806797131025,352,1,54.312720333691686,22.52167423713713,Delta,api,baja,success
11.580501251521822,5.549163597747215,369,1,51.47336535505019,0.40916573256254196,Delta,database,alta,success
11.68032985346981,7.244383074066887,347,0,62.28441500803456,16.444140896201134,Charlie,database,baja,success
15.596427259856624,9.753187332235731,343,0,78.92612424213439,21.299186780040554,Bravo,auth,baja,success
11.095415834463811,7.531166807343856,326,1,77.25692097912543,8.550004184405402,Bravo,auth,baja,success
13.821262369374448,5.6849643458247705,378,1,54.82675334904343,19.42355830556437,Charlie,ui,alta,success
11.916100336738612,8.054488577500976,346,1,80.11598031385802,18.93919643335022,Alpha,auth,baja,failed
16.569134828314972,5.0194764734665345,346,3,79.7671544214245,12.55436585471034,Delta,auth,crítica,success
11.614776380462022,6.336636564634378,334,2,81.24440621351823,6.598871117938327,Delta,api,alta,success
11.62496027627819,7.527687345169681,359,2,79.19441218837164,22.928863181655696,Alpha,api,media,success
11.152446222846926,6.172346191876294,333,1,82.04924736870453,7.494606949388981,Bravo,database,media,success
15.044198613426179,7.388302937810069,353,1,50.38180322269909,26.52093091643017,Bravo,ui,media,success
19.859795861687374,10.342203152611988,335,1,89.17456296272576,7.447917681187391,Alpha,database,baja,success
11.444485937046863,4.25672688980557,359,1,55.74871657649055,39.90474227009996,Charlie,auth,alta,success
15.872405045786413,4.196317376303734,338,2,69.12397388950922,29.994445322935874,Bravo,database,crítica,success
12.375532001571848,8.028245471516883,358,2,61.16203095181845,4.8509587273612,Charlie,database,baja,success
10.645936610877346,7.228471552201615,321,5,55.08197024115361,6.292699869722128,Bravo,database,baja,success
19.364523592430793,7.661010255633997,385,2,51.45459588500671,13.743497986346483,Delta,database,baja,success
12.723090713368805,8.953285409815546,361,0,76.27089959103614,22.658869073399238,Delta,database,alta,success
21.4832405223624,10.093367967281964,363,2,54.28516810643487,2.879832720619539,Delta,auth,alta,success
12.252046217665036,7.342488605800323,334,3,64.45549761061557,19.827301024382404,Alpha,database,alta,success
17.62798681427453,9.926365033506631,386,4,76.9550443161279,67.35810702635881,Alpha,api,baja,success
19.442768860938816,11.33647635618244,350,2,64.70767261576839,24.567725019738294,Bravo,api,media,success
23.562882920265316,5.831293750223688,342,2,80.03348962520249,26.207891776149566,Alpha,database,alta,success
11.676112763470416,10.204164615166142,338,4,57.51591554027982,13.839402191340923,Bravo,ui,media,success
15.305623424792541,11.441459428951042,334,2,89.59056872990914,0.865402914583683,Delta,ui,media,success
18.743297784796212,9.643756453428264,331,2,90.80523388343863,33.13369557905703,Delta,database,alta,success
12.99333318854076,9.78605426149092,332,0,78.72932124184445,11.994091322389137,Alpha,auth,crítica,success
17.37941385540472,5.975766746650641,356,1,92.4669346830342,26.604546121244724,Alpha,database,crítica,failed
13.277395323454517,8.364088928605835,322,2,87.76145749841817,67.27403872801897,Bravo,database,media,success
10.466643789308835,8.748415797622489,328,2,74.67244452564046,1.8392871133983135,Delta,ui,media,success
6.051313760921479,7.565208233567464,335,2,67.63405108009465,5.141789428889751,Alpha,auth,baja,failed
17.05855828977257,6.3818255717710155,360,0,59.60965130245313,0.44681398943066597,Charlie,database,media,success
13.632371539348311,8.42330466233244,348,4,69.36519540264271,30.713523476307685,Bravo,auth,media,success
21.871509715277156,6.246192326292773,377,3,50.42833407991566,1.2670656040611779,Charlie,ui,baja,success
10.534488365368155,10.567436923504886,353,1,64.2294803459663,13.73665777221322,Charlie,api,baja,success
13.046081523348612,11.235798851216515,344,3,88.11027051415294,11.958267241716385,Delta,auth,media,rolled_back
18.229329173631033,8.359049380595529,368,1,70.15438962960616,23.102495222275547,Alpha,api,media,success
13.955965033316856,4.91488340503617,345,4,71.26957608270459,9.55884138867259,Charlie,auth,media,success
16.952239671306316,9.927106310144003,338,7,87.51517458353192,39.86867540996524,Bravo,ui,alta,success
20.41113528387804,6.246140096116992,336,2,77.52532280399464,7.83987282961607,Alpha,ui,alta,rolled_back
23.70726236523702,10.045202910713257,315,1,92.00984709197655,8.983065135776997,Bravo,api,baja,success
15.205548444827352,11.437461542056145,366,0,69.22530409996398,11.742846965789795,Alpha,ui,media,failed
11.647618219058343,8.663980519878544,337,1,91.47435495862737,18.134663579547194,Alpha,api,alta,success
10.66153996276631,9.182674357421224,361,0,50.159308777656406,24.008695117121036,Bravo,ui,baja,success
12.813868923706632,7.893393775671826,311,1,65.28586313826963,25.80323650861878,Alpha,auth,crítica,success
13.293961181181178,7.011428385660672,332,0,92.12507437216118,30.810264608745868,Delta,auth,media,success
10.156009778400858,6.231952905887226,348,2,72.0282795757521,20.06695181775599,Bravo,database,alta,success
17.391171991116103,7.765707533851401,341,3,72.0521860208828,47.09687281943379,Delta,api,alta,failed
20.69558315633574,10.778595064083323,388,1,89.79590737842955,0.9392690106813861,Delta,database,baja,failed
13.226805497766618,9.402444981005925,332,1,70.20397933665663,64.23718674178448,Bravo,auth,crítica,success
10.838666137302845,7.590312276499792,347,3,73.1056807236746,101.48921977341652,Delta,api,baja,success
9.90441168637101,5.935551912451649,332,2,58.70435525896028,15.722682159394026,Delta,database,media,failed
18.080606448047188,7.344724338477131,348,1,62.27289801114239,17.442579588775924,Bravo,database,crítica,success
15.126090487906117,6.252358176746089,321,0,52.01620287494734,0.9223564378917217,Alpha,api,baja,failed
7.380580994246933,9.388037164959098,314,3,72.94702705461532,37.20273609911936,Charlie,ui,baja,success
14.504979291417717,5.322452278057065,347,2,80.51340355887078,4.4716256484389305,Alpha,api,media,success
15.001313508853753,8.337271206268197,349,2,63.59025829471648,101.93960067024881,Delta,database,alta,success
11.624886621084572,10.289765343757423,362,2,86.68087052530609,33.98192278839169,Bravo,auth,alta,success
10.114666518284293,9.13539164003802,354,0,53.876758753322065,5.455267835408449,Bravo,auth,baja,success
13.188056025537973,7.471131986714512,358,1,87.8156333847437,9.175550865002378,Alpha,ui,crítica,success
12.19072027487549,10.067644474757989,371,1,67.25275262608193,7.972090109298058,Alpha,auth,media,success
12.302478458059495,12.26294483475644,347,2,64.13841981091537,17.327903790056084,Charlie,ui,baja,success
5.787907238056372,7.983794605469896,368,2,85.68992663407698,12.578323338038324,Alpha,api,media,success
14.402668380868509,6.2912250947383885,345,1,52.0274583355058,15.598479699343443,Bravo,database,baja,success
18.794758359880515,7.2890267404112565,348,0,94.65743383858353,58.87008677120534,Alpha,ui,crítica,success
19.62544984209427,10.289439083346245,314,1,84.38918183906935,22.874914816503814,Bravo,ui,baja,success
23.29740994359047,11.29172267136607,321,2,55.51330644637346,80.8277823288643,Alpha,ui,baja,success
16.061159881285835,7.489843579958523,334,2,89.55011508776806,32.571508637552554,Alpha,database,crítica,success
10.791984683438137,7.224022726703919,333,2,91.11443046247587,23.99215533698011,Bravo,api,media,success
17.009368944874517,7.279509619101859,367,2,59.232882355572656,33.593295917703344,Bravo,ui,media,failed
19.39938009248747,5.288910961091979,380,3,65.83913418930024,44.9531298766787,Alpha,auth,media,success
22.546019321656694,8.525400796846332,342,0,74.86154544749297,9.94109247252345,Delta,api,baja,success
18.245014002757582,9.587117356735847,342,5,61.82353828335181,31.616062714641387,Alpha,auth,media,success
20.67297523517584,7.842716260758776,325,1,94.72226864541881,45.492227284083945,Charlie,api,media,success
16.756679606811815,10.265673242873328,376,5,67.80453733517788,4.494376592338085,Alpha,ui,baja,success
9.889993565595603,8.85603652412724,377,3,52.56843725219369,90.94870067628767,Charlie,ui,media,success
11.554507179154227,8.69662834964467,399,4,72.03196821035817,76.48183214261171,Bravo,ui,baja,success
22.547943499884354,9.30773580340399,366,0,61.70242844731547,52.78991107340184,Delta,auth,baja,success
17.816349252731616,8.748469475589356,367,1,91.11574206268415,112.75454136124307,Charlie,ui,media,success
12.329117898671882,6.560706654189888,321,0,53.19873996311799,17.45895463913102,Delta,ui,alta,success
12.177142631771387,11.080268976044396,341,2,57.28722319123335,1.8571178848562755,Charlie,auth,media,success
11.317125680342494,6.5032286443431015,325,2,80.33922995789908,7.529335252940655,Delta,api,baja,success
15.593893167984115,5.234702418973766,353,4,53.01136149093509,14.206683475524187,Alpha,database,baja,failed
13.999930555468906,6.938248196456263,372,4,93.27597321243957,37.67504380380489,Alpha,api,alta,success
11.232924183554804,8.39785546865736,333,0,83.73097970150411,8.803044643253088,Bravo,database,baja,success
19.856796074555696,5.915511137506224,307,0,89.65694742044434,13.808140832930803,Alpha,database,media,failed
15.074265732000905,10.1187821080598,346,3,79.26759270951152,13.568239487707615,Delta,auth,baja,success
18.03132679783019,8.43395563933021,357,3,58.643163866363466,60.14292879100171,Bravo,database,baja,failed
13.479749200015974,5.892601904246893,353,1,84.49233223218471,44.98286510802327,Alpha,auth,media,success
15.699794853388875,11.87381279038648,327,0,88.39948461507447,39.05101227258875,Delta,database,alta,success
19.13409323609904,8.036374323300125,345,2,54.23720358754508,7.122377146035433,Bravo,api,crítica,success
17.70289598172988,5.656480508780202,346,4,56.38287614681758,4.943847890943289,Charlie,database,media,failed
18.76512497165028,8.304994862490625,358,4,91.7252289771568,24.18572444367915,Bravo,ui,baja,success
7.6934797099442065,11.76878591993561,339,2,90.42044481728226,15.386531788855791,Charlie,api,baja,success
15.708817525186252,6.336156717574308,338,1,50.62957847258076,0.7826271071107964,Alpha,database,alta,success
14.232768552210924,5.045881028765759,341,1,70.95721180434339,42.72694292462884,Bravo,ui,baja,success
12.399205159960683,6.937990243673742,318,2,54.668341749347746,25.402547120887967,Delta,api,crítica,success
12.757214634959997,8.858457645496735,376,1,54.74180960212834,23.608324772601417,Bravo,api,crítica,failed
21.703063173199773,7.401947267940478,340,0,55.87002633139491,13.492506064474583,Delta,ui,baja,success
16.72213840175696,8.775730219291725,351,4,88.03505321149714,49.59170897103368,Alpha,ui,baja,success
14.421573518571014,6.600796356875227,371,2,50.7455814559944,31.328255451207454,Charlie,auth,media,success
18.756102848576404,8.86256264160111,367,2,63.44792346819304,1.3049790029790984,Delta,api,media,success
12.818013001906834,8.913482033725503,367,4,87.55013207555749,1.2947742529213428,Alpha,api,alta,success
15.555401452862583,7.752283072226258,349,6,51.75286469398998,43.47181963547283,Delta,api,alta,failed
20.78744925341021,8.523317664631206,352,1,52.33306428533979,15.04835058376193,Delta,auth,baja,success
13.669487655397857,8.53110233870429,386,1,81.52405665721744,74.37545263363954,Alpha,ui,baja,failed
11.803374910947145,8.836506688504906,338,1,72.38565929466859,206.07055609208453,Bravo,api,baja,success
12.80682901947037,10.738028357017376,377,2,83.3561649848707,88.96221718389883,Delta,ui,media,success
10.796815181922327,10.22540175641897,372,1,78.46317311166786,11.498427283018827,Alpha,auth,crítica,success
16.010649964133314,12.148851827648546,360,3,61.45680169924162,9.707096261251534,Alpha,auth,media,success
16.311447415981192,12.242528917056832,343,3,52.53969320212491,63.16641689534512,Alpha,ui,baja,success
18.422689601962013,7.577199509470593,347,2,90.49377409624867,18.25810019260082,Delta,database,baja,success
22.20704908650997,8.220961321335013,363,1,77.41311822668649,2.265443254262209,Charlie,api,baja,failed
20.620963246994936,5.973393488559742,342,2,92.54301146604121,21.107469900434307,Bravo,database,alta,success
9.996832823457334,4.495826517999314,341,0,81.16336904116906,37.42158724126407,Charlie,auth,baja,failed
22.996435417891014,10.07258368033025,350,2,57.26793156005442,64.30220599170056,Alpha,database,baja,success
15.557113950368588,8.755489459095873,369,2,76.2139665929135,25.235489665453727,Bravo,database,alta,failed
13.453323586241105,14.675093032041016,349,2,94.34387403889559,33.28853881157456,Bravo,ui,baja,failed
22.4225427617739,8.12050232077928,341,2,68.08728781528771,26.945010734035286,Alpha,api,baja,success
16.71542153790512,7.574177814655656,361,2,53.48667192622088,36.77595543289077,Delta,ui,alta,success
21.92316055835908,9.604070766323845,358,2,51.21937819290906,15.307482216507196,Delta,database,crítica,success
14.82590530344272,4.878399911812611,365,2,92.11835560621694,20.626465428860975,Bravo,auth,alta,success
12.07565676744996,6.350620298004854,325,3,92.55070547689684,132.85291353652443,Delta,database,media,success
7.136143695117481,10.164067297027179,334,3,59.60803444380872,0.6552038267254829,Charlie,ui,baja,failed
19.507461260754084,8.493471155213637,339,3,82.2716154565569,48.78903870082914,Bravo,ui,baja,success
11.447662446263541,8.649825226196018,387,1,62.68519833800383,42.992782069216354,Alpha,api,crítica,success
18.48543704156797,8.225236800387332,339,1,75.93998586758971,9.759709876030684,Alpha,database,baja,success
15.479574266465363,5.551931932922217,342,2,69.63372885482386,48.659648982654204,Bravo,ui,media,success
16.889739779213617,4.447393805281283,363,1,69.9356294691097,24.245647652929122,Charlie,auth,media,failed
20.066559639280236,4.668773036506087,348,2,70.43628208572045,35.31485169198989,Delta,database,baja,success
13.058734484212392,9.499147842430256,334,1,73.58829162898473,5.620938677340746,Delta,database,media,success
13.153865655262628,7.913045665206613,369,1,71.70099944924004,6.574341539293528,Charlie,api,alta,success
14.07296665088494,7.894730987221913,342,2,57.446640367852524,23.839150852446846,Alpha,auth,media,success
19.24141508975275,9.84844739903661,328,2,60.782112358137965,13.918959639966488,Alpha,database,alta,success
13.100857181994913,10.382851901466154,336,3,60.33409506548196,37.88369875944672,Charlie,api,baja,success
14.297958876169142,5.269366128168365,342,3,61.10611354699358,33.4203305245282,Bravo,api,baja,success
18.18529799635658,8.965839495251911,360,2,72.57654482848011,32.54116851735621,Bravo,ui,baja,success
18.114981263412282,11.234770548931326,343,1,70.29763257247396,16.408537052571774,Delta,ui,media,success
18.187210264984376,11.382407513392005,346,2,92.46588138164952,7.343030892312527,Alpha,ui,alta,success
15.19620629134535,8.008885990019136,331,1,71.72372977714986,1.240262803515715,Charlie,database,baja,success
18.05045173933929,9.856925946899784,336,2,75.88283046614379,1.2326531074941158,Charlie,auth,baja,success
16.143972278545586,9.46297685917132,353,2,51.86507710837759,3.286270994693041,Bravo,auth,media,rolled_back
12.468739847388692,11.525791734847974,332,4,65.85701159434393,58.63572866912213,Bravo,api,alta,success
22.217537923204386,11.520612282420844,328,3,74.98675958719105,19.285880795603088,Alpha,api,crítica,success
7.5479561079430075,6.0768246128352015,331,1,76.14588788477704,47.26615123249112,Charlie,ui,alta,success
18.382113524852222,6.42434390438523,376,0,63.87102885404602,1.3596012443304062,Bravo,api,baja,success
16.366670731578424,12.154119949944567,375,4,54.92423821473494,1.6589058824752567,Bravo,api,baja,success
15.091110424573875,8.891889376370042,338,1,82.98282644711435,3.958578262478113,Charlie,ui,baja,rolled_back
12.554400046213424,7.164327488730992,342,1,62.74148733355105,21.899317010228923,Charlie,database,media,failed
13.957892910100988,9.150280216778357,372,5,57.11527667241171,7.056923344731331,Bravo,auth,baja,failed
22.222681258572152,7.294695175956384,365,3,73.93668462755159,4.351713370531797,Alpha,auth,alta,success
14.612002931985398,9.389466166151822,353,3,73.18408026825637,5.8311242535710335,Bravo,database,baja,success
13.46205320085977,6.644056832619266,376,2,86.81002581492066,3.2852622382342815,Charlie,ui,media,failed
11.486551429979945,9.178456396540302,338,0,64.72502364777029,4.6519400998950005,Charlie,api,baja,success
13.017685912252325,10.851580827250771,400,2,77.95252498122863,17.676081525237677,Alpha,auth,baja,success
14.662830185702193,8.981928598525972,338,7,50.49729654449038,10.436563331633806,Bravo,ui,crítica,success
9.569111731780021,8.431990468382828,361,2,84.88093925523572,23.31890470153972,Alpha,auth,media,success
19.570791267068298,4.226109947244717,318,4,53.69413135340437,36.04752230442582,Alpha,database,media,rolled_back
15.391308149788754,7.555050065702914,351,0,76.47257510689087,65.14958493109074,Bravo,auth,baja,success
20.86008411438705,8.06664604917731,348,1,69.73612726549618,65.30601225490895,Bravo,ui,baja,success
18.961743410897157,9.042030598806969,335,0,59.135078778490424,13.931022316217422,Charlie,database,baja,rolled_back
20.657547002889096,7.393006516377001,325,2,58.953251127386466,13.542527485638857,Delta,auth,baja,success
9.656408922746635,7.8566653097305945,398,0,76.9901224237401,17.775814465170196,Delta,api,media,failed
17.318334553573045,8.647724191020162,370,2,71.72187331132591,7.613640993833542,Delta,ui,crítica,success
13.552715142805408,6.642367300848701,360,2,65.59950102586299,4.710841358917006,Charlie,auth,alta,success
14.812590201392856,8.345890876901146,367,3,71.21462783543393,5.550068199634552,Bravo,database,baja,failed
12.602090114352915,8.125342696545411,320,2,64.61326778517105,2.43454273045063,Alpha,database,alta,success
15.860417972891332,5.205011433227362,354,0,65.39825531304814,13.076533298939466,Delta,auth,baja,success
15.374525941916163,6.979564979887843,363,0,67.47388235060498,29.694189626523997,Charlie,auth,alta,success
6.520662339474612,7.552958745939108,343,3,90.50408203504048,49.916672807887466,Bravo,auth,alta,success
18.409772355298816,7.548460830327192,375,2,91.29308398114517,84.41769839319136,Bravo,database,baja,success
15.617498289253039,5.503689871532169,333,0,90.92980996123515,7.3371729254722595,Delta,ui,media,success
11.112553439178338,9.561827522200721,356,1,52.059996663592756,16.71414841420916,Delta,ui,baja,failed
10.594288656307459,10.355477329796884,372,1,70.6752126570791,28.823900855069454,Bravo,database,crítica,failed
12.239020446811608,7.66854458890987,349,2,87.4042677343823,8.05234443258399,Alpha,ui,baja,success
8.665460311155012,5.628226749372963,343,0,73.4947068314068,12.212500300724612,Alpha,ui,baja,failed
15.551064266055343,9.111911088724234,346,2,65.79372460022569,53.04815934295979,Alpha,auth,alta,success
21.009375819851307,9.082219476538118,355,1,94.49012310942635,2.060598197097809,Bravo,api,baja,success
15.77152634859309,5.938545500711191,343,1,92.35821934533305,5.831716038286686,Alpha,api,media,success
17.1086189380953,7.635237924798018,349,0,67.4801521608606,48.40110772646486,Delta,ui,baja,success
9.067174835190478,8.66589629622663,307,1,62.87658440764062,4.039239443164973,Delta,api,baja,rolled_back
8.843197106762375,5.45748256991301,311,2,50.36854582838714,1.3828660235729076,Bravo,api,baja,rolled_back
11.414268452342709,7.855672108254055,344,1,75.41658588685095,31.54097416151076,Alpha,api,media,success
17.88427991899288,4.632475310821423,350,6,56.37065862189047,78.48981070115205,Charlie,ui,media,success
11.461992221253826,7.737664370658668,330,2,85.8297009463422,4.265800301105176,Bravo,api,media,success
17.23439410283421,7.393793352048861,329,5,50.14196014497429,38.30184637788854,Delta,auth,alta,success
14.125049980614843,8.125788621822005,367,1,69.91975674289279,3.20533699169755,Delta,api,crítica,success
16.53449392954639,9.461952639286404,326,2,63.880653908709064,4.788437451077951,Charlie,auth,baja,failed
10.84351955901263,7.323590817867903,359,2,81.21492054313421,9.225685324519873,Delta,auth,alta,success
11.204031005716692,11.670606448922769,350,1,61.97225392796099,10.71566054597497,Alpha,api,alta,success
14.583356184066192,6.539600369655043,356,3,85.6617667293176,29.211421652620132,Charlie,ui,baja,success
14.16515558910437,9.631680340590867,350,1,75.21038716076873,27.185943081627258,Bravo,database,media,success
7.845079218991305,8.336609118451987,305,1,88.08491145377047,9.312632862829783,Alpha,auth,baja,success
17.148337684346018,9.019322716722819,334,2,63.98340527084656,29.04343217510491,Bravo,ui,alta,success
7.2012157196286415,11.353217844192306,362,2,90.17936800722964,14.383606262505054,Bravo,database,baja,success
13.339062153787136,5.891694382370321,365,2,70.37373929983005,0.2455749213695526,Charlie,api,crítica,success
15.220518682372072,10.057228447618648,350,2,67.33735950430855,3.8941314071416855,Delta,database,media,success
12.19200112364491,5.3718466140456655,337,1,50.36322981584817,36.88735473485069,Alpha,ui,alta,success
9.3846438697041,8.822984788482373,325,0,86.9882625748869,5.0952145010232925,Charlie,auth,alta,success
13.404704276429918,4.9720291106959005,358,1,68.77751305582933,0.4270170293748379,Bravo,api,media,failed
14.55831280174078,6.297309704631222,345,3,55.24485200410709,46.90756322241841,Alpha,database,alta,success
11.303686194906405,6.7066456055280295,357,1,64.78869967744686,9.380455736070871,Charlie,ui,alta,success
9.571027998336977,3.8313038512520707,351,6,63.82088010548614,7.572854573586178,Bravo,api,crítica,success
10.221582068994852,7.26008774352488,353,2,61.997188947862014,48.25812046028196,Alpha,ui,baja,success
12.88604888284885,5.293116392004774,347,2,74.81965925428085,24.09458432751815,Bravo,database,baja,failed
13.189492453116202,-0.08655269892320305,336,1,87.75536995264702,60.19919125280366,Bravo,auth,media,success
20.677940772645357,7.6684119272716575,345,2,82.73038456216455,43.715869588623626,Alpha,ui,crítica,success
9.857275421937135,9.337426179852304,331,4,55.694696467835456,4.157228154832806,Alpha,api,alta,failed
16.524595757447912,5.615319124173999,362,4,86.66297058342025,6.502573721448444,Delta,database,crítica,success
13.330125595608903,6.752298718190534,338,3,92.89480050792918,47.22371671892224,Delta,auth,media,success
15.371445683150943,8.344394620318456,335,2,81.39111131196842,15.585707399994135,Delta,ui,media,success
12.345661856895115,7.4359663317713824,339,1,51.80250804522075,8.23023084551096,Alpha,database,crítica,success
18.211309558030223,7.157964394810934,354,1,58.24978503631428,59.148022991374404,Delta,ui,media,success
8.187669418421788,10.470270740962357,328,0,62.02110482263379,32.93592070687323,Alpha,ui,baja,success
15.615628290259371,10.754439816150812,376,5,56.901550525799394,40.60019944973625,Bravo,ui,baja,success
15.104301999685452,7.623481674179887,349,4,82.88113622344099,8.929802743953957,Charlie,api,media,success
19.223453516340435,9.185913615488223,350,3,78.57746746507473,39.31548674202977,Delta,ui,baja,success
14.102131542597983,7.453273846151461,365,4,62.330331335542724,66.61217683150407,Delta,database,alta,success
16.98638555749215,8.287611588715908,365,4,54.35060151736252,10.542171858251095,Alpha,auth,crítica,success
16.598535818547337,6.724766782645973,379,1,50.42150572058745,19.043449242118317,Charlie,ui,media,success
12.412348997258047,6.153634696212828,340,5,58.57464367290959,15.589426450431347,Bravo,database,baja,success
14.664948940849863,11.050664709039808,363,3,74.23176304320805,1.022739663720131,Alpha,api,crítica,success
14.465515199961924,10.482326496808174,330,3,81.44630834460258,54.77047529032116,Alpha,ui,media,failed
19.478415421896763,9.081562802925143,335,4,51.388705786084756,2.1164712198078632,Alpha,auth,crítica,success
15.956883890330417,3.515108305392479,339,4,83.13515540445223,13.918380416929722,Bravo,api,alta,success
16.16240886343142,6.870449520924068,359,2,77.68471851246431,59.26689482922879,Alpha,auth,alta,success
24.37440567367455,5.49062242525434,357,3,67.41990164737217,26.559182546024616,Charlie,api,media,success
16.6651924495456,9.288364642425355,329,0,71.72303964267485,62.50767083163586,Bravo,api,baja,failed
16.449924311477126,9.156038269224473,322,5,86.96516689029522,40.745982391605956,Charlie,database,media,success
17.126730501904486,6.739392040577387,367,0,81.82223398820497,13.868116557598114,Alpha,auth,baja,success
21.19216895335924,10.086058446887106,371,2,82.07265400094911,14.218386646360159,Alpha,auth,baja,success
18.845953202423082,9.738623297605443,335,0,87.02551054768264,6.885537402007499,Delta,api,baja,success
16.353744714425854,6.162505424934525,359,3,58.3615450898651,14.538572564721107,Delta,database,baja,success
12.556187982923552,7.8961404062127105,358,2,56.68424745439552,2.394476316869259,Bravo,database,baja,success
16.428208201640793,7.87916671284251,346,0,53.2987932744436,8.784109896630072,Delta,auth,media,failed
15.566034719508753,6.975927673215494,371,2,83.51528576691635,98.62132979425338,Alpha,ui,baja,success
7.654834624885402,6.572776297103962,365,3,87.38390750484541,2.3291524432534034,Charlie,database,alta,success
8.835875814424643,8.792776087343906,314,3,59.64862694265321,2.16545332968235,Delta,auth,alta,success
7.822468542328531,10.603257017772009,383,4,84.10213601076975,8.364677268765886,Alpha,database,baja,success
20.658059633834956,8.698482828267137,327,1,93.63988747354597,2.9635138424764733,Charlie,auth,alta,failed
17.473351567043903,9.785546303025313,382,0,94.40826753852889,48.45756330884515,Delta,auth,crítica,failed
5.598178451202882,6.12316631809415,351,2,65.36879753344692,28.582452572709403,Bravo,database,media,success
16.86812634437646,6.104620457598783,352,2,62.43887463468127,21.723225696866802,Delta,api,baja,success
15.25532775257405,8.824164300989517,386,2,81.01950430776924,7.963273644447327,Delta,database,media,failed
13.974958232718905,6.21054356519572,315,4,80.8530991175212,26.730529210453327,Charlie,database,baja,success
12.021911846986521,8.327165495597974,362,3,65.29930736520328,21.2187713204975,Alpha,api,media,success
9.923898893823093,5.88637050205025,359,1,94.64350962196477,29.742259806876476,Alpha,database,crítica,success
18.450512031723164,7.2257030505849436,368,2,62.19362400355749,14.999230720102787,Bravo,api,alta,rolled_back
12.692261312411938,5.791605616883762,334,0,67.71748306695372,20.84225108190591,Delta,auth,alta,success
14.470930606839879,7.63835243939695,329,2,93.95507146604359,32.51978936690598,Alpha,database,baja,success
17.347312402351974,6.823691591654455,366,3,80.99262055824511,61.86829219456044,Charlie,api,baja,success
17.140001107990408,10.143236723482127,365,1,72.00607088510878,40.08488671279965,Delta,api,baja,success
13.426360252130987,8.812118426981328,351,3,51.113511570729315,98.9598306516066,Delta,database,crítica,success
12.837562331162555,8.007508596200246,344,1,85.85286171641201,10.185759276151657,Delta,api,alta,success
16.037803660938327,6.360222765192095,355,2,60.564757214160636,3.5104936327265732,Alpha,api,baja,failed
10.286884955964563,8.966568904219404,302,1,87.95433738036081,14.46799535304308,Delta,api,media,success
16.224553914194683,8.753314601159433,358,0,83.53071451419964,2.498306192457676,Alpha,api,media,success
15.693924916481414,6.794276854406776,341,0,84.29418851505034,3.808384772390127,Alpha,database,baja,success
16.002312268680843,10.832682869716955,340,1,68.10450697899796,10.275033339858055,Bravo,api,baja,success
13.888303803355942,9.114467970026332,380,2,69.23210595152341,100.15225141683943,Charlie,auth,baja,failed
8.101057062948623,9.962482626478995,359,1,88.34133020602167,38.80424921012936,Bravo,auth,baja,success
6.97318022457725,6.827634281948237,349,1,81.62711564567871,56.37046725745526,Delta,database,baja,success
9.832766678126164,9.878341151107824,318,2,78.40561221470125,7.691921196877956,Bravo,ui,media,success
16.463352913933182,7.87059789449791,317,3,66.11106691183522,4.743381858288708,Charlie,api,baja,success
14.391186984366275,7.49114958606093,354,1,63.61738012172282,23.229562527423194,Alpha,auth,alta,success
12.063623639695166,6.2660945392692815,303,0,58.9853769086767,22.825210871458694,Bravo,api,crítica,success
11.872111772073637,3.5848863794670764,341,3,60.39205918437801,12.100241180509329,Delta,api,baja,success
17.206268139250835,6.169131097158961,327,3,89.63281932636164,5.927454862743616,Delta,ui,baja,failed
8.556636062279729,7.510072243973696,332,2,65.96235705073923,1.0548137639347748,Charlie,auth,media,success
17.992705732361774,10.152489703440319,332,2,57.83707664697431,5.069005463272333,Bravo,api,baja,success
16.797184044950352,8.64020343558194,357,3,86.92137677920982,26.775150283162887,Charlie,auth,media,rolled_back
11.519749918225381,8.257549302476859,353,4,63.61970131169073,14.590144593268633,Bravo,auth,baja,success
14.609008274568238,8.215615197608898,339,1,80.20141209708527,32.16424807805329,Charlie,auth,baja,success
18.572400854865062,8.535036625150155,343,3,63.43846180825494,14.818670265376568,Bravo,database,media,success
20.40366038106501,8.235721603759897,366,5,85.02466685022227,33.95822855412425,Bravo,database,alta,failed
20.955881577234003,6.154593784767273,353,4,66.84636591002345,11.515895828604698,Delta,ui,alta,success
16.48426885138907,10.648297793692793,365,3,78.28983617131598,8.311133801937103,Delta,ui,media,success
14.142107025949723,7.332499170700065,382,2,66.46468234946951,12.963287562139058,Bravo,api,alta,failed
16.821978359756578,11.027402880582132,364,2,50.26099297683686,6.028022535145283,Alpha,ui,media,success
13.967555558975727,5.457299045839661,335,2,83.97826873813756,8.273060236126184,Bravo,database,alta,success
10.988304991583533,6.836337605881971,347,2,86.6382938309107,11.20355786383152,Alpha,api,crítica,success
18.376573931191764,5.746116101424683,322,1,74.93005715426989,31.000047593300636,Alpha,database,baja,success
17.778635103586538,7.990368636110137,364,4,68.12053286354057,36.81266712940751,Delta,auth,alta,failed
20.04401499058921,7.873209636707841,349,5,61.555663858307526,1.7899815067648888,Delta,auth,crítica,success
21.666237157350686,9.15593134527207,347,4,69.15736490860581,16.812425392148402,Alpha,ui,alta,failed
20.887431752357372,9.192028779194873,357,2,50.31488815322518,25.665127939467723,Bravo,auth,crítica,success
18.15726282033772,8.186232192895204,357,3,92.69463144009933,1.6202492240032769,Charlie,database,baja,success
14.854182915266627,10.944154183559437,358,3,73.97875654278323,2.5763797513255446,Bravo,api,media,success
14.634866893429992,9.321666987059047,339,1,67.06517497892492,88.21312714609053,Bravo,api,baja,success
13.348548243832392,5.783382289281519,363,1,82.12072869995609,7.42394257709384,Delta,ui,crítica,success
11.875755206719674,8.328767008589244,343,2,50.27923726825975,19.194783793350453,Bravo,database,media,success
13.439628858352474,9.736810232726006,366,1,64.97866760240868,1.9349075183272362,Bravo,ui,baja,success
17.45535048803703,7.236072227452552,384,1,70.05463217850775,7.234276134520769,Delta,ui,media,success
16.53870808133297,5.742608504162953,372,3,55.20972635014914,2.2819651931406466,Alpha,database,alta,success
10.177373400726506,10.68189235203576,341,0,52.032953856978565,10.579158648848534,Bravo,ui,media,success
19.791404880056152,7.323268832634919,349,1,55.3872328158468,53.21813326792645,Bravo,database,crítica,success
20.16456506662741,6.891651162315828,407,1,52.46864305692725,2.696514714766979,Charlie,api,baja,success
20.932286410082096,7.757753673175244,370,3,91.93235672195442,25.5511419241479,Delta,database,baja,rolled_back
10.10561905675363,7.389673220138068,377,6,60.67269782302901,29.861302456741626,Charlie,auth,alta,success
13.347301462515881,9.475487349610983,376,1,53.61143170390278,4.558301076292992,Delta,api,media,success
13.361676535150822,8.892368180975286,349,2,79.66166667174548,40.83613058723031,Charlie,ui,baja,failed
13.195341126951178,10.479922786481634,369,3,50.45701475231908,75.5426448543274,Bravo,api,media,success
12.741204193087428,7.757126133211211,360,3,78.45324162510224,23.644523929234666,Bravo,ui,media,success
12.759958662013192,8.268773340161921,359,3,94.08913158345968,5.246001664549112,Alpha,api,baja,success
11.117767732031181,6.921804048931171,334,1,82.90998474345542,8.583012353628874,Bravo,api,baja,success
12.748705815306279,9.262666994477344,356,1,78.70591353042983,6.072812173515558,Alpha,database,media,success
13.671854226807124,5.671254040525754,363,2,88.52813062025234,26.234991054846446,Delta,database,alta,failed
15.774600438997185,7.9773830660325356,343,1,74.28637431701645,6.163062494533968,Bravo,ui,baja,failed
17.422571425088883,8.777957010916165,348,4,64.42501906189136,0.42375513911247253,Charlie,auth,media,success
18.831494397700027,9.427134995542588,360,1,54.72272176644765,18.107260285799793,Delta,api,media,success
11.796726244062413,6.721785724419666,338,0,67.77132806717418,43.624194679628,Bravo,api,media,success
15.170194622420968,7.314970934315339,362,1,72.34504768508486,25.307568489497,Alpha,ui,crítica,success
24.34280344805363,6.992904748280051,364,2,78.13789742300287,0.990688806250221,Bravo,auth,media,failed
13.15253017671206,9.398280627216005,330,4,89.03948453837074,14.986288670450449,Bravo,database,baja,failed
17.96171962416263,9.56055076137742,329,3,87.94096707133576,24.79335214096814,Charlie,ui,baja,success
12.20662135727093,7.309631806431939,347,3,91.2006118602585,10.475036267191172,Bravo,api,alta,success
19.261475605822497,6.773669767743883,359,1,59.029927384108305,23.175954747095076,Bravo,auth,media,success
17.18206728535505,7.442753530835815,359,1,79.22893242794089,8.617360789328814,Alpha,ui,media,success
11.327162719027179,4.730919088700629,329,4,73.95116211264394,0.9731510505080223,Delta,ui,alta,failed
19.100765374704274,4.8703408593733375,364,3,91.47375638596714,34.365277980878325,Bravo,database,baja,failed
19.502953611624523,5.427992611145344,338,2,84.29347340250388,9.823786452412605,Bravo,api,alta,success
18.531201539993624,10.159558377851571,363,1,57.99737041350454,25.97105944800883,Charlie,ui,baja,failed
3.9276855565972397,9.575012434363238,356,2,81.45945440628566,40.13538184560357,Bravo,api,baja,success
15.575306315425056,6.213710665427817,326,0,73.21727149421349,10.591379836854161,Bravo,ui,baja,success
21.079532500607215,9.295726297965038,354,0,71.38818212901242,74.71267354085084,Bravo,auth,media,success
14.314735687915734,7.481378760750465,384,3,65.37732381490059,92.52396065734408,Bravo,auth,baja,success
12.367420002728197,8.817371562143611,317,1,86.75822192337364,9.988657895475626,Alpha,database,crítica,failed
14.38282159165445,10.414177161150848,325,2,87.34973826794885,11.681459158658981,Delta,ui,baja,success
5.4678427346531855,8.445429631275246,389,2,81.20399990817532,2.345062152310474,Alpha,ui,alta,success
10.446811634873587,9.593992829672276,348,0,66.55164986499585,12.864937864243984,Alpha,api,alta,success
14.650977868749845,9.562566061913952,356,1,75.76749370782636,20.5263719918889,Bravo,ui,media,success
18.34130688257681,10.516590068121122,346,3,66.04900080477819,1.2025498652571152,Alpha,database,media,success
15.848443472766023,9.92852890275602,373,3,55.26604262879118,17.05594841290026,Alpha,auth,media,failed
17.56538520561822,10.096826886670982,339,3,64.18441932881251,8.348101641444396,Alpha,api,media,success
10.87159612885641,6.941391988656347,341,3,84.94505118578672,26.459840810345337,Charlie,auth,baja,success
20.943082615012415,7.542061266266557,364,2,64.7393984964583,20.31879101592808,Alpha,api,media,success
19.761904989111635,9.399873912340196,364,0,60.792223741300404,12.719776578247547,Charlie,database,alta,failed
17.468906925905742,7.6884524818763795,334,0,67.69499834976159,50.4631917595419,Delta,database,baja,success
14.308246702136515,9.62394531263495,351,1,91.95033883792348,0.895312126672478,Bravo,auth,media,success
18.4463217630279,7.533619015682578,384,1,94.27884572534822,9.71734955906868,Delta,database,crítica,success
12.519656301822236,9.357035979592887,346,1,62.02532327733934,7.665692364978455,Alpha,database,alta,success
11.48714781092638,4.660130560057366,293,5,68.095225058496,13.21623722317458,Delta,database,media,success
6.085619412495177,7.173445388415839,372,3,83.41401157900691,19.50235705721884,Charlie,auth,alta,success
15.773052901070008,8.510637587778502,355,2,56.6962984832935,50.970714253142745,Charlie,ui,baja,failed
5.749373132238773,12.609447722504578,357,2,85.70816161110997,0.5900520645081997,Alpha,database,baja,success
14.902664831457075,6.860141259062894,363,1,89.35457615181804,14.532395705580711,Alpha,ui,baja,success
16.76536235695621,9.132996350937049,364,2,85.38803397212178,44.49256418443738,Bravo,ui,media,failed
18.15830701507827,10.635236170946675,375,5,67.57550573907793,43.71236501432477,Bravo,ui,baja,failed
19.087278506730893,6.472924909265805,342,0,80.56923135067336,41.41139168835698,Alpha,api,crítica,success
17.461044638148387,4.88886504018352,313,3,51.32639424642548,14.311992678791285,Alpha,auth,baja,rolled_back
11.561688575325636,7.044480021242195,374,4,94.85645073000342,7.471311986446381,Bravo,auth,alta,success
18.562995905475905,9.088761202126719,359,0,73.29299998818897,20.095952314953983,Alpha,api,media,success
15.253098989949613,6.1430139666391685,300,1,75.77945466269739,10.978960108011961,Alpha,api,baja,failed
7.541355777760113,6.587010065623795,341,2,80.14783293940127,1.0694454610347748,Bravo,ui,baja,failed
14.547452596307199,9.419001845402788,359,2,90.04636034253053,3.9202023558318615,Delta,ui,media,success
7.866454496499361,7.969588598776311,369,0,92.37018246902153,7.599885921925306,Charlie,ui,media,success
10.786038237105352,10.465639153093658,355,1,56.09398231841624,12.353632852435112,Bravo,database,baja,failed
12.522581290781345,4.32047161710774,345,3,51.54455591808073,6.593668599301061,Bravo,auth,alta,failed
12.652245693923444,8.149971810636742,346,1,83.82502541993745,16.53436606004834,Alpha,database,baja,success
18.707902927774356,8.029325277650996,354,0,55.88075892883353,29.52816065300017,Delta,database,alta,failed
14.738376618649996,9.453441422827801,333,1,76.92693262826651,13.59038506820798,Alpha,database,media,success
11.251552964899343,10.614012688415258,354,5,80.40218743844889,24.13691682267695,Bravo,api,baja,success
12.464562264954338,9.605295828569165,350,2,79.34059575432912,26.48599221456557,Bravo,api,alta,failed
12.699102855939728,6.844423980899734,367,4,73.5296235664282,88.05607748970615,Alpha,api,baja,success
15.75288416703734,8.736197964687246,327,2,62.1886066487059,56.28390370006886,Alpha,auth,baja,success
17.158623897851726,12.068522217133804,351,1,86.22165982960723,30.811488746588523,Delta,auth,baja,success
13.316463721371953,7.067485585471561,367,2,69.3510398035869,14.533208325505257,Delta,database,baja,failed
13.642133760091658,6.683335616352069,338,1,52.62756182462908,6.8883275762200356,Delta,auth,alta,success
17.07232155345302,8.962392373064368,323,1,63.17798800650053,10.932310871779919,Delta,ui,media,success
11.522449515947102,12.831493572888522,315,2,52.627243018941954,5.231037799268961,Alpha,ui,baja,success
14.357316343380695,4.243463763485195,360,1,94.3238064844627,4.551330751180611,Alpha,ui,baja,success
14.429532853579836,5.638185952181486,361,2,73.69323771912605,5.024165172978292,Bravo,database,media,success
11.939156128623184,7.263651028519317,341,0,73.74828142579645,14.696089815348387,Charlie,ui,alta,success
12.360797714731941,6.387904387506684,336,2,63.56338866869919,3.279439706001779,Alpha,ui,media,failed
13.770378238346233,10.36534300586475,374,5,79.60927280946635,92.09179272564162,Charlie,auth,alta,success
11.472290199175928,7.200068099107325,354,5,56.446628032717854,79.92503767802354,Alpha,api,crítica,success
14.618619365006294,11.468640559973263,364,1,66.32362320669927,17.832855350261024,Charlie,auth,baja,success
9.89612250770358,5.376974465927855,353,1,60.02266758005135,24.153869110197544,Delta,database,alta,rolled_back
16.502339935859226,7.870457116916749,358,1,84.89126933272928,92.05165717838707,Alpha,database,media,success
13.123078509614578,7.776015948718115,354,4,73.0808403773699,8.02130426466465,Alpha,database,media,success
18.19573281447684,10.487242004129001,362,2,83.16276776138693,9.064693283289671,Delta,api,media,success
16.70515279703486,6.135251350948374,364,4,75.88424189481884,21.363348966692726,Bravo,database,alta,success
12.951471947225977,7.282020241219211,343,1,68.5528297291603,16.89192724127083,Charlie,api,alta,success
13.60993785209707,9.057060081181449,347,0,80.1841643510852,26.599555983131225,Delta,ui,baja,success
17.437570985547893,7.0054132338891355,294,5,64.24887214088812,4.621431514620781,Charlie,ui,alta,success
17.941857272146798,9.978071024390335,330,4,92.17597976559773,1.4115085043013096,Delta,api,baja,success
16.906834242693293,8.756711801878382,361,4,55.20481069921516,9.171575088053942,Bravo,database,baja,success
16.31314306712781,9.034862141513546,346,2,84.70802882802673,8.79336979240179,Charlie,auth,alta,success
7.874930098985522,8.16628837355394,349,0,92.46431499253958,2.908021075960368,Bravo,auth,baja,success
15.477585685381595,9.682287364738444,343,0,85.95640041166916,37.49512830174981,Delta,auth,baja,success
9.326818511933926,11.875745079137394,312,1,65.15784672927111,5.910713419318199,Alpha,database,alta,success
15.304137510615508,8.323501352101818,387,0,53.1752475630492,29.49553690004855,Delta,database,baja,failed
12.356667031156597,7.25279131038266,330,2,79.23419732134789,6.06872770298741,Bravo,api,alta,success
14.577975815766122,8.01861038810745,373,0,78.6691713531036,3.1525947078632806,Charlie,ui,media,rolled_back
10.279656449652302,8.488863838418425,330,3,56.07427433715202,30.184634863322074,Alpha,auth,media,failed
14.342563254149052,7.988185420536006,360,3,59.8035928257741,56.29441858525601,Alpha,api,alta,success
21.0777630972704,11.76294028093805,350,2,70.89567519258708,26.426353073602016,Charlie,ui,alta,success
22.300660312694582,8.358073835203164,332,2,58.642497955588624,7.730757236480713,Bravo,ui,media,success
5.045440599385872,8.314011218638603,361,4,51.839444829383865,40.4280047247511,Charlie,auth,alta,success
8.382710998441066,11.945766284963039,381,4,81.03887191042304,10.835765361785889,Charlie,auth,baja,success
9.316578874512334,7.687031132523344,358,3,61.9081594212912,3.416796717029721,Delta,api,media,success
9.89481373499264,8.437466763600483,370,2,67.24034249549732,2.6790884339642536,Alpha,ui,media,success
23.316403197490214,9.994513846767491,347,3,79.53852128004655,21.668673074727348,Alpha,database,crítica,rolled_back
19.062144082729155,8.199056942958812,336,2,54.48914186679758,8.07944839084647,Delta,auth,baja,success
14.561548735299846,7.591594330740907,359,2,91.44751791725866,1.0492979371585376,Alpha,api,crítica,success
18.926075524117252,7.111677713444218,322,3,70.56036551715806,18.75507273483824,Delta,database,baja,success
24.04538882724249,6.465266441497823,344,4,56.19901198660955,56.38780800695744,Bravo,ui,media,success
17.548359695214245,10.098774291813427,350,1,93.0631606199313,10.646020341664553,Charlie,database,baja,success
22.102146171387965,5.7081918522876105,347,2,90.57533413171768,32.85398972678691,Charlie,database,baja,success
10.409993810120788,8.271303937547698,361,3,87.28137008030899,19.193618739470445,Delta,ui,baja,failed
10.682709624981818,7.387070457762689,336,2,76.03602729621343,46.42118838227807,Delta,database,alta,success
19.271799435169708,5.142321970064804,385,1,50.297915627015755,26.531779534106548,Charlie,ui,crítica,success
18.56701276545704,7.702655967411382,301,1,74.75434267660603,11.1864346973598,Delta,ui,crítica,failed
18.480386039758834,10.041922800523661,359,6,93.66346978000365,0.35171760991215706,Bravo,database,alta,success
16.943049859474243,8.80094240462874,369,1,68.88101532123983,15.647153936326504,Charlie,api,media,success
13.115625228615794,6.461811768891588,346,1,63.09727690066211,101.92504736176187,Delta,api,baja,success
18.798519975282183,9.240451137523168,337,4,67.51896417583339,27.20652993667632,Bravo,database,baja,success
22.39091036516828,8.80899952039504,362,1,70.80495601054281,37.65057637090882,Charlie,ui,alta,failed
19.96162971548293,8.206289496245379,350,1,83.76740217208862,18.364255628471664,Charlie,api,baja,success
9.476743126595036,8.59953674300571,372,2,55.15725346747786,32.10591707277804,Charlie,database,baja,success
16.898707509165927,6.921756525404313,374,1,65.00867501483299,0.9306870983230746,Alpha,database,media,success
15.04938543195078,6.6041397651029214,342,3,81.23657950665802,18.135783477609447,Charlie,auth,baja,success
15.348399749142907,4.284022695726581,354,2,60.21837557898834,10.255368053913116,Bravo,api,crítica,success
14.270527224946699,6.413495301370724,345,0,82.42123133852147,5.133195631206036,Alpha,database,crítica,success
9.937318936698734,8.31291453142146,318,2,93.1299170514103,51.483716913025184,Bravo,api,media,success
16.325135651762956,8.043940143401366,355,1,76.1742142541334,1.6084137756896228,Bravo,auth,baja,success
20.406914523946583,8.860572409770944,340,1,88.51282534888014,21.391626186276753,Delta,database,baja,success
21.546262945050756,5.295399846334568,319,2,89.64009376009926,49.9998393475565,Alpha,database,baja,success
16.919728915410747,7.3929597097659165,338,4,63.32119129248895,11.364684294909239,Delta,ui,media,success
12.05473635496857,8.046138240167178,353,2,57.973867944674566,9.741857092400128,Delta,database,media,rolled_back
12.667933522345596,6.417502294278082,331,2,65.18749866518192,65.74888385529843,Alpha,database,media,failed
12.554272072194456,10.098897542882582,393,1,69.963942123577,28.618088743572528,Delta,ui,media,success
17.413400174443566,5.473308593852399,337,3,70.4260020586662,36.06354586602083,Delta,auth,crítica,success
14.056946642570756,9.084455051353157,349,3,56.565362982219085,9.246739203429167,Alpha,api,crítica,failed
26.616864366493544,6.7513626495032995,356,0,83.46121724229306,3.690840831361635,Charlie,database,media,success
13.926834882738333,8.401702796442995,341,1,87.20456380979158,5.066189657896757,Delta,database,media,failed
15.592371393612165,10.774457702715353,345,1,79.34828221099451,86.64171665058919,Alpha,database,alta,success
14.172820068658863,8.487035737469538,367,1,66.39018705347553,14.264271631836891,Charlie,database,baja,success
12.42975944619381,8.05695153992789,367,3,61.61085483501665,8.352160457521677,Alpha,api,media,success
18.390287295538272,11.584932195191453,336,3,59.90224842331372,0.41096218675374985,Alpha,api,baja,failed
12.889711494397382,7.306600009190493,320,3,94.91038556327112,28.802452213053996,Alpha,ui,media,success
15.009483028432527,7.314945339137343,370,2,73.244196891319,5.950575761497021,Charlie,database,baja,success
13.87247906579487,7.627186865374345,324,2,91.21674515889026,5.559373866766691,Alpha,auth,crítica,success
3.68610139045081,7.943442896868313,317,1,67.8463004087098,2.549398921430111,Charlie,database,alta,success
17.603721265310792,9.283975307634854,345,2,55.87229223223403,19.446820123783894,Bravo,auth,media,success
15.631036684453335,6.53961223542183,348,2,72.5238118658308,26.71099177647143,Bravo,database,alta,success
11.586251909338525,9.442571560969867,315,4,83.1380697293207,72.33918399765926,Alpha,auth,crítica,success
20.452400343896283,6.894468159698808,348,3,69.82054902939126,9.50690621137619,Charlie,database,baja,failed
9.948415315315376,3.937620904072266,310,2,84.93551241233945,10.42174631247899,Delta,database,media,failed
7.888213817117049,8.057581701878965,349,4,62.395815666532144,46.90089230037747,Delta,database,media,success
12.252321419697765,7.009403261729506,308,2,92.51652250415646,7.1405285485088825,Delta,ui,baja,success
10.26265791082697,8.732462457321315,349,2,61.22253779438324,1.1533477865159512,Delta,ui,media,success
18.15870920691059,10.889173411819604,341,5,64.78782921680249,1.8787422515451908,Charlie,ui,baja,success
15.343855083801074,6.064549611706876,352,4,85.12204660684802,8.141745784856893,Alpha,database,baja,failed
13.519754229682388,4.380760303618271,363,3,62.71334629855119,8.784453246742487,Delta,ui,media,success
15.037345468172308,4.932547081974021,302,1,81.06425358098932,29.3205945332697,Bravo,ui,baja,success
11.195761633308706,2.5414523111218656,349,3,67.66909154248424,6.027505349367857,Delta,database,baja,failed
15.726870845591218,4.0857729536919845,344,1,91.76412505214103,45.99801783062039,Delta,ui,crítica,success
15.761359376131427,9.499179463588579,362,1,91.26615690765902,29.561231753711994,Bravo,api,baja,success
14.713044922407523,9.479587652335328,336,3,69.82052008039318,3.751134854349335,Bravo,ui,baja,success
14.988593159797622,6.887619593906675,356,2,65.09456897620112,54.320607703879745,Delta,ui,media,success
10.567124152350093,6.836862199398381,322,1,80.12460334342904,39.00502061315125,Delta,ui,baja,success
18.740767069494378,7.342448174234906,338,1,90.64135863445699,1.0458061065235817,Bravo,database,baja,success
9.056642193050687,9.911484243878888,356,0,90.22513953736052,15.729346700012684,Delta,api,baja,success
23.914167593706033,9.05279597975819,335,3,67.76363827870227,9.903541926294565,Alpha,database,crítica,success
21.496540890151184,8.627524051791626,312,2,65.82065653521568,21.51790404963999,Bravo,api,baja,success
17.07905850101334,7.117981268578603,340,1,52.22747468505986,1.559629920624689,Delta,api,media,success
9.591885452952004,7.077957766526678,358,3,84.19676037388854,53.71706901188222,Delta,auth,media,success
16.704495310515362,5.137659857596994,359,1,74.99270860105753,13.943481110036373,Delta,database,media,success
8.347249659173306,1.758897274997273,361,4,68.85105113848113,19.911066747193626,Charlie,auth,alta,success
13.920225512676002,8.216825973657787,350,5,58.77539229695685,2.146449840586162,Alpha,auth,crítica,success
18.16316383909551,4.618512321470181,368,3,63.13931950018741,16.009897984564304,Bravo,database,alta,success
18.362434555091994,6.663894795331819,289,0,64.6216326940339,47.927212668429,Bravo,auth,baja,rolled_back
15.131877939401857,7.815092557356741,315,1,94.35604263446294,93.78061879667189,Delta,ui,media,success
14.047344984605818,8.840904122639058,366,3,68.5530782211572,0.4482631699949948,Alpha,api,alta,success
16.05420914460327,8.644304936167998,357,0,74.90396350389346,21.841637535875133,Charlie,ui,media,success
8.632859303739153,6.99759997421427,375,2,54.207931456621736,46.4394794327668,Delta,database,alta,success
13.495059724612261,6.739414659305394,331,1,85.47634756891057,8.191920507699251,Alpha,database,media,success
22.2501085996415,9.604926725331747,346,0,92.98524207086302,28.107032193725402,Charlie,auth,alta,success
8.047601269528435,9.66688697829582,363,2,57.07731155445799,0.27411905807256065,Alpha,ui,baja,success
21.51644460298122,6.1083180062785685,370,2,77.47211841167882,95.21216098206516,Delta,ui,baja,success
17.11242176595403,6.119069190467157,362,1,67.35038288636133,11.774271686649215,Delta,database,media,success
13.558223253609782,7.820623346672394,349,2,77.1951103315223,3.236414171755314,Charlie,auth,media,success
23.950467562447265,11.104060670129158,338,2,64.39490336575545,16.487202007323503,Bravo,database,baja,success
14.83920153010015,8.211535930362873,337,1,90.39942635688931,7.845524927204603,Charlie,database,baja,success
22.576501326255993,6.667335235762576,357,2,88.265790482983,49.11577749050676,Bravo,ui,media,success
15.099218599750657,5.753189038712161,353,2,52.60033305501565,1.0674053505063057,Delta,database,baja,success
17.21370161240178,8.399077290013885,345,2,53.66811476415023,10.468181557953358,Charlie,auth,media,success
12.702596218231129,8.501682780212935,373,1,90.97265007789247,65.31102950568524,Alpha,api,media,failed
11.286651974241986,3.9099708130160913,370,1,84.17305086157285,4.709369321934386,Delta,database,crítica,success
6.998298234820734,9.428690944781204,375,2,74.83759349910542,8.604598112404346,Bravo,auth,media,success
12.511725214803342,8.523272756592872,367,3,73.09656478581019,19.611729806569084,Delta,ui,baja,success
17.908582265940968,9.838464831916443,344,1,53.04331612423994,167.16504799338531,Bravo,auth,baja,failed
10.591266787018592,7.777829750300707,328,5,71.439318517223,5.967024216971794,Charlie,database,baja,success
10.362148916586577,6.817438592843488,382,2,90.646167981904,63.6009432494196,Delta,ui,alta,success
13.244377440989123,8.243585335575975,350,2,81.45083749550395,0.37437675620010136,Charlie,auth,baja,success
15.636536827054213,5.995908637400877,374,2,87.98576154396869,85.34808445962813,Charlie,api,baja,success
13.02159725786792,10.358282807008088,349,1,88.76801141654141,28.42767953026801,Alpha,auth,media,success
19.849471382324126,5.350544699343903,334,3,66.69332042569295,55.4350274621996,Alpha,api,baja,success
16.17052970364731,8.489973953634072,348,2,86.98971508536488,25.46853489327937,Charlie,database,media,success
14.85583015587055,8.786705483155233,331,1,60.14231352717616,1.2616111917224675,Bravo,database,media,success
10.589535589735267,7.278401545535732,353,3,69.39198189065792,30.989954597239787,Delta,database,media,rolled_back
11.257438852203723,8.603069823406031,340,0,79.5295690302737,54.65871441938148,Bravo,database,alta,success
16.843349307281215,6.44058010706467,346,2,88.31627647741698,24.48030093270425,Alpha,database,alta,success
13.670546149557504,11.293670887068838,358,0,74.03866659384221,52.18662826414433,Charlie,ui,media,success
19.424653075289772,10.44093487914377,331,2,57.20730363042094,25.598679161553676,Delta,api,media,success
8.46522558059548,6.933506894817547,344,1,51.38944817124866,47.22561549938737,Bravo,database,media,success
16.34077120238149,10.525978586163262,322,0,67.76343495468609,13.059435222297907,Alpha,auth,baja,success
12.90137022003943,8.357152342468435,334,2,71.57325162785128,16.025850892066956,Charlie,ui,baja,success
20.85348430120882,3.0018003557123922,331,1,77.44924004888162,1.1865162854175944,Alpha,api,baja,success
16.708712167946327,9.45129695848874,345,1,74.27353069535457,16.565281480550766,Alpha,api,baja,failed
10.899480719294608,8.74099487543149,348,5,86.240078213159,25.10182631660014,Bravo,api,media,success
9.76776671470878,5.718345245802573,354,1,91.19322015321814,27.663226782267387,Bravo,api,baja,success
15.918407546514533,7.539925684483636,377,2,79.8974172747694,17.03774766620847,Charlie,auth,baja,success
13.771914888752349,10.61671281547436,336,0,77.7879727887921,8.519694820046425,Alpha,api,crítica,success
14.66466760183126,7.848889128996994,359,4,70.1627864211332,4.383668387783862,Bravo,api,baja,success
14.33707263755574,9.47686013251309,317,0,60.27734674164094,11.584113512188196,Delta,database,alta,success
17.620050234654006,9.336085245532365,364,0,70.59125280939043,4.4797125197947025,Alpha,api,media,success
10.70066108728988,5.938325641378112,352,1,58.20473723113537,3.4351532086730003,Delta,api,alta,success
28.883638413863594,8.715408860135442,340,3,75.22780991042964,34.27690221167622,Delta,auth,baja,failed
16.17632356953607,8.987551505344005,358,0,70.77544516301714,2.4419442862272263,Charlie,ui,media,success
12.854504614614436,8.892584309641483,353,2,81.58385894843377,2.966637834906578,Delta,database,baja,success
14.420906018217185,5.16446233929163,346,0,57.34270247397944,33.71968469209264,Charlie,database,baja,success
17.16852211136221,7.305728270567822,348,1,50.59618213097565,2.8316346073018197,Charlie,auth,baja,success
17.536700772769635,3.389414039397251,392,1,54.60417780908756,38.161558938396325,Charlie,database,crítica,success
7.9005757243802535,9.185832026216447,349,3,88.53361338027753,41.47304816342412,Charlie,auth,alta,success
6.735456461253751,8.765033087557974,329,4,71.44799629109912,70.18320643498537,Bravo,database,alta,success
14.640372362147152,10.119884201785393,341,2,68.44083773787133,5.572655059397221,Delta,ui,crítica,success
18.34720871223475,8.037272477941348,333,2,93.31251968280412,1.0278824977576733,Bravo,ui,baja,failed
15.664963332374128,7.804056074932623,347,2,79.39690599800088,8.899973020375475,Alpha,database,alta,success
19.10210229378449,7.531027507609643,349,1,86.88917014398612,22.737678534506642,Bravo,ui,baja,success
16.61275383253174,5.942712994228879,351,1,68.92736425972544,40.412933884034736,Delta,database,baja,success
16.6463684794512,7.380009803574072,342,0,79.80978209874593,3.1755845434963703,Delta,ui,alta,success
21.720747312089788,5.811834048857463,383,1,67.6349625387229,0.7704171761870384,Alpha,ui,media,rolled_back
10.751569707059655,13.11049573207039,346,2,84.982027040096,74.9930030631319,Bravo,auth,media,success
11.83505740128738,7.875170634008782,345,0,75.44431084417738,120.7225584320482,Bravo,api,media,success
16.55404909664394,6.748009968426025,364,2,50.59851193334907,10.628251813352108,Alpha,api,alta,success
16.015993997801495,8.080808632302876,327,2,91.30672348546796,0.7472158335149288,Charlie,ui,baja,success
6.251326829656099,11.93417797215696,358,0,77.19358726637438,28.69236630845576,Charlie,api,media,failed
17.151201733133885,9.713990930115214,362,0,65.50764168496244,17.82172769207268,Bravo,database,baja,success
9.840454353172674,14.257588472526368,345,2,55.33209480228834,7.895100678370772,Bravo,ui,baja,failed
10.097824119364937,5.711106828567276,333,2,70.308709529927,28.090841670446437,Bravo,auth,alta,failed
21.908454211103013,8.69499897985593,354,0,67.634020622354,6.680149119347334,Alpha,api,media,rolled_back
19.64143121316121,7.34034496780146,371,3,58.4928903717082,44.59902114964543,Delta,auth,media,success
12.00735366499352,8.460017472329252,342,3,53.77636320888996,5.219029292464256,Alpha,auth,baja,failed
21.66668929972163,9.051448193172813,360,2,88.70924650109373,1.5780509524047375,Charlie,api,media,success
12.881210301714738,9.345814471362065,361,5,88.39966900646687,4.779343944042921,Charlie,auth,crítica,success
19.114593402557063,6.919882741588038,365,1,74.97990699368529,18.243313952272228,Alpha,ui,baja,success
20.506871964259616,6.713712983865269,324,4,83.262076015817,3.7915945664954016,Delta,auth,baja,success
20.324011833050587,7.3560048601485954,340,1,65.44800297706388,28.20406606692582,Alpha,database,baja,success
20.018623797743402,8.31162504274138,385,0,58.479432492749766,1.285406704992056,Charlie,api,alta,success
13.850661784762929,7.56458192343541,322,2,79.69548750435933,51.71103545454602,Bravo,auth,alta,success
12.813057927363658,14.026899805963073,353,2,91.61732794134878,16.772536507730774,Alpha,ui,baja,failed
20.01570988426002,9.743203221943286,345,2,65.89705677586608,4.493235167115927,Alpha,database,media,failed
14.713108324163956,5.878293753990736,393,4,59.2537701735273,38.67691770286986,Alpha,api,media,success
12.270253514942926,3.9379203467148587,370,1,58.47662387415767,1.3021750636221903,Charlie,database,baja,success
10.900014166857321,11.38255347215343,343,3,59.154012156650424,8.509658508002758,Delta,ui,baja,success
20.206311258866137,6.99314742287193,316,0,67.1483500499744,36.924661470423324,Alpha,database,alta,failed
18.032243301626735,11.267122356159764,360,0,81.0003823786974,34.18884520031033,Bravo,api,alta,success
20.918457341504798,6.996514189768925,365,3,52.06103387172334,21.082232377200103,Delta,ui,baja,success
12.521750374341472,6.80911749762137,378,0,62.64465982909314,18.715875109524305,Alpha,database,alta,success
16.038748909024918,8.152077682941828,370,3,90.79350905725732,1.7263757698237896,Alpha,database,baja,success
10.653916300090522,8.08400380752236,329,0,87.62228905106895,4.35184521228075,Alpha,auth,media,success
15.3448942527759,5.0650160139136275,364,5,53.83972874144092,2.6087731160223484,Bravo,api,alta,success
11.615190203789577,8.381816107468818,389,1,70.32313371659257,2.881548944860697,Delta,auth,media,success
16.555623457481552,8.926651668035563,349,3,66.65503575815819,9.093342527747154,Delta,api,baja,failed
14.849456738614435,9.063537101798044,344,0,62.830094726523384,3.235518351422452,Alpha,database,media,failed
20.782406595703304,8.248605511192846,347,1,82.61063931044191,9.141314752399921,Charlie,ui,baja,success
16.26889792841074,5.848914744623585,343,2,80.20665298681706,11.100753796151471,Delta,ui,crítica,failed
13.384078036723638,9.937608920763335,345,2,82.29602255276404,6.4178240557733,Alpha,ui,baja,failed
8.039050678099027,6.9521314846525355,366,4,86.40819136286154,10.663881115615368,Delta,auth,baja,rolled_back
13.188714884319527,5.444458973646,337,4,75.08018862805329,16.276406552642584,Charlie,ui,media,success
12.65564997376162,6.30600215312422,351,1,87.59054016205482,40.03510594166337,Delta,api,media,success
19.59167617726555,6.322598821826767,349,2,78.40931587386876,30.837497144556913,Bravo,api,media,success
16.829453038578773,9.473456204349795,352,0,66.8762361840345,44.48556040025769,Charlie,ui,media,success
12.648774551765712,12.59222266123755,332,3,81.48636222234927,17.294135702994218,Bravo,api,baja,success
15.911659762779786,8.982371623217368,349,5,86.98237131233327,3.2945748567581177,Charlie,database,baja,failed
15.536590967384983,7.96806764437583,331,2,68.1403312960174,45.596643714080436,Alpha,auth,baja,success
16.317311088457032,8.872646627217833,368,0,66.1867448000703,37.51012001730023,Delta,api,crítica,success
13.809951145428823,6.312708935483534,338,1,74.06762500060722,6.023201186209917,Bravo,api,media,success
19.73995189225809,6.999435527170593,349,1,83.09965252294205,77.73782314570634,Charlie,api,media,failed
20.238141546501076,8.699765764936174,356,4,71.5506569086574,2.007734030485153,Alpha,auth,baja,failed
10.31817893953827,6.766899285403442,357,3,88.84548296919093,1.9597611403583362,Alpha,ui,media,success
18.984475465200454,6.980358502912792,380,1,94.17501592659391,26.821167557423408,Alpha,auth,alta,success
12.012011933239764,5.9522127972914785,316,1,71.398180576507,23.748210600500396,Charlie,ui,alta,success
15.887470625862328,9.5125779778142,332,2,85.74692286318168,11.234471026808023,Charlie,database,baja,success
19.00378092472999,9.802348035097191,337,0,85.6493967899587,36.79175657829563,Bravo,database,baja,success
16.976573034237177,10.059260669677407,347,4,93.77973375492729,13.65089438483119,Charlie,api,media,success
14.966222329861456,9.31831214055196,373,3,67.32125396025367,10.968449503183365,Charlie,auth,crítica,success
15.3845479421315,10.25464190990164,341,2,51.516116581624374,2.4182240925729275,Bravo,database,baja,success
24.002820956732826,12.543274302841361,327,2,90.87364782579243,29.91536340761691,Alpha,ui,baja,rolled_back
20.746538765426006,7.7195397287605445,351,7,81.41710161347874,15.68241711705923,Delta,auth,crítica,success
15.041630998153948,7.463672781424172,343,2,50.59618032886647,13.843380756676197,Alpha,api,alta,success
13.71683243392749,6.736221334645342,321,1,72.29682972887531,6.389908703410185,Delta,ui,baja,success
22.366699469048115,12.246933305655435,348,2,83.69242609012872,11.675792668014765,Charlie,api,crítica,success
15.359698900901366,8.700303244767463,342,3,73.91914082225412,20.440446874981216,Bravo,auth,media,success
16.611171272467168,5.4996246570435545,343,0,51.91480663605034,35.831517217527015,Alpha,auth,baja,success
20.23757481862997,8.473997910014097,336,3,88.74963840004057,4.915951028466225,Alpha,auth,baja,success
12.546983109098356,7.365239287929583,339,2,63.83132158895023,38.01264980233727,Charlie,auth,alta,success
13.258079660322272,8.374929187548451,322,0,74.02382719912566,0.05094199387869595,Alpha,ui,media,success
13.471575662916797,6.69256237040837,334,0,92.82915519201197,62.77189801330891,Alpha,ui,baja,success
15.685312704439726,7.751198485355021,346,3,93.25809178408235,12.922129422426224,Delta,auth,media,success
5.333750146212422,9.980307803246317,383,3,60.28694624197669,3.2093875269227086,Alpha,ui,alta,success
13.327314253655,5.195161304065477,340,2,90.06887222756632,4.300767660140991,Bravo,api,baja,success
17.828782259601986,5.272491175812279,338,0,63.59159407671541,1.38761701285415,Charlie,api,baja,success
16.24723014126792,7.647755986223827,351,1,90.06385924178176,23.877499422912887,Delta,api,baja,rolled_back
16.40256062712955,5.596468941373403,354,5,50.05004980019294,9.542280223220587,Bravo,api,baja,success
8.652538349496178,7.937529240130967,339,3,74.92721356218681,2.9981811304817314,Delta,database,baja,success
15.866086616318773,12.500326672821066,354,2,60.645092758350074,30.88456926394015,Charlie,auth,alta,success
14.54100062848242,7.166413460036797,326,2,52.23731128848158,64.78354440327016,Delta,database,alta,success
15.081352492916297,6.987803787603952,371,4,82.40018335287459,81.3026427586281,Alpha,database,alta,success
18.571161047751133,2.755846316129804,418,1,75.02906637382694,30.256897217517192,Alpha,api,baja,success
20.79233659017859,8.804802967182676,398,1,85.10281243361533,20.755509730838593,Alpha,auth,crítica,success
13.991876511779873,4.824207599050695,359,3,51.15329823340289,57.68358030113856,Charlie,ui,media,success
12.61011488332969,7.872561370419924,340,1,56.76870983908884,3.8681813590228558,Charlie,database,media,success
14.009036641001927,8.585786626120985,368,1,62.06340401316993,44.97179464794217,Charlie,ui,baja,success
18.09746376060659,4.122985952198782,342,2,50.91498343856074,58.469166886762054,Alpha,auth,media,success
14.525651175319673,11.656792447385634,363,1,70.19375482923351,10.753408118921687,Alpha,auth,media,success
13.32967491559641,5.910929393552063,348,3,70.64594594296068,0.029586223235142046,Alpha,api,alta,success
14.790294586969056,9.745709688864427,360,2,62.08395816851407,7.384664508038135,Alpha,auth,alta,success
20.415800811334876,6.488614557819977,344,3,70.6885690940544,6.975640140473843,Bravo,api,baja,failed
11.317394290772228,5.14958392295242,349,2,83.23743087355979,6.777313214073273,Delta,auth,crítica,success
13.75691450401218,6.143791790725902,371,1,71.71093707554974,10.027549345046282,Delta,api,media,success
10.776788127272173,7.97495907263838,359,1,54.75065511884168,13.356802806258202,Alpha,ui,media,success
23.954977023198783,7.510414918839347,364,2,81.40400251140818,39.138838237637074,Alpha,ui,media,success
13.107751439867005,8.362598407241071,344,2,68.27088844846003,8.88359059765935,Charlie,auth,alta,success
18.62421634192347,9.875806005424348,362,4,58.02374590537511,24.462197429423625,Delta,ui,media,success
15.151667726376568,5.694990236305024,359,2,54.431765927001834,13.272728830575943,Charlie,database,baja,failed
14.298550867904956,4.776637590712642,339,1,89.10216465126723,10.977118838578463,Delta,database,media,success
13.55356389888505,7.032628830317482,327,5,55.35865693818778,3.179281814081742,Charlie,database,alta,success
11.785513831660372,4.823502101106367,340,4,60.43390463106334,8.405303922364515,Charlie,auth,baja,success
20.366305404301535,7.430341622824368,316,2,65.47705064062029,0.8142344355583191,Delta,ui,media,success
17.503722617513123,8.705558484480603,337,1,91.3351767777931,42.652371183960845,Alpha,api,crítica,success
15.124522831976742,6.482735560226747,349,3,77.20834977808408,34.15988404847203,Alpha,ui,baja,success
10.620346602122298,6.545136821374257,328,2,84.41501066321507,2.2834974378347397,Charlie,ui,media,success
13.054343737765421,3.664629328582551,329,4,89.8907556955237,38.47266885436593,Delta,api,baja,success
18.812374733056412,7.988483105960214,338,2,61.89956831629388,7.904722809791565,Delta,auth,baja,success
11.021946607628736,7.042881903278843,352,2,79.19413265190087,2.5852938406169415,Delta,auth,alta,success
12.712518709927833,9.310230787679828,357,1,59.181521678110585,9.225478056818247,Alpha,auth,alta,success
18.13269272628115,8.34306906586098,376,3,69.42445802502334,30.434079899375732,Alpha,api,media,rolled_back
16.525465684356305,11.035827972588262,345,3,73.20292861200869,41.094533441434486,Charlie,database,baja,success
12.599767304171358,3.7381671271147683,368,1,74.212458221009,30.504041320567424,Bravo,auth,alta,success
21.610460480376503,9.678591710080775,335,2,79.35512130963616,27.18170922148734,Bravo,ui,baja,success
10.236932259433647,7.103049366072247,332,1,57.817400307394564,22.97173310715466,Alpha,database,baja,success
20.662709807610096,5.691539085946623,336,3,83.47874709172174,9.804620403796434,Alpha,database,media,success
18.256691268769927,6.81324490463057,368,4,80.61071605072357,17.612658618872455,Charlie,ui,baja,success
6.609715806574208,7.589479969998831,355,2,68.93905282369815,0.4917719028890133,Bravo,ui,media,failed
16.280660329950695,6.476854469315812,346,5,71.48756274022162,5.843656696379185,Bravo,database,baja,failed
18.204100481696205,8.78613239689718,355,4,57.81645514303818,4.862783644348383,Alpha,auth,baja,success
11.83327738382889,4.376052936817114,354,1,50.68451231345534,9.999832514673471,Bravo,database,baja,success
14.957334947064126,8.037761575907155,361,2,50.561476609436795,0.8044375483256125,Bravo,ui,media,success
8.50592824022209,8.619432140191037,356,1,69.90010431269184,1.5924152322113514,Bravo,database,crítica,success
11.369731792448803,12.277513566728842,308,1,72.05879993969575,12.98327949643135,Alpha,ui,baja,success
15.547066889690555,9.730178784399415,357,4,65.83103346754797,41.29791171205342,Bravo,database,media,failed
16.084751826127896,4.8112185354816805,331,2,51.01310593658127,7.951225373893976,Charlie,api,baja,success
14.70535513917992,5.3936226877044735,321,2,74.84377364395186,5.473726931959391,Bravo,api,baja,success
11.90227868628784,7.5373629052582025,340,2,69.2674333578907,15.362008832395077,Bravo,database,baja,success
17.375264542104755,8.745559937168442,359,3,60.14106255955994,0.8414207873193671,Charlie,api,media,success
20.310018238326737,9.725804504939548,351,0,86.57529672491364,23.042461908345512,Alpha,auth,baja,success
12.596656672731278,9.682849962641452,344,1,77.09353864891455,1.1449148766696453,Alpha,api,baja,failed
15.226027433004077,7.582552427617042,387,3,94.67142293113284,7.957338497042656,Alpha,auth,baja,success
12.875694841672491,11.734299826077745,370,2,66.62389360368252,37.990409327517135,Alpha,database,baja,success
14.6764048624922,6.238772607938213,386,4,73.13228777609766,32.95380507308751,Delta,database,baja,success
15.643022346685525,8.073730943821554,351,1,69.11090484703891,14.12277015298605,Alpha,ui,media,success
14.591437741345462,7.713783115444298,355,2,91.79343403200619,14.518476493656635,Alpha,ui,baja,success
13.581000120855716,5.989938942039591,362,2,56.43255166360177,24.38635160041563,Charlie,ui,crítica,success
13.115090611626528,7.467464053481492,347,6,93.61034090863541,7.744407419205167,Alpha,ui,baja,success
15.136176709446447,10.085022376655923,357,2,55.71283668745309,1.6936777291801262,Bravo,ui,baja,success
14.197115170572937,9.804149812403345,371,2,61.09405912342481,7.405347738415003,Delta,auth,media,success
12.822205484922904,5.41272803144761,348,0,87.9671652126126,15.838976293802261,Charlie,ui,baja,success
16.509449078582147,8.505789581966232,358,6,80.00098863849416,50.329496246531875,Bravo,ui,baja,success
16.614912642321784,8.898663119609969,355,1,63.178629075409845,21.629882551585364,Delta,ui,crítica,success
15.680947750172127,10.549545095197704,316,2,54.638214643346146,28.583602576439674,Bravo,api,crítica,success
10.595680315117104,6.543341969373012,359,1,60.28442924027331,0.9416725516099823,Charlie,api,media,success
16.60987879716438,8.749522739335921,365,1,52.08350865636021,2.5618012212216854,Alpha,api,crítica,success
16.703264708843786,8.044097451749307,341,1,52.885360500076786,50.51389614935246,Delta,database,baja,success
13.867485124550466,5.098693651880517,392,2,84.48590355343185,2.530355203896761,Alpha,ui,media,failed
17.214528288462226,7.4718710217252235,352,3,75.37566645187326,40.48076073623715,Delta,auth,alta,success
20.057424929908343,7.882890574670483,347,2,92.67778800567612,4.199041653424501,Bravo,ui,baja,failed
16.311209852778518,8.655743350433355,344,3,85.53564293310046,0.1040366180241108,Alpha,ui,baja,rolled_back
18.06042549323758,12.2455202652358,335,1,81.31908166804351,8.552261285483837,Charlie,ui,media,success
20.13029383524098,10.646242220061687,343,1,79.01265941909514,21.60303211111336,Alpha,api,baja,success
21.635547735317374,9.742633052181013,351,3,80.17051156144589,1.0350364968180656,Alpha,ui,baja,success
13.077080747460357,7.023205422304209,363,2,84.5227873744443,8.022011708468199,Bravo,ui,media,success
13.368661941651652,7.624799836291117,358,1,52.368352139601484,38.23756328654852,Charlie,api,alta,success
13.684324833083673,7.882398973674478,355,1,59.569747953210026,7.922064330428839,Charlie,api,media,success
19.404306351402468,8.803159683116297,364,0,86.43445816240273,15.508297797292471,Alpha,database,alta,success
17.32687184313087,5.836394222527275,346,3,87.21410954021849,12.322230588644743,Bravo,database,media,failed
18.831116811029453,8.922671516032898,320,0,86.45356941502541,42.687973895652924,Charlie,database,media,success
16.205687217349436,5.9182605649016065,366,3,89.69897324568592,0.5625245760827755,Bravo,auth,media,success
13.846155745707659,12.582470752718592,351,3,84.72314078127965,16.79729927491948,Delta,database,crítica,success
9.175393648425656,7.580708723641537,293,2,55.629457799950615,26.10106146979838,Delta,database,crítica,success
8.18139383735125,7.106221075443348,337,3,92.3384182411246,6.032693564167537,Alpha,auth,alta,success
23.04488476518214,8.11108534404789,360,2,74.8346319841221,6.2764044115335675,Alpha,auth,baja,failed
15.015845329811073,5.877070029503887,362,7,83.28430746332742,65.27860356564847,Alpha,api,alta,success
17.23288762627529,7.957781756365264,365,0,89.33122554211877,34.5480535606247,Charlie,ui,alta,success
17.777974742403227,6.2876360209250635,362,4,82.96135810902342,13.339422158896923,Delta,auth,baja,success
20.785284947153258,6.181897332780123,323,3,54.89116403157823,52.84876807081525,Delta,api,alta,success
17.5338749734381,7.80238974690722,324,2,90.70337317185476,1.3053893521428108,Charlie,auth,crítica,success
15.105481347841996,8.53579266344162,363,3,64.90952440304682,5.1780235804617405,Charlie,database,media,failed
17.971502064618193,7.872533009004392,316,4,77.09843622636981,1.022318322211504,Charlie,database,baja,failed
16.3892135685093,5.567315188805686,348,3,70.67575125722215,10.864721618592739,Alpha,auth,baja,success
12.48538029636278,6.463256879164509,356,2,84.69026224222034,43.05127805269776,Charlie,api,baja,success
18.833967705195704,6.86130089999775,356,4,82.3897916264832,6.74746722355485,Delta,ui,alta,success
15.657765400575036,9.710569979066726,366,2,66.53084855875932,1.5999362468719482,Bravo,ui,crítica,success
14.861176396147872,7.370974435311034,363,3,91.8408652418293,0.10500353202223778,Charlie,auth,alta,success
11.317024738502244,8.476161187235768,314,0,67.25192341487855,7.247300159186125,Delta,database,baja,success
19.592220598548835,6.931378961150186,355,2,67.34969269949943,28.887077025060947,Delta,auth,alta,failed
13.440479559881457,10.180407699741,381,2,88.5747316130437,27.108578368013198,Alpha,database,alta,success
14.602946946890448,5.87775629920973,352,4,88.46035186899826,7.406610095100211,Charlie,api,crítica,failed
14.888135750531141,9.999707863888354,339,3,76.72796310507692,5.564777173808465,Bravo,auth,media,success
14.77204446051752,8.608077651301613,342,5,77.72212960757315,6.095967907458544,Bravo,database,media,success
17.22263606699377,7.382352754447496,309,2,90.53515988984145,44.91454428232728,Charlie,database,baja,success
18.607695355974073,8.463916722987863,325,1,52.94974352233112,52.00813119680474,Alpha,auth,media,failed
17.14649235293615,8.936864690218929,369,5,79.72936971345916,103.14134117355997,Alpha,auth,alta,success
9.115255446940644,8.059684798194652,350,2,66.29021670203656,30.30067824471503,Alpha,database,baja,success
5.362562366925719,5.815001143038113,336,3,82.99114480498247,8.319835592061281,Alpha,ui,baja,failed
13.539930488881847,6.14759988687408,360,1,86.29712993046269,163.30463177548432,Bravo,ui,media,failed
14.274926061463336,6.826402897600776,335,4,65.45639996766113,3.5833841376006603,Bravo,api,media,success
14.403748229356756,5.548443244544703,362,2,78.02459904924035,9.988989211192711,Delta,auth,media,success
9.429141224562379,8.096778968011028,338,2,83.03497186978348,4.831452067346616,Bravo,ui,crítica,success
12.282563022486894,5.606395621123136,356,3,93.52852324489504,73.3878940303528,Bravo,database,crítica,success
7.723528125544138,6.210638066589585,349,2,92.33416859526187,32.092624670749004,Delta,ui,media,success
25.555928873928586,5.5217196997981555,321,3,92.38490972435102,18.911717419410735,Charlie,ui,media,rolled_back
17.18643311287298,8.776471586403684,326,0,76.40808133874089,2.538273994611781,Alpha,database,alta,success
14.975384244282369,6.870111630926482,351,1,62.007828149944544,55.19572292344186,Delta,ui,baja,success
7.439442128566819,7.9351932763707715,357,3,74.63607464102097,0.9190809801220894,Alpha,api,baja,success
13.932866515339303,7.930719518329491,336,3,50.30479778768495,3.046746376901865,Bravo,api,alta,success
18.28172404078927,7.881102257158378,342,1,85.11880047386512,7.2798666805028915,Bravo,auth,baja,success
18.112774160198416,6.34488593591709,347,3,84.25514303264208,11.377486065030098,Charlie,auth,baja,success
16.81636809409025,10.401751762621727,359,2,55.097127676708624,43.39436088300763,Bravo,api,media,success
20.640208692206713,6.071471698921403,339,1,85.34611885086633,94.92746136211757,Bravo,ui,media,success
7.755743579614073,7.136736273973853,365,2,55.28125750133768,5.573432978242636,Bravo,auth,baja,success
10.590193035652042,6.132754312543158,338,3,66.83399769943208,3.70240206643939,Delta,database,baja,success
14.923328514732473,5.631744069258108,313,2,92.99950108164921,3.5795113295316696,Alpha,ui,baja,success
15.597214878720177,7.047432560183549,327,1,55.07677286397666,16.4957312643528,Alpha,database,crítica,failed
12.870272518940258,8.079374387572532,365,1,54.334621764719486,11.199994459748268,Bravo,ui,crítica,success
19.79138450481421,3.357220578850268,350,3,67.80219763168134,12.631415370851755,Charlie,api,media,success
6.829616924421206,7.215129258760767,333,3,67.73279943387024,2.916157141327858,Charlie,database,alta,failed
10.942756540746878,10.905303416368573,347,1,58.72967986972071,2.716334916651249,Alpha,api,media,success
21.41567288553274,7.574343326244635,296,2,76.85530320974067,22.51762299388957,Delta,ui,media,failed
18.569400136628104,5.404862129135857,364,2,61.91339430748485,34.44918551812124,Bravo,api,baja,success
8.92917775344814,8.524465618952553,369,1,80.01222890685312,5.231419645249844,Alpha,database,alta,success
18.294113104608574,4.124600538283937,358,3,80.03092728788033,27.06129634279519,Charlie,api,alta,success
16.462248992033995,6.89237402447058,350,2,83.37324200198054,25.0531926592043,Alpha,api,media,success
9.676313326760432,6.708915859315862,314,2,52.19888066058047,2.6937472745776176,Charlie,ui,media,success
16.4383046178708,4.299953226343838,347,4,81.27774993772618,2.267209603745801,Delta,api,baja,success
18.571978439954773,8.321962644509894,359,0,63.39261171873659,8.516291286796331,Delta,ui,alta,success
11.019604016402745,8.904213790507402,344,1,81.07590227853507,26.652807197456653,Charlie,ui,media,failed
17.078687690343163,10.03445013947847,377,1,64.8041796067264,10.210908059030771,Charlie,auth,baja,rolled_back
10.057066206866839,11.11999247890756,307,5,92.06127170240507,19.06284152471488,Alpha,api,baja,rolled_back
17.118907497288294,6.9458339991044475,343,6,84.54970474587753,3.2932606269958384,Delta,api,baja,rolled_back
11.067833116176256,9.563504521876096,337,2,93.12134748790413,75.60840975834962,Alpha,ui,alta,success
13.497018062983003,6.889375223394031,331,1,58.594160138163716,37.80452481991252,Charlie,ui,crítica,failed
10.833058462000421,8.617873219492463,323,1,57.645925343967974,31.008469461386497,Delta,api,media,success
17.790669429720676,6.312997940647271,364,3,67.08863998064771,11.29820105060935,Delta,ui,crítica,success
14.422204786322558,7.847956046802202,360,2,77.79290802194737,7.876690616208896,Bravo,api,alta,success
16.994173588557175,10.477074336262513,351,3,85.31842802884057,24.199107437317664,Delta,api,media,success
17.46934683950718,8.58705847173341,341,0,86.22409045579843,39.92233804096145,Charlie,api,baja,success
14.981835434097942,7.191472274554041,327,4,91.06120273703709,60.90334273572293,Alpha,api,baja,success
14.634974559640899,3.639427361535769,339,3,64.06676359125413,12.66149490326643,Alpha,ui,media,success
16.599837499261348,8.395263103254724,371,2,89.21707766246982,14.370663173496723,Alpha,auth,baja,success
17.355606626196433,11.845035402393112,369,0,84.32203427655622,11.257620759308338,Alpha,database,baja,failed
14.932487842452746,6.143760099786457,357,2,85.86966763134114,6.451223306357861,Alpha,auth,media,success
16.674816728354532,7.3420322145823,337,0,57.0950036670547,8.589300531413565,Charlie,ui,baja,success
18.202911858099352,9.904143006100497,321,3,69.83038933132775,34.6902259761938,Charlie,database,baja,success
17.719572415311454,11.288267700275693,329,1,93.90036912285723,38.96257348156987,Charlie,ui,media,success
20.238655690158158,6.471913141053624,356,1,51.05720615712926,26.540209809290445,Delta,auth,baja,success
7.435142084523676,6.939451851986082,327,1,59.102380209369585,3.3570606596767902,Charlie,api,media,success
16.379629338675812,4.468757701596394,363,2,70.13578656129539,3.5243214210136284,Bravo,database,baja,success
15.619050626578462,8.430367067137798,330,2,90.988494399935007,13.836058370769024,Charlie,api,alta,success
11.93423307229774,10.66360265719336,356,2,62.78222213615663,50.991233420327575,Bravo,auth,baja,success
11.988339826711908,7.967930151255391,316,1,89.02468042098917,19.2010408480814,Alpha,auth,crítica,success
17.09708270261746,9.826578336671218,326,1,88.20066083222628,14.60029499977827,Delta,api,media,success
13.578298808399019,8.245786908102087,345,1,91.64432074991055,73.22026902033922,Delta,api,media,success
13.958934011515565,8.666596642764796,358,2,76.69628110365011,42.68829761243878,Alpha,database,baja,success
17.02883244012707,10.069067337451706,335,2,51.70725632808171,18.808597571139625,Delta,auth,baja,failed
19.57282084220653,9.255535245654414,337,6,74.39384638797492,70.60722255303499,Bravo,database,media,failed
23.267270073176807,4.306711129364352,326,5,76.33382474887185,78.33250754668352,Alpha,database,baja,success
18.079465372341506,10.475063369514118,367,1,81.02359029697254,2.0477116733762157,Delta,api,alta,success
23.007991782027062,8.123738010145342,376,3,90.38362379767932,0.12184019386768341,Charlie,auth,media,success
20.086483634911062,12.625253163883094,346,2,62.83254366717301,45.0192789117199,Alpha,ui,alta,success
16.33408098340119,13.137456821246758,338,0,62.180536531377584,61.88609035010663,Alpha,auth,crítica,success
16.016290704362113,6.232946498884953,368,3,50.509680879767984,1.1087913550436497,Bravo,auth,baja,failed
22.723657088511672,11.822644446321892,358,4,71.56003306270577,10.017267767339945,Delta,ui,media,success
10.948280530352001,8.53377499576409,359,2,57.6370377081912,38.375578967700584,Charlie,database,baja,success
15.25777776157283,7.296279711630857,339,0,75.48261393094435,10.408797226846218,Bravo,auth,baja,success
15.76949556543142,8.24517580208451,368,3,83.5450465104077,39.085890902052505,Bravo,auth,media,success
5.639902149581092,9.05641894172944,326,0,94.23518942086957,4.570117623607041,Delta,auth,alta,success
13.592936395871034,7.804851914096938,336,2,83.51856616092846,19.679400235689887,Charlie,auth,baja,success
16.386363754729565,6.200705200233315,351,2,66.8388372217305,6.788152897156074,Alpha,ui,alta,success
3.684235765174222,8.613055993580888,357,1,52.0621265785303,34.71376077415147,Delta,database,alta,success
16.471490814338093,5.872589512173874,346,4,77.53573759109713,64.7677816867384,Bravo,ui,baja,success
13.858063735526253,7.823848228550329,347,5,56.86234910856001,14.452495470643044,Charlie,api,baja,success
16.77093304181179,10.418469822255686,338,2,67.0382824074477,33.55509334600983,Bravo,api,media,failed
17.870684520183442,5.6473854729971205,301,2,62.10994898341596,10.841335985809565,Charlie,database,baja,failed
20.69558034530437,7.870795926507896,345,3,60.2157248230651,85.98832119512448,Delta,auth,baja,success
8.258435375450667,9.542470392064738,394,2,73.0069639487192,19.760665095334343,Bravo,api,crítica,failed
15.1669172649283,8.228493875753314,313,2,68.62405754975043,17.046917415147117,Charlie,database,alta,success
12.468224678598748,7.287335530512228,382,3,78.46770172822289,59.90272213216153,Delta,ui,baja,failed
15.120396985727437,6.344431754905786,379,2,88.9541969448328,26.53869040209561,Charlie,auth,baja,success
14.48342569573845,7.855186853612373,349,1,64.98162353294902,5.888054106384516,Bravo,database,baja,success
10.296402857069312,10.947277844119531,329,2,73.21572808199562,10.65227339040073,Alpha,database,crítica,success
7.772722479204029,7.223857590328497,366,2,77.25559390382841,40.24890313465676,Charlie,auth,alta,success
23.481254898003108,7.276879978898684,357,0,82.83139613457024,56.933747154429824,Delta,ui,alta,rolled_back
9.7023772665553,8.615565743269743,327,4,89.8094249155838,1.5215433830354845,Delta,database,alta,success
16.100086373064663,8.406735047794612,359,2,76.19129798724316,20.605998792553656,Delta,api,media,success
10.564547266935188,11.472567462622486,320,3,79.06656816368923,23.476305662577442,Alpha,database,media,success
21.03096201975255,11.729460376071675,350,5,81.67705482570454,23.769310868268303,Bravo,auth,media,rolled_back
7.930804881342216,5.677865334128338,365,2,93.97434576763771,0.41381464898586273,Bravo,database,baja,success
11.445630904605403,9.26024557824717,358,0,91.61022134474479,0.5437486882265281,Alpha,ui,alta,success
10.12379445353607,9.011810294534287,342,1,56.288164507132024,6.637576378098128,Delta,ui,alta,success
15.201125465107959,8.100776390562814,336,5,90.71182663552463,13.514244496822357,Bravo,api,crítica,success
13.036748193853414,8.511672529426862,332,1,67.49789300374687,42.83765963423841,Alpha,ui,alta,success
24.540239833865222,9.995793089610345,351,4,62.42460370063782,10.796890574851398,Delta,database,media,success
14.982447492116872,9.71227175900231,321,4,63.809302957961336,29.573906644170577,Bravo,database,alta,failed
20.326761421845102,5.9061661736027045,353,4,68.65502997068688,10.270991787314415,Bravo,auth,baja,success
18.283234676506616,10.334235408116912,329,2,91.36100503616035,62.95950404997197,Charlie,api,alta,failed
17.742716122100887,11.027633204257233,347,2,74.00302685680799,14.812833700329065,Alpha,api,media,success
17.06352379150415,9.008957525544435,360,3,51.54227111604996,12.708334309304895,Charlie,database,baja,success
16.095207388761736,2.692428518230364,336,2,81.72705099219456,21.949173144662915,Alpha,ui,crítica,failed
12.146656363063434,10.861372745444772,330,4,56.4299456984736,10.479337368160486,Charlie,api,baja,success
13.627823419637634,5.0463135020603245,351,0,85.00265380367637,61.905659389451415,Alpha,api,baja,success
16.875918130315693,11.169456078906244,370,1,83.04275464499369,3.511328409708097,Delta,database,media,success
5.096669935865277,7.815561228585784,341,2,71.08906498760916,31.11375054616242,Bravo,database,baja,success
7.578234846108023,6.35275487887553,368,0,58.026460657129064,0.4246927573959888,Bravo,api,baja,success
13.317968328426483,4.703871756111771,345,2,80.28832444921136,18.7518288185051,Alpha,database,baja,success
7.535849731143287,9.888618916530742,332,2,53.38551003485918,74.04195230795976,Bravo,auth,baja,success
15.454018802956808,7.286127272565862,327,1,93.65755057428032,1.146521296352148,Charlie,database,media,success
16.880074708494128,7.675969482709107,381,1,82.61037681018934,23.124931163077644,Delta,ui,baja,success
18.538376640532924,8.24955638453238,337,1,81.20829144259915,6.832375958561897,Bravo,database,media,success
19.454439971720706,7.423057385309596,340,1,60.85663301986642,83.91124940904524,Charlie,database,baja,success
17.267401717286475,5.636187605837733,322,1,65.91960619087331,37.87242532852487,Alpha,database,baja,success
17.18409137044514,3.2141442803525537,359,3,58.41916605364531,28.272383979472302,Charlie,api,baja,success
15.959370420916642,9.702562188795792,320,3,71.97213405743241,31.07299713028904,Delta,auth,media,failed
15.136541375292335,9.883609800433563,346,4,75.71081732166931,2.2195179909467697,Charlie,auth,crítica,success
11.767635122799254,7.428313094304558,352,0,93.24044963810593,59.07228706474629,Alpha,database,crítica,rolled_back
23.91052929291167,6.725201418331054,374,1,91.63831544108689,11.255247681741123,Bravo,api,media,rolled_back
11.82990348514618,10.031248740685225,362,2,63.79503853037022,23.05407855558901,Alpha,database,alta,success
21.789122129407684,6.475467223430376,361,2,57.550096669001505,31.04817205566674,Charlie,ui,baja,success
18.7556992291619,9.14964759374042,364,2,91.19159544701688,18.873703724627784,Bravo,auth,media,success
23.141179833152172,5.281920174599541,353,5,71.28273707465269,32.71045256305247,Delta,auth,baja,success
17.926505546113212,9.803935712160866,340,1,50.99455418647267,11.91359674455317,Alpha,api,baja,success
13.3206106376185,8.59557047305624,364,4,67.40338710835204,20.700704052036098,Bravo,api,alta,failed
13.761025972595604,7.994444733615585,356,3,90.00141477561556,17.826625897472194,Alpha,api,alta,success
9.557294102134742,7.536677986113999,392,2,92.10570242139511,5.951686844303193,Alpha,auth,baja,failed
19.15085724153831,10.35111760005231,347,5,64.88204318098724,105.12727948418313,Bravo,auth,crítica,success
15.184871309134946,10.355213498472397,360,2,65.11750802397728,5.521833984358823,Bravo,ui,media,success
14.768906578892974,10.599804983925598,309,2,85.78386531560682,51.60161764617291,Bravo,ui,crítica,success
15.306956282798804,12.780765663170325,353,0,68.73433993663639,41.55278447068749,Alpha,database,alta,success
12.465435343574969,6.699690889203049,323,1,77.46261231717654,43.191027132640464,Alpha,ui,media,success
13.306346151484068,6.093188577855512,391,2,80.13553775614128,6.621456552296877,Bravo,auth,media,success
18.106764028174066,12.145920416862761,352,2,87.27228004252538,12.081463873386383,Delta,database,baja,success
20.243628945862422,8.372134754954091,357,0,53.15697168232873,11.095396298915148,Charlie,ui,alta,success
15.233205225070535,10.549864092269324,341,2,88.91837936476804,40.45851570166169,Delta,ui,media,success
15.981593429037769,8.466167303748739,350,1,64.53771741711535,5.450674116611481,Delta,api,baja,rolled_back
15.929298873508456,5.288188246945917,373,4,93.528572677169,14.244645036756992,Alpha,api,media,success
15.755103598901858,10.173921193416499,341,5,80.90165979927406,1.2862224988639355,Alpha,api,baja,success
14.032736448057923,9.195641288386645,341,1,70.1635842944961,51.70311922030991,Delta,api,crítica,failed
17.288545268497714,5.6121968441751715,349,2,56.37271041749045,0.8563821762800217,Delta,ui,crítica,failed
17.82316719074941,7.095064035779082,341,2,91.53562017483637,29.2048619304946,Bravo,auth,media,success
15.81959841597613,7.348702006774423,348,1,87.39496654598042,11.878472741693258,Bravo,database,crítica,success
17.20841352044661,8.057191689548086,355,2,67.62888494646177,21.934449459324696,Bravo,database,baja,success
12.724514758568889,6.899933382829867,345,1,77.44553338270634,30.852673529570396,Bravo,ui,alta,success
15.77087102239553,6.917532680149276,331,0,78.9728908194229,0.882543826517776,Bravo,ui,alta,success
17.4853888864439,8.427329109097496,358,2,72.51004340592772,2.957983948013739,Charlie,auth,baja,success
14.571137553469839,8.179223121481177,360,3,88.53942566434853,143.2661787190842,Bravo,database,baja,success
14.503696321767693,3.5468422751450763,337,2,71.23442369047552,84.92909935338662,Bravo,database,media,failed
13.139912612581506,6.32813347897525,351,1,74.56658268114552,5.306753743439913,Charlie,api,media,success
17.29363104994775,7.3179663209332,312,2,78.53442380437627,11.463319044560194,Bravo,auth,media,failed
16.019744326871713,9.01574762268396,336,2,92.4480866221711,24.929687059407527,Delta,api,media,success
25.688576804815696,9.062517140627346,388,2,58.42305582249537,17.554157308553595,Bravo,api,crítica,success
14.462019929351504,7.18197661008676,377,1,69.7471750958357,15.87294952198863,Charlie,api,baja,success
15.446296247303623,6.379742177377686,339,2,74.13428775384091,34.46296098638924,Bravo,api,media,success
10.95998925086026,7.135883136642484,356,2,66.46083465777338,20.17849936980515,Charlie,ui,baja,success
18.551519205264192,7.795602825099219,317,3,79.06945650465786,31.997146697371413,Delta,database,alta,success
13.771129763444073,7.491278805357143,350,3,53.4578080882784,10.603372916579247,Delta,ui,media,success
15.532659970545506,7.691942980174246,384,2,90.57376470416784,39.199072433481795,Delta,database,baja,success
18.78130547872161,7.691175262708855,371,4,87.24270794424228,23.346658232902243,Delta,auth,baja,success
21.102746919396157,3.3959200726874403,342,0,59.46508297114633,84.76411891969587,Bravo,auth,baja,success
14.010197727223424,10.931916226222214,387,1,53.36052400059998,7.826808515936136,Bravo,api,baja,success
13.573585195582758,5.422613988779382,314,2,60.437038582749665,14.441953394562006,Delta,api,media,success
15.831873630279812,5.57893570288102,369,2,59.03799672611058,16.621966414153576,Bravo,auth,baja,success
19.837013389781795,7.463273417882103,363,1,67.47105941991322,32.67928665775567,Bravo,ui,alta,rolled_back
15.466235548296826,9.366784963707643,353,0,78.25364530319348,13.865595772862434,Bravo,auth,alta,success
15.768264773763715,7.360661738196325,336,2,58.89040251728147,65.74796215887395,Charlie,auth,media,success
18.146464437969776,9.29035004837441,372,0,64.42371413577348,26.835521041338737,Alpha,auth,crítica,success
17.95936275884354,7.176600225084496,340,0,94.41935321316123,33.292461865928075,Charlie,auth,baja,success
19.346768125793357,7.616381055586572,323,1,58.31922794110142,19.433912765787614,Delta,api,media,failed
7.18877080122055,6.274215436860541,379,3,70.75683114584535,21.306733823304466,Charlie,auth,baja,success
10.270292693901844,7.006693466362153,302,1,90.82589644822292,73.78589719130632,Alpha,database,crítica,success
10.27728608832389,4.344450564231934,381,1,65.37150043528527,2.0540681722382854,Charlie,auth,baja,success
16.507924407504262,7.3669743513284764,341,3,91.9333539379295,20.963744915013603,Delta,auth,alta,success
9.572835837266938,4.158874947984378,386,3,54.51556821586564,76.47181449279111,Bravo,auth,baja,success
14.0855669132974,8.325317572133164,347,3,55.09350473526865,25.990581302826698,Bravo,auth,baja,success
16.69302625961873,13.611720887261313,357,2,90.49493268481456,5.717230819165707,Delta,api,media,success
22.76363303865848,4.196179749064105,373,3,60.755006425315514,0.8297054256114823,Bravo,auth,media,success
14.035922607730646,5.253482333995088,364,1,61.156144173583016,20.31206890839844,Delta,auth,alta,success
14.916117712278032,7.412624588550296,333,2,87.90321522043087,1.1121722147666673,Delta,ui,alta,success
15.942588225187938,6.217756026932594,317,2,60.73333399835974,2.3356980085372925,Alpha,auth,alta,success
12.618620737545893,8.472210254347862,329,2,75.55166475125588,73.42137819125291,Bravo,api,alta,success
2.2017662649768557,11.499278848471596,330,3,74.54471618169919,41.46339104867993,Alpha,database,media,success
21.045113886508396,10.602269533232011,373,2,67.86378535209224,15.727153021842241,Delta,ui,baja,success
13.625651986068931,6.6375698067517455,352,1,65.45899546588771,52.48720487770608,Charlie,database,baja,success
12.132283538807723,10.389108844892226,354,2,84.02254616259597,41.603391630421264,Bravo,api,baja,success
16.151636589189923,9.701813536939472,356,5,68.9862509642262,16.13953885808587,Delta,ui,baja,success
12.530108975022701,9.111130671792504,331,2,89.9611996090971,34.528034312496764,Charlie,auth,alta,success
18.68066962764982,6.233139983036895,375,0,94.51150216977112,23.51443625885754,Alpha,api,baja,failed
13.183597339057927,9.64869154520959,353,1,89.94203297304921,14.52437213435769,Delta,auth,baja,failed
18.423045298018742,9.375827425220026,340,2,57.31372885406017,20.049500020122203,Delta,database,baja,rolled_back
14.065828649644688,10.671536439013556,341,2,64.14391373982653,27.321414894347484,Alpha,auth,media,success
11.086514084408183,6.382308249831185,371,2,65.48701635678299,0.5538670460362809,Bravo,auth,baja,success
17.948863854135535,7.801064940980796,346,6,76.57697845832445,45.61083072222291,Bravo,auth,baja,failed
24.766414498721858,6.404650458000978,302,0,65.46769261243753,39.12411810256062,Charlie,ui,crítica,failed
11.030029394040323,4.564663789299203,339,1,59.92155415704474,7.60511664301157,Alpha,auth,crítica,failed
13.23705542197867,7.375811417825349,327,2,63.05572706274688,12.940621968358755,Bravo,api,crítica,success
10.322449870809047,8.961769991488268,353,1,64.57760516554117,33.25334831971436,Charlie,api,alta,success
21.367951957801537,8.796399167199,364,3,91.58293215208687,8.224351410390865,Bravo,database,alta,success
15.5090988668839,4.934281719590961,363,1,57.62628277298063,2.0055258653927934,Delta,api,baja,rolled_back
5.691605377714055,10.582459570163818,345,0,53.56033115880564,25.67917285758763,Charlie,database,alta,failed
6.212900330690731,9.843212490703513,365,2,57.96648644260131,39.574848351988365,Delta,api,media,success
18.75666105771383,6.551829169696102,329,1,92.76288670254871,25.416494252114546,Delta,auth,baja,success
16.19664862229067,9.147867507684694,341,0,77.31266114860773,11.434572769219242,Alpha,ui,alta,success
7.04029322602246,4.480182681887261,319,1,66.96957608335651,12.968055691570044,Charlie,api,baja,success
10.18346079837232,6.172676134213317,367,2,67.67890469753183,0.16385357988356106,Bravo,ui,baja,failed
16.59338295200621,9.68655628982169,396,1,69.90120929898694,21.864655158405593,Bravo,database,alta,success
15.179026344094492,7.144108866218834,328,1,51.87824503635056,13.501967154443264,Delta,database,media,success
7.535356747323593,6.428137783834128,332,2,80.71968880714849,24.44226669419318,Delta,api,media,success
18.01009135196429,8.36253614414452,365,3,53.88487170217559,14.470429301261902,Charlie,auth,alta,success
13.297262501830419,6.03532267659242,352,2,63.336715635377914,14.748542580753565,Delta,ui,baja,success
19.976681265340446,4.601148872327106,336,4,63.51815634639934,38.47880208290635,Delta,database,media,success
16.801397117128364,8.32303106535845,344,3,79.30885216686875,15.8052092269063,Bravo,database,media,success
19.73122993039172,7.589908057727266,349,2,92.78964274330065,4.490385577082634,Alpha,api,crítica,success
7.144087555583969,7.604582541736608,342,8,94.68867926858366,50.25234711450106,Alpha,ui,baja,success
17.986451474805698,9.523061578541384,347,0,83.61095767933875,78.6389931996071,Bravo,database,alta,success
19.205294988407836,7.276699109662854,366,1,71.99817827553488,10.233097940683365,Bravo,database,baja,success
17.096684340254917,7.431845740174862,358,1,60.51253163954243,0.6799626067683076,Delta,api,media,success
10.53766288110194,5.124909117345393,352,2,87.88591960328631,11.106606993824244,Delta,auth,baja,success
14.80893511338736,4.247170632248744,345,0,71.59274181583896,13.542797148227692,Alpha,api,crítica,failed
7.331884231682303,7.067714630738955,345,2,94.80213669943623,11.928963554010696,Charlie,auth,baja,success
12.713079048641278,5.346484359661687,320,3,54.39950082800351,2.4627374298870564,Alpha,auth,media,success
12.007213465454317,8.15328788671843,352,1,66.31881084176712,158.54164082394624,Charlie,auth,baja,success
16.380715825638415,7.309877416386713,374,0,51.629703366197646,7.659713298082352,Bravo,ui,media,success
23.655804417760528,10.409859076325246,339,0,90.23885097936727,38.00835598803578,Charlie,database,media,success
16.346585368817646,7.002032823399194,370,2,65.49356513773091,72.61676782388727,Bravo,database,alta,failed
13.32854406585672,7.21965861289594,355,1,67.99560399143957,27.501310965900714,Alpha,api,alta,success
18.69476408282514,6.828926862987249,311,4,59.67954939696938,16.797195709233574,Bravo,auth,alta,success
18.06706636934083,7.462915781332983,349,2,87.48590961913578,5.668065939098597,Charlie,auth,baja,success
15.994992591615723,7.390086508721969,334,1,56.5702736354433,12.959857620298862,Alpha,api,media,success
12.37112786020117,9.3345948843568,334,4,64.59603736875579,2.0282822772860527,Alpha,database,media,rolled_back
17.332496676535854,5.32286537121549,339,0,86.48652939475141,6.816038731391767,Delta,api,crítica,success
17.762731470667298,8.521726941995283,340,0,94.68377225100994,21.35243958133965,Charlie,auth,alta,success
16.16745871998379,7.540182930574752,324,0,53.20691987290047,18.169082789604953,Bravo,ui,baja,failed
22.692296669853526,11.749898046012317,361,6,79.97138133621775,37.50375085017276,Alpha,ui,alta,success
24.22451899399499,4.825563589957776,396,1,50.91338141588494,18.47432111892242,Charlie,auth,alta,success
11.04321892862756,5.444843393232665,346,1,56.21384926489554,0.57374507188797,Delta,ui,media,success
16.60570963403903,7.670510602544753,338,0,58.58609042945318,18.7342523225537,Delta,ui,baja,success
10.070447306980325,9.645005379715284,363,2,89.70955729484558,14.389192778617144,Delta,database,baja,success
12.821242626109116,8.975683919688855,361,3,59.9579314282164,14.079429308526016,Bravo,api,alta,success
13.261868163911535,6.711445518191051,357,2,60.46351293916814,0.4257558709012937,Charlie,database,baja,success
14.436619232147073,8.050432770529106,373,5,74.37091384665109,2.583597160065833,Delta,api,media,success
22.032565080261072,4.039431172062822,354,4,73.63009895896539,10.920936025679111,Charlie,auth,baja,failed
11.67943431769098,8.607054439524635,353,0,91.71189760207199,28.599400340502555,Delta,auth,baja,success
17.057711024488974,10.54632617657038,336,1,64.46042550960556,8.108374435454607,Bravo,database,media,success
18.148524306511028,8.048145585400214,325,2,90.81533725140616,13.171218422498232,Delta,database,media,rolled_back
15.9680620548701,7.143917267238501,341,5,84.17260570917279,7.366585234045283,Delta,database,baja,success
17.239667226246546,5.598084640071165,336,0,94.92827574023977,11.348932150751352,Alpha,database,media,success
12.398325963950944,6.734129504318876,348,2,63.520922070601955,46.56437203587982,Delta,api,baja,success
13.166429534380228,10.71043307643441,374,2,93.52720172260888,43.79630134798108,Bravo,database,baja,success
12.278054713143906,7.312220733098498,369,1,69.90092216641642,75.09112191128894,Bravo,ui,baja,success
6.230250688114056,6.74821999675532,354,5,74.75714317522943,18.514600027212296,Delta,auth,baja,success
17.503948379419327,10.734886314706785,354,2,62.01794019318186,93.34588850530531,Delta,auth,baja,success
13.338153268432487,4.4006134495725595,366,0,74.41900124424137,8.816718108952045,Delta,ui,alta,success
14.2947846649214,7.3710278427330405,335,1,93.87913196813315,12.865380942821503,Bravo,ui,baja,failed
17.66103665423567,8.147796280281975,343,2,72.96497048810124,21.992343976085476,Alpha,api,alta,rolled_back
15.19953406469001,6.601387478895873,338,0,81.18198070093058,97.27949666753896,Delta,ui,media,success
14.554198828465363,6.601481215419328,351,2,80.12256635236554,9.760563991963863,Bravo,auth,baja,success
12.883394512407182,8.625879481168258,364,3,50.782290901988745,11.7680127248168,Bravo,database,media,success
21.46344901511907,9.230340341672239,344,0,65.85009625181556,15.302707951515913,Bravo,auth,alta,success
15.558042373333551,8.319632416615569,359,2,77.06474637147039,30.732161543255145,Charlie,ui,alta,success
15.478334789702757,7.909104352928645,369,4,73.56588195078075,8.803230933845043,Alpha,api,media,success
18.919463021354694,6.303294183729099,346,1,58.639342420501634,52.72828760468358,Alpha,auth,baja,success
16.51753739172879,9.20907934648508,355,3,52.09109359770082,8.149831063726676,Alpha,ui,media,success
11.479149522291905,6.132010668280459,349,1,90.03499497426674,18.794788149396112,Alpha,api,baja,success
13.374188111813794,7.754274223474705,308,1,89.33731777127832,9.295308329164982,Delta,database,media,success
11.891499361245323,8.998341696421635,379,1,60.89600364677608,15.729570787400007,Charlie,ui,media,success
8.265991888940734,5.90675879489531,358,1,53.7242373265326,0.3440356303862274,Delta,api,media,failed
14.332069759592182,8.488331254155138,345,1,64.88552487688139,93.91256953271773,Bravo,ui,crítica,failed
17.37579291646434,7.520304183497157,378,1,86.23565748217516,5.280182670310177,Alpha,auth,media,success
12.927363437003315,9.785015384603806,349,3,70.91556335333735,23.41057572707032,Bravo,database,alta,rolled_back
16.76479345443056,11.04458283487521,332,2,79.35134747298434,0.054904405027627945,Delta,api,alta,success
18.02240346019783,5.304044386289377,370,1,77.75917526218109,14.86937246085957,Charlie,api,baja,success
14.548156559290616,9.440838124997034,387,2,50.45578743214719,14.680650036782026,Alpha,database,baja,failed
13.10149844915508,8.069570787892571,361,1,61.345108459936455,21.560689419345632,Alpha,database,media,success
12.19151227856026,8.12737727579215,334,2,87.11889935540967,4.003023851662874,Delta,ui,alta,rolled_back
13.882515856648157,10.196644303414153,357,1,50.633980239508674,37.749405036878414,Alpha,api,alta,success
21.25683899689023,9.053915037798092,324,3,83.3357753243763,1.514046700506789,Bravo,api,baja,success
15.3643744382743,7.885143243283505,346,2,92.53194224089384,4.669165148229024,Delta,api,alta,success
13.151248075901833,7.412172332635006,375,1,88.64114572759718,26.55956442553311,Delta,auth,media,success
13.198244992688384,7.382226973948992,326,1,54.69281419296749,5.566073030233383,Bravo,database,media,rolled_back
15.292386461643172,7.831344888592531,361,3,54.954374498920515,211.83439581376422,Charlie,auth,media,failed
15.525412036114444,6.476534082430511,348,6,78.68647190509364,24.13854539852296,Alpha,database,alta,rolled_back
20.38254559556958,10.411584278552091,376,0,87.0972100913059,12.643549471770912,Bravo,auth,alta,success
13.306554111710632,9.07475174583582,354,1,76.6619116649963,1.4291127411666638,Charlie,ui,baja,success
18.907769135072087,9.338344913638322,340,2,53.92039510887116,47.49887282944737,Charlie,database,baja,success
12.476078379818398,8.344035022666601,371,1,78.59776607714593,0.0038172192871570587,Delta,database,baja,rolled_back
15.879004724004028,8.415390912737678,386,2,79.72917528473772,21.10949036378174,Bravo,auth,media,success
13.617310059635106,8.258214108362024,395,3,93.08465462760068,37.08724048981043,Alpha,database,baja,success
19.023620176821204,10.44058261423234,333,4,63.43035586876795,3.197690985393428,Alpha,ui,crítica,success
20.589263198669116,7.223117159530435,386,1,66.71963383909315,85.65106535943892,Charlie,ui,crítica,failed
21.14144432301295,5.828871018455384,327,3,73.44414296909235,9.876025769859552,Bravo,ui,alta,success
17.738112990209473,9.224947403413747,390,0,70.1264962903224,29.806806160991485,Alpha,ui,alta,success
12.978589734592965,9.631290695834121,362,0,60.825197090161964,6.2592354741115,Charlie,ui,baja,success
14.503067631488843,5.340776996940672,339,4,77.27251031319611,2.181473571807146,Charlie,api,baja,success
16.205338980715307,9.718815586624155,346,2,70.02992767142132,39.8475675513101,Alpha,database,alta,success
6.650531412635031,7.175278783317493,362,2,93.56985674588941,10.20725778490305,Alpha,database,media,success
20.681588250772407,7.62280437001559,322,3,84.69059852417558,20.86106476831942,Charlie,ui,baja,failed
10.724082610723173,9.21100373473789,337,4,60.6025856861379,16.751452405750875,Charlie,ui,alta,success
13.162592411991433,7.934234048689448,401,2,93.26108091743663,15.893713764846325,Charlie,api,baja,success
20.32666443819673,11.074468827387165,373,1,82.2761978849303,26.018520175402458,Bravo,api,alta,success
16.63910511079098,10.068017729290567,360,2,57.046549131628126,3.314567293971777,Bravo,auth,media,success
16.889346016884062,5.115622332337281,348,2,87.43680429179221,4.007639911025763,Alpha,api,alta,success
12.001205482692033,8.560465868934779,347,0,55.90886929654516,7.365372408181429,Alpha,api,baja,success
8.593233743902706,8.396714004190837,346,0,74.06106251524761,26.71834941107541,Charlie,ui,baja,failed
11.834210697678788,6.8318101922852685,345,2,65.23941187770106,4.092369004899834,Charlie,database,baja,success
17.008042190561252,12.148325711965498,335,1,92.08139508031309,15.62480729073286,Charlie,ui,media,success
17.86878108208375,3.0790824576832394,365,2,77.1338724612724,8.760300669819117,Alpha,database,baja,failed
15.17342076246764,6.199609700166429,332,4,76.43786798231304,2.6144711896777153,Delta,auth,baja,success
13.423422614223304,9.729626864377602,350,6,79.82385620474815,6.646955531090498,Delta,database,media,success
16.520019301631862,5.670188199242434,338,5,54.550513931317255,9.606469698250294,Delta,api,baja,success
12.5102881897139,5.426600175676818,362,2,81.90666775917634,4.230615634471178,Bravo,database,media,success
17.045548824029563,6.115871132960923,346,1,93.96107801119797,34.210209241280104,Delta,auth,media,success
10.594507773472234,7.177425028715403,352,2,50.05724906921387,58.421300363496215,Charlie,ui,alta,success
22.445662398269903,6.497391508497881,342,2,53.77829718636349,49.186144975791564,Bravo,database,media,success
4.180043510462632,8.790065190203798,346,4,88.36589672602713,43.12906275856383,Bravo,api,baja,failed
20.67175126547007,4.695039628517328,353,1,62.69007461494766,23.747048533444694,Alpha,api,baja,failed
12.378762007535977,12.029212800228734,349,1,75.2926070720423,19.01743983275311,Bravo,api,baja,success
20.009132189688696,8.791047270656556,319,4,78.79253155202605,13.897460281848907,Bravo,auth,baja,failed
9.15885027130668,8.085293736600866,304,1,86.96622620569542,80.53196929737794,Delta,auth,media,success
13.677060492826643,5.499537091269934,343,3,84.06760420417413,21.315526974198978,Delta,database,media,success
15.843271162107955,9.474361439442276,342,3,67.91689106845297,6.718034081161022,Bravo,auth,alta,success
10.962002943111033,8.06618800123248,362,2,62.55103423260152,1.7708838807193508,Charlie,database,media,success
12.860893415315754,7.153320298052495,367,1,94.3147034861613,12.702837835997343,Alpha,ui,alta,failed
16.980233099543764,7.752392047682117,355,1,69.35683494666591,19.66304695682959,Alpha,ui,baja,success
17.193976199128567,6.723749081961478,345,7,79.54205066896975,31.68073531139403,Delta,database,media,success
10.089029543124205,5.396898354048798,343,1,80.30158566776663,17.041409440073807,Alpha,api,baja,success
10.973549422558133,8.807386025264181,331,0,50.01020979718305,34.27891191013719,Bravo,ui,baja,success
15.828668806439351,11.461181620818433,353,4,59.661557578947395,8.655255272984505,Bravo,ui,baja,success
20.669604721356578,8.97463797639358,366,2,50.57562489528209,57.35264187667088,Charlie,api,alta,success
17.98835758622102,6.532918807984927,331,2,80.61750615714118,1.6433376520872116,Delta,auth,baja,failed
8.9222677106059,3.7687321198043247,365,2,58.679200580809265,3.2284355346530016,Bravo,database,media,success
12.119717042702733,9.804872407678015,368,0,71.61275196471252,29.713532834236915,Bravo,auth,alta,success
7.647151862415462,5.542709168067233,358,1,50.1550743135158,7.548571530729532,Bravo,ui,baja,success
18.13758345741197,8.502675482043525,337,1,82.91462325723842,10.359226461556048,Charlie,api,baja,success
11.515791401891633,8.842168191924536,338,2,72.87815466406755,27.959781451951446,Alpha,database,baja,success
14.956534747933873,8.787522486930431,341,1,64.87492335145362,4.33571445196867,Delta,api,baja,failed
17.436566232863036,9.148141207336542,343,3,61.80201656301506,9.177311718463898,Bravo,ui,media,success
14.467793407764907,9.377058362090233,344,4,65.8038564142771,13.46272236853838,Charlie,ui,crítica,success
11.601875748479747,5.7680158851228,337,3,65.40112233255059,16.72586902130156,Charlie,api,crítica,success
15.460554900696904,5.376009571093295,369,3,59.60150653379969,1.3453684151172638,Bravo,api,baja,success
9.674651383951987,4.111450152453344,335,3,55.87418133509345,32.04353738475352,Charlie,database,alta,failed
24.497833086926768,7.675046468160499,339,3,50.5128159315791,22.986589929943374,Delta,api,alta,failed
5.0166543307533225,10.054443755936035,353,1,53.7889357493259,17.48484487210696,Bravo,api,media,success
23.814704616247536,10.09112724524799,317,4,87.9927494423464,18.604222465263074,Charlie,auth,crítica,rolled_back
17.28558770827669,6.5430977541184685,349,1,83.38085557799786,14.083241287618876,Delta,database,media,failed
12.665019051124258,7.413809219376131,366,1,63.920186274917796,34.76663638449727,Charlie,database,baja,success
16.09944143048967,4.716019871339077,306,2,79.94265419663861,10.47458461268048,Alpha,api,media,success
14.806843216155936,4.52523766805902,332,2,52.79871344566345,8.194086057195642,Alpha,ui,baja,rolled_back
24.009874567108966,5.975442940341517,368,1,70.22782339947298,54.06167243118611,Bravo,auth,alta,failed
23.831928888736222,9.344907131064529,379,2,88.67133325664327,62.32151131029454,Delta,api,media,success
18.067380058583886,7.216171581076183,353,2,76.03092566132545,6.043398430630321,Bravo,database,baja,success
13.863233024828487,10.409840182197266,366,1,88.673294223845,27.716070233767326,Alpha,ui,media,success
15.606581170165411,8.708549975429884,335,2,57.04035033704713,10.392050474882126,Bravo,database,media,success
11.875575653427843,12.189353813354366,319,3,72.9071007494349,7.20329075306654,Delta,api,alta,success
11.170406547010703,5.587123259359696,389,0,74.88356100860983,1.6366209395892706,Charlie,auth,alta,success
13.78263552819564,4.879528045707827,333,1,89.39185690833256,69.57007954028325,Bravo,ui,crítica,success
21.123514613614383,9.346805501813764,331,2,90.69439494865946,24.965541890745456,Charlie,auth,alta,success
13.086776253421233,7.146504757027672,376,1,62.26596387219615,8.338967862885704,Alpha,auth,baja,success
16.103857154103668,5.660645134107131,357,2,55.940005101729184,17.26083892603588,Alpha,database,crítica,success
20.171119423740627,4.865788139979638,342,5,60.36840665852651,8.207232221142082,Bravo,ui,alta,success
16.696042826323097,6.3666217108286265,338,1,53.63597184186801,13.389979463070631,Delta,ui,baja,success
17.111061015082335,7.882892771545618,364,2,88.9184554934036,14.039569314569235,Charlie,ui,alta,success
12.38468007142571,9.695994492532442,380,1,88.614598501008,28.096685438340003,Alpha,auth,baja,success
15.48670221069594,9.042682233456226,383,0,83.57657542685047,0.3709700985899443,Charlie,ui,crítica,failed
11.052547781082184,7.838039673970778,340,1,59.73248076974414,20.08645022019365,Charlie,api,baja,success
11.977622151005571,8.135408442954725,336,0,92.74246658431366,114.45227380982095,Alpha,api,alta,success
10.356040166239826,7.225091181390277,333,2,51.46423348109238,23.20804674987467,Alpha,ui,baja,success
13.228793905521714,7.965542549354453,375,2,59.141162898158655,3.9750782512128353,Alpha,auth,baja,failed
16.3397911361583,9.773234213804285,363,5,88.17951343720779,7.390470821410418,Bravo,ui,alta,success
14.597365727419081,6.166463382500357,349,3,94.00142519269139,0.07500267619725567,Charlie,ui,media,success
11.097852628158012,5.498509825437825,385,0,79.1647025430575,29.528393513446147,Delta,auth,baja,failed
11.107133497515708,6.399033604040493,348,1,69.55419942969456,9.284315418452024,Bravo,auth,baja,success
9.636853894137891,7.47769492050972,332,3,53.27049815910868,7.383283794819893,Alpha,ui,baja,success
16.656409608217633,7.82302817787623,357,0,92.28592816507444,1.9854327703171508,Alpha,api,media,success
16.096649719300327,9.02104257874257,344,5,65.96911140833981,1.494787584990263,Charlie,api,media,success
9.344148197922994,5.777672658855231,360,4,57.2689975600224,96.37777031453994,Charlie,database,crítica,success
8.272277707243731,7.4368364428879925,323,1,94.67425568960607,0.17546633630990982,Delta,database,media,success
14.71965554420355,6.359896167143598,333,2,62.91748232208192,9.202908396720886,Alpha,database,baja,success
13.158763882846804,5.909337139311441,348,3,66.18638473446481,41.27771633661805,Charlie,database,baja,success
10.171417186090277,11.89253980940741,332,2,86.01354410988279,9.857709724456072,Bravo,ui,baja,success
19.161764872514404,6.82023458686923,362,4,75.73225314845331,31.93381974745303,Delta,auth,alta,success
14.735179951256502,9.34725177137834,369,3,55.75215288437903,16.25814127922058,Alpha,auth,baja,success
14.920568885852747,4.851583757915,352,5,73.04527372005396,32.43790928173571,Delta,auth,alta,success
17.462224893512538,9.722136292926074,364,0,68.89998134691268,38.55189907156762,Alpha,api,alta,success
16.681531879678403,4.4967583864458,330,2,56.1177854356356,6.538788668811321,Bravo,api,baja,failed
13.68818049029126,12.038554694579805,348,3,79.89555444917642,4.92131807282567,Bravo,auth,media,success
10.462174791599189,7.317921869039547,352,0,89.82424160582013,24.068491120136045,Alpha,api,baja,success
19.729073220466866,8.113073507760626,314,2,70.64864782849327,6.238722986132165,Bravo,api,media,success
8.156856786751192,10.53780406008157,342,2,50.81807273323648,16.863401780591,Delta,ui,alta,rolled_back
20.517796177618415,10.113361689332548,364,1,88.26694240793586,34.83702304757653,Alpha,ui,baja,success
12.835978683369888,5.91409114414619,363,3,76.30082509131171,14.801002252846956,Charlie,auth,media,success
23.301867166933313,6.467616785352854,338,1,94.79425248224288,30.803509241824443,Bravo,api,alta,success
14.180957987949041,9.700072466629129,366,1,83.07863975176588,13.069666609168053,Bravo,ui,media,failed
12.794332057918657,6.72810594765499,344,3,85.189697900787,110.890503370673,Delta,api,baja,success
15.164787467092786,6.945050788109583,389,3,72.0809474424459,3.034923993051052,Delta,auth,media,success
20.268190524103186,7.24865755054082,346,4,71.9588730589021,21.224979377274803,Alpha,database,media,success
7.761399186358475,2.9777124391896885,342,3,87.78639774653129,44.56306534157045,Charlie,ui,alta,success
13.768044821517323,9.623503001716314,341,1,82.66886135097593,0.3874054673587277,Delta,ui,alta,success
16.178244778341547,8.549002534389016,358,3,94.13307512528263,3.5050037761700397,Charlie,auth,media,success
15.591083268466589,8.422565787086002,319,1,69.59576478460804,4.299279950559139,Delta,auth,crítica,success
15.463806127900448,10.367923120225068,352,2,86.69310656376183,4.888931829482317,Charlie,api,alta,success
13.706672605746881,4.806702789617716,355,0,91.28031942178495,5.598134860396385,Alpha,api,media,failed
10.438533104409569,10.408932812827743,370,1,67.3168382269796,5.428960137069225,Delta,ui,baja,success
26.445277963452682,9.186532439091394,349,1,75.83131578168832,52.038256055178294,Bravo,database,media,success
9.19445222066413,11.982232433663132,338,4,58.6901034147013,2.429918673529417,Bravo,database,baja,success
18.93497608087994,9.198154081400258,318,2,81.25377826043405,28.39969974545769,Charlie,database,crítica,failed
10.56863469165873,5.890805810375074,345,1,86.91001603147015,25.923231620199992,Alpha,auth,baja,success
7.004429372607879,4.354787230181252,327,2,53.35015322896652,6.122315593063831,Alpha,database,baja,success
15.602889987831281,6.539966184037979,342,1,50.27278088731691,3.19273340020633,Delta,database,baja,success
23.43587236877366,7.971969036312692,344,3,51.788027175934985,17.71444632757216,Alpha,api,baja,success
17.516762691345598,5.780580737260641,364,2,72.57995991967618,78.0181526501381,Bravo,auth,baja,success
8.449417831360371,5.532792414043842,333,2,77.33037391211838,44.898951215515716,Alpha,ui,media,success
12.366097143930748,9.863683160505428,311,2,76.5388559596613,45.84866130150376,Alpha,auth,baja,success
11.998766936354865,8.55842608593572,317,1,55.278994439868256,36.42191867328702,Delta,api,baja,success
10.419472417901622,8.12474658895304,374,2,52.65192940016277,8.502315379679203,Bravo,api,baja,success
19.11045310768599,6.895106065500001,340,4,73.98633717792109,12.814693842083216,Bravo,ui,media,success
24.91216168732573,9.21531066900574,359,3,91.39404143788852,41.383380270593264,Alpha,api,baja,success
9.186734542721585,13.23155353570587,359,2,81.55407039797865,68.7570410386448,Bravo,database,media,success
18.289057781447315,1.8378236786255702,362,0,85.51119123469107,102.43328050847245,Delta,api,media,failed
10.734208025401884,7.277224408461006,330,6,94.6525244845543,24.81140135127812,Alpha,auth,crítica,success
19.377226930059507,9.33161333121016,338,1,88.13334662700072,17.13817986745148,Delta,api,baja,success
15.88238472931743,7.897432469663424,336,0,90.51604398526251,20.698819282085914,Charlie,ui,baja,success
13.867041637850084,8.745545162831764,344,4,53.31280993297696,59.22931717033711,Delta,ui,baja,success
17.840203013734246,5.354335798700457,365,2,68.55251606786624,0.06968976960151943,Delta,auth,alta,success
23.841907465848436,7.410103048710004,316,5,80.9746595332399,7.021367412060499,Bravo,ui,alta,success
20.64826630248568,4.846552589695839,348,2,66.83587040519342,18.732447690253547,Bravo,ui,alta,success
14.21360767939111,7.666556647548253,366,2,90.81546547356993,43.297555086980445,Alpha,database,baja,success
18.021538279278243,7.564277181471081,350,4,78.76026750076562,11.985053960233927,Alpha,database,alta,success
10.623596519210178,8.402485145024828,353,1,58.589590188348666,11.06626807898283,Bravo,api,media,success
16.720720096584596,9.9266558493691,322,1,50.01913886051625,5.7896986193954945,Bravo,api,media,success
18.84219884633302,6.3419280008956065,393,0,58.50019104080275,4.5308410457266,Bravo,database,media,success
16.836238091617286,11.086841304151914,334,1,67.69292676239274,97.9464062550917,Bravo,database,baja,success
12.614178421928703,11.586481514360699,372,3,77.0658244099468,12.152795354362453,Alpha,ui,crítica,success
14.819655171045023,6.03060497007142,325,0,57.5909436319489,78.98554265095827,Charlie,ui,alta,success
12.673925620889696,6.250707337861297,331,2,61.27235011430457,1.5169914213067335,Alpha,database,baja,success
16.77145294850481,7.319209155019288,382,0,83.60713671543635,33.32046427759444,Alpha,ui,crítica,failed
13.759077241824752,7.248393837869222,375,3,70.50266404519789,4.116270751797766,Bravo,ui,media,success
14.108680927670045,10.76253144857127,353,1,69.42225845647044,0.22599060923979059,Alpha,database,media,success
12.469652829231736,11.272128494433543,371,1,87.39478970877826,5.637381993234158,Bravo,api,baja,success
19.26876079660787,9.733616309103706,357,3,67.18639758299105,14.145310521125793,Charlie,api,baja,success
16.34958368585881,5.468478198982719,348,1,72.91626313352026,10.593098044395447,Delta,auth,baja,success
11.185417345381914,7.772089395116923,327,4,92.14313530945219,10.610130317509174,Bravo,database,baja,success
16.004694296547644,6.991305383424279,316,2,79.39740612520836,19.878915934746555,Delta,ui,crítica,rolled_back
12.807405185808667,12.90922110282392,321,3,52.833586626220495,34.141843287120444,Bravo,database,alta,rolled_back
15.412944070412259,8.243664948292523,355,1,86.47288003121503,35.33632005549489,Bravo,auth,media,success
22.464066020558686,10.426558125628265,363,1,75.24669809965417,25.221201054539435,Charlie,auth,alta,success
10.836024778859503,6.042090466144188,388,0,65.55924212676473,5.9095801413059235,Bravo,database,baja,failed
15.879935148509695,11.072179847248702,357,2,79.76576844230294,13.51733560860157,Delta,api,media,success
9.304820374125,10.02402045696745,340,1,88.06085019488819,34.139520851741416,Charlie,database,baja,success
17.46406964012141,8.228495676676362,306,1,68.2603547850158,22.235701984648994,Alpha,auth,media,failed
9.23374728034368,8.908123997156881,350,2,77.31448126840405,32.38616052914172,Delta,auth,baja,success
8.192940708584358,5.91373627861523,300,2,55.933903966797516,13.194678023457527,Delta,database,crítica,success
17.22885183120306,6.838193398177327,364,3,76.24812084715813,11.410437050201756,Delta,ui,baja,failed
11.997955531488502,7.719832952402719,370,1,66.25507713411935,134.21836112734863,Alpha,database,media,success
7.116268217111445,9.768545970727127,357,2,68.50063880323432,33.87757457591115,Charlie,ui,crítica,success
9.702146196242671,9.365002551056689,382,0,87.77508184197359,23.839827650461825,Delta,database,baja,success
19.302131573997567,8.641800424345252,360,2,89.85286553273909,3.7054372064610104,Alpha,ui,baja,success
15.703340376740062,5.657586580165927,340,1,80.63261120580137,20.865937805657676,Delta,api,baja,failed
15.831699197142816,6.903769904652456,347,2,92.77119200560264,29.70169021088391,Bravo,database,alta,success
18.572811063528803,5.8775061601041365,356,2,64.35554348863661,47.955916104684455,Alpha,database,media,success
15.794439666633052,7.200060108387364,339,0,55.36671751062386,0.10989611595869064,Charlie,database,baja,success
2.274869741164297,5.317299266364586,372,8,63.876371091464534,42.90060330725728,Bravo,ui,baja,success
15.078732778816946,5.749195285248085,354,1,55.82058277330361,3.5266657087847264,Charlie,ui,crítica,success
9.423314381172922,7.4314009502327725,359,2,56.97403789497912,17.768142006283096,Bravo,api,crítica,success
11.267056459304047,3.434905116353254,328,1,78.68609732831828,2.9563646612410426,Charlie,ui,media,success
8.48383647412531,7.416161647248663,354,3,70.905090207234025,56.685776931003005,Charlie,database,baja,success
16.476390556437817,6.931164128646375,338,1,55.15801400993951,12.161161735200166,Charlie,auth,crítica,success
24.14262554011923,7.828097769584101,334,2,52.147920679999515,11.540296141058207,Bravo,database,media,success
16.94617947832711,3.7440197975205747,363,1,73.06368792313151,51.010820042629106,Charlie,auth,alta,success
22.72860888281037,8.841727502992715,313,4,86.59736556350254,2.2183962017297745,Charlie,ui,media,success
14.07148390907175,10.760987718842921,362,2,92.98449533758685,30.775117242325745,Bravo,ui,baja,success
12.85021977346446,4.583243211711947,350,1,94.35756995342672,23.676238075969046,Alpha,auth,alta,success
18.144407613502192,5.08555638095779,351,1,92.82790069351904,36.37727871335564,Charlie,api,alta,success
9.990508359100776,11.206838625220085,340,2,70.5684306891635,49.7204869220358,Delta,auth,baja,failed
9.703340180661563,8.369836464732009,365,0,60.486426369752735,15.413575362414122,Alpha,auth,alta,success
3.127067306717464,7.164564328146493,349,3,62.200016545830294,1.8596295749980796,Bravo,ui,baja,success
6.097127291437166,10.374312849831835,337,6,63.977376838447526,2.0183669552206993,Bravo,ui,alta,success
13.23338331028573,5.244224944290006,378,1,86.21103662648238,0.7547512465239814,Delta,auth,alta,success
15.498576513957984,10.339808642841648,306,1,58.58377835480496,92.83719969781782,Charlie,api,baja,success
13.600011069283052,5.0669109225064854,339,1,89.04565847013146,19.19125323784501,Bravo,auth,baja,success
7.386002789916583,11.473225487616467,347,1,76.17069620173424,4.8099287040531635,Bravo,ui,alta,success
10.383822632139957,7.128519624535841,332,2,61.62636913009919,18.233083314185432,Charlie,ui,baja,failed
11.84326610250292,8.816013679932027,378,3,59.60792639059946,13.114038765299707,Delta,ui,crítica,success
18.597609112775753,11.80415933892263,394,2,84.54046986880712,28.269694938247497,Delta,ui,media,success
16.264159996306716,7.454551930408064,379,0,79.62766881333664,2.917021259665489,Alpha,database,baja,success
11.692050899348086,8.200235101285585,339,2,87.58622281136923,26.429498835389907,Bravo,auth,baja,success
8.541717825971535,3.4109599867873177,342,3,52.94418478035368,19.854872948413185,Charlie,auth,baja,success
14.334271519648178,7.539348097375658,343,1,79.17923659551889,0.005181238937481989,Charlie,ui,media,success
7.894432312428081,9.351383545118184,365,0,71.62801318918355,15.390359356999397,Bravo,database,alta,success
12.332463939122153,9.200062672253157,342,3,56.53848501620814,32.65991160917788,Charlie,auth,media,success
13.768139721655967,6.663920524307304,323,3,74.27494521485642,4.558861691504717,Charlie,auth,crítica,success
19.890101661138683,5.7380825024966455,354,2,75.47153238439932,16.326865285634995,Delta,ui,baja,success
18.583449050557952,7.925011585116755,347,1,89.62215950479731,19.116306929225285,Delta,api,baja,failed
15.815620252151607,11.995193359644219,332,4,89.52230769442394,22.12333010036259,Delta,ui,baja,failed
14.136006351081596,8.834320410984335,347,2,51.05929803918116,73.86928653313753,Charlie,ui,alta,failed
13.04797471225845,6.4115382271056,334,4,53.50612946669571,6.174958493560553,Charlie,ui,alta,success
17.40820925484081,10.69139926681841,321,2,84.28473468171433,10.224746242064342,Bravo,ui,media,success
9.42359914590562,9.978101773244479,346,1,77.85348566016182,26.226896679883296,Charlie,ui,baja,success
13.583345315554212,7.67483508560196,323,5,84.50968420715071,4.865390953629699,Alpha,ui,alta,success
19.924198311769885,6.815701213655119,373,0,83.19644172210246,6.350635224139104,Charlie,api,alta,success
11.746376687939929,6.323137596167072,360,2,70.42475558584556,1.0606772974133492,Bravo,auth,alta,success
8.893311273380004,9.149188910684655,321,3,56.68409931473434,35.292498795161826,Bravo,database,media,rolled_back
15.003652616076227,10.372204012447842,338,2,73.15806548111141,24.97833464406961,Alpha,api,media,success
16.18063161801812,7.43040748153581,324,2,72.1988044923637,14.245510406792164,Charlie,api,alta,failed
21.826150263485076,4.190635605264785,343,4,82.16371927177534,3.279328465461731,Charlie,auth,media,success
11.370015839261228,8.733641386860898,335,5,50.898248015437275,12.237600043416023,Delta,auth,alta,success
12.893544758807572,8.65413765973846,331,2,68.23743002838455,9.319322225929152,Charlie,ui,media,success
19.960034222009234,4.366987664942664,383,2,93.8095514010638,44.787694681365736,Bravo,auth,media,success
13.928392723245153,11.979386216696408,333,2,85.49868637812324,2.956584867788514,Bravo,ui,alta,success
16.216945397547885,5.925102929752827,351,2,65.93386852298863,27.64414230633288,Charlie,api,baja,rolled_back
16.881213822723964,4.3915622046525336,368,2,55.14221124118194,39.598711294899566,Delta,ui,baja,success
20.14476869739398,4.57825386275317,343,1,53.20821762201376,1.3506947467460884,Delta,auth,crítica,success
18.66790904011975,6.159445985335144,346,1,57.55254664691165,6.1522469110786915,Charlie,database,baja,success
14.836109341480357,5.947289056093348,346,7,67.43772093439475,13.04566671806139,Bravo,ui,crítica,success
9.843348773139134,9.513373335497674,362,0,89.29071545833722,35.88794262505589,Delta,ui,baja,success
14.682810520215524,8.959406544905404,339,2,70.04826647927985,3.3710119239985943,Charlie,ui,baja,failed
17.959579209276583,6.5677181233951245,354,0,84.69672075007111,5.177868068218231,Charlie,api,alta,rolled_back
20.10704092113472,6.291963012466543,342,1,53.23873561806977,20.011317527776054,Alpha,api,baja,success
17.660531268423806,4.414297916916411,331,2,53.8668687781319,0.02919534915735226,Charlie,api,media,success
8.909238581620254,8.366317341194433,349,2,51.250678492942825,46.140761775742156,Alpha,ui,baja,success
15.504892446741461,5.883681253311247,343,1,56.103918477892876,21.29850686685776,Alpha,auth,baja,success
10.474471527996554,9.548884096214685,328,2,51.81473973556422,9.22911336645484,Delta,api,media,success
13.090299058334935,6.6106386972726074,376,4,70.46769656823017,1.1931015778483254,Charlie,auth,baja,success
10.606108822120866,9.655199977516062,323,3,84.9988664931152,18.95190706003218,Delta,database,baja,success
21.829769465686525,5.591904236732015,344,0,59.56868719193153,31.84860234606772,Bravo,database,media,success
14.263588161600387,5.927978234833244,350,0,72.7223983570002,2.2995602551952423,Bravo,ui,alta,success
22.445704882800783,7.500486186971158,343,1,61.68744518770836,14.572248414158821,Alpha,api,media,failed
8.031811734942256,9.220142514754329,333,3,79.45084208855405,29.625376961117084,Alpha,database,media,failed
11.866170314819753,9.029999006650483,374,0,63.25326658086851,7.449237652122974,Bravo,auth,media,success
18.18108216924334,6.920660500722131,360,2,79.5476968656294,25.00592160869151,Delta,auth,baja,success
12.870919960035938,6.050311567629521,358,3,62.11066221003421,46.197027815352065,Delta,database,baja,success
22.94321737095559,9.369461550148625,368,2,86.86238174908794,1.032566240630079,Charlie,api,baja,success
12.392798337982404,7.807955204868969,307,2,61.986853568814695,41.554826097991466,Alpha,auth,media,success
6.372151726113501,9.20358125446024,372,4,65.60032585752197,147.29879783682256,Delta,ui,media,failed
14.631890012301053,11.94493499010682,361,5,69.16418185806833,14.002050808460895,Delta,auth,alta,success
13.410399532005368,8.280318700046015,305,2,56.37315987609327,7.818179223186337,Charlie,api,alta,success
14.446690789716532,10.770916895463456,325,1,88.61179359140806,21.40358865905314,Delta,database,media,success
11.69694000304859,5.676515532034136,388,2,82.24836481153034,7.41467406715738,Charlie,ui,media,success
12.257353342012664,7.885094852035975,350,1,85.89987103361636,102.37705680123025,Delta,ui,media,failed
11.829142125668358,7.501929191593953,326,3,86.8767847190611,22.677690892403415,Bravo,auth,crítica,success
13.371983390952508,4.951675780286941,352,0,63.044239905430004,18.761777459293516,Delta,database,media,success
10.40531755416408,8.927182068649515,349,3,59.74587479955517,91.93878913911726,Charlie,ui,baja,success
19.46304186218688,5.624758547216954,352,7,85.2093097101897,27.543407387023265,Alpha,auth,baja,success
11.482172887319987,8.988128423769904,335,4,88.65673854015768,17.709801080330436,Alpha,database,alta,success
20.117291750126455,6.412895433496157,381,2,75.92785768327303,11.495198618620634,Delta,api,media,success
9.182890980611358,6.89945270562034,370,6,60.121222102316096,10.598916672170162,Charlie,api,media,success
18.36891507677408,7.243366375494759,344,0,50.37172958953306,7.064825009554625,Delta,database,baja,success
12.58713996874907,5.073590723585397,374,0,51.25440773786977,0.908940984238584,Delta,auth,media,success
15.526220109370154,10.092993824573485,366,1,90.83314731833525,4.472806214950433,Delta,auth,media,success
18.057778226718344,6.990299701465875,366,3,55.44247408397496,16.252622053027153,Bravo,ui,baja,success
11.331459333632303,9.787443085478479,362,1,84.1465772385709,15.028137154877186,Alpha,auth,baja,success
15.94957806057188,7.634739567701168,343,1,61.674769528908655,21.49307881939917,Bravo,database,crítica,success
14.821243733551762,7.654731872874189,349,1,79.83037770260125,4.902792466154515,Charlie,auth,media,success
10.52579878575007,5.720682680318849,349,2,89.1014545573853,6.782718931765881,Bravo,database,baja,success
17.306820091296025,9.10375476250355,355,2,78.42754935263656,6.059983413666487,Delta,database,baja,success
5.79303115982462,8.111942579326586,343,2,74.74919269909151,8.623902395367622,Charlie,api,media,failed
21.176045536757943,7.0738513915124965,352,3,93.5857210692484,26.188993177299793,Delta,ui,baja,success
19.785284955877827,9.574581158377454,327,5,60.02268486772664,5.243339558178231,Alpha,auth,baja,success
14.193292480541642,8.754321477346146,380,1,66.96892118430696,8.865511927753687,Bravo,api,baja,success
13.270913680589477,8.125687365211302,341,6,68.63819108344615,43.29992978073178,Delta,auth,media,success
16.3877945755612,8.037458020871355,380,3,70.01039339462295,28.57903088528424,Delta,auth,baja,success
13.058488264882998,10.268910885576913,325,4,81.09397285501473,1.0260104895663393,Charlie,database,media,success
14.218775679060975,7.7833297326457185,354,1,51.11332047381438,1.6143001802265644,Charlie,auth,baja,success
15.919189646863352,12.048437072410014,345,2,53.85184665792622,17.774682103579334,Bravo,ui,alta,success
14.621384967852604,8.926714555912003,374,0,58.732551876455545,12.002111569046974,Charlie,api,baja,success
21.840798161940654,7.562597100090485,365,2,80.44072059798054,15.207724012434483,Bravo,auth,alta,success
13.657003996315286,10.227189863526783,346,1,60.79048840445466,49.71487846768915,Charlie,auth,baja,success
11.498700702658626,5.092743176416027,362,3,80.39993997779675,7.50709542632103,Delta,api,media,success
10.469782033146078,10.479683172238154,370,2,86.90908899297938,0.4911956414580345,Alpha,api,alta,rolled_back
12.73591746907324,4.012229203954149,332,1,89.75714979344048,18.86816120791941,Bravo,api,baja,success
11.10246238748511,9.919103046802576,358,2,72.5594747683499,55.61545191779835,Delta,ui,baja,success
18.780329363385057,10.587160817731448,356,4,67.6509737863671,3.4374606125056744,Delta,database,media,success
15.990964421200085,4.6503678743185155,356,4,87.67596179270186,61.42474709148732,Alpha,api,baja,success
14.581301518270173,7.31423735423615,373,3,62.86043836851604,25.48837807728558,Delta,ui,media,success
15.111046719614853,5.943656792598748,316,0,56.39204135979526,12.558182783424854,Delta,ui,media,failed
11.370894070637823,8.046816024893747,368,4,88.23777391924523,9.221676394343376,Bravo,database,media,success
24.403735008103183,6.5451422814395315,341,1,89.84165022149682,4.5519531816244125,Alpha,database,baja,success
18.23507889792418,6.992772544517258,351,1,50.54068656638265,8.67902655984853,Bravo,auth,media,success
18.136561675386805,6.1629056475098585,354,5,71.00299297366291,57.98201004858342,Alpha,api,baja,success
15.68094596318133,10.010135869482589,370,2,71.18506882339716,7.072961119488484,Charlie,ui,crítica,success
15.636790606123073,9.627722830799053,390,1,69.69697129912674,23.542283601050666,Bravo,api,crítica,success
17.712072401653483,9.028759608735115,341,3,53.85941903688945,20.16627663273125,Alpha,database,crítica,success
16.737487998338604,8.404017417261432,343,3,78.19133259006776,31.164505853240783,Alpha,ui,media,success
18.12221772092305,8.72290123528978,327,2,64.48212372139096,9.946602031588554,Alpha,database,baja,success
13.221728966182603,7.376651688461088,344,3,75.5555214220658,24.332871078436668,Bravo,ui,baja,failed
20.08606564738201,12.62963371920295,337,0,62.07326039788313,7.084962856024504,Delta,api,alta,success
9.106431090004932,8.205743788422346,337,3,60.335264602908865,33.816868949314134,Charlie,ui,baja,success
22.304041892573956,9.256409610244233,366,2,53.777787493309006,16.79570196116041,Alpha,api,baja,failed
14.671357823127124,9.436447039103097,335,1,79.55337169696577,10.0721222050488,Delta,ui,baja,success
15.828264628682897,9.621977096142931,371,3,58.957947664894164,5.332873284816742,Bravo,auth,media,rolled_back
14.767364017029736,10.63467807955902,369,5,53.77150725806132,51.57426264370713,Bravo,api,media,success
11.627791962183181,7.473727914360566,341,1,65.46207342646085,1.423607211560011,Alpha,auth,media,success
13.134050881843931,4.254661292081764,292,2,61.35391526273452,31.48622636396199,Delta,auth,media,failed
21.06579611637997,12.466037559000188,329,2,88.32857158733532,4.70074275881052,Alpha,api,media,success
23.29584557851823,7.327647822738795,342,2,71.83620743686333,16.383422132581472,Delta,api,baja,success
10.773012940291434,7.483412603089692,346,1,66.42793273320422,29.137668034916217,Charlie,auth,crítica,success
16.420995179573413,11.059693509812394,357,1,52.3053535039071,15.224819663912058,Alpha,database,alta,rolled_back
12.849493294738993,8.954703589831876,361,1,72.18058159574866,15.891840633004904,Alpha,api,baja,success
15.361265463433439,5.5754582016773035,326,0,56.87207249342464,19.569117169019506,Charlie,auth,alta,success
16.39415313841035,8.535724483589503,377,3,55.81894300063141,23.8357942243269,Delta,ui,crítica,success
12.92992401960062,4.948958589060297,334,1,65.47501416294836,1.078207477927208,Bravo,database,alta,success
16.14920520966107,7.545272092896598,373,1,63.36088435025886,81.41022419526216,Charlie,ui,crítica,success
21.672299987383333,3.6552419560201175,361,0,73.44688256271183,15.00345704331994,Bravo,database,baja,success
10.676253101654119,8.927638916987478,333,6,55.52172634052113,5.202156134829909,Bravo,auth,media,success
13.408595581510506,4.804128822669027,344,1,74.9798905022908,40.34155698485087,Bravo,database,alta,success
16.188835265773623,5.581365851994274,354,2,60.002754346933216,10.197798304259777,Delta,auth,media,success
16.49371623706576,4.244369563529759,379,0,59.92703408817761,71.82792591645357,Alpha,database,alta,success
15.270337926172074,9.318469613236863,354,0,85.05454430123791,32.99889584529906,Bravo,auth,media,success
16.386536121978782,5.621325505446974,343,1,73.2625216175802,0.33630227607457125,Charlie,api,media,failed
14.341714508797654,4.859804678030294,373,4,55.112113000359386,1.5148043840874221,Alpha,api,media,rolled_back
15.759931226343083,2.9477176667450395,345,2,52.89392193313688,56.033283838926224,Alpha,auth,baja,rolled_back
14.725205459444268,10.61466461488958,355,1,83.86392656597309,50.67421777243939,Charlie,api,media,success
18.665800830777062,7.14757184772665,367,0,89.01674287393689,10.668466530740261,Alpha,api,media,success
17.842198459048483,5.737470810336426,354,2,79.3361125991214,34.440555227766616,Bravo,database,baja,success
14.923641255496783,6.543141733312507,337,3,53.90804569469765,4.2994103617966175,Delta,ui,baja,failed
20.25250749231242,4.5064335070034485,316,1,57.91572941932827,4.382691610604525,Alpha,database,media,success
15.681544623218025,10.913821301496679,379,1,88.57410533819348,0.9807112182637192,Charlie,database,media,failed
17.315266422135153,7.024445714772966,358,3,74.33404125738889,115.53953119507486,Alpha,api,alta,success
15.91161949999066,6.845416227119615,374,4,61.674914305331185,13.24198503792286,Delta,ui,alta,success
12.550160537610733,9.51354139799563,363,2,58.16435191198252,21.439171558166358,Alpha,ui,media,success
17.936120532122494,9.961805809026101,352,2,77.81054092687555,1.9317613877356052,Delta,auth,media,success
7.597992549875391,9.466866653116686,337,2,58.86965857469477,39.0548130849701,Bravo,auth,alta,success
11.125820640917736,6.281731990648292,352,2,93.80600110976957,25.840644701307113,Alpha,api,baja,success
17.510505876201158,4.865830844960151,338,3,50.31940024695359,12.323667503893375,Bravo,database,media,success
19.96111051752577,6.44715640509877,331,0,93.6989475262817,2.0494142468952625,Charlie,database,alta,success
8.972387771478804,7.6447636983451925,341,4,54.62504553142935,12.892418570816517,Delta,database,alta,success
19.730387574851555,7.286305824584274,340,3,94.1689714428503,32.28323254633456,Bravo,api,media,success
9.663245762548664,9.83806209263758,369,3,92.09247259306721,17.973360325590903,Alpha,api,media,success
12.614718823937148,9.302599914006711,347,2,57.769689058186486,24.847526218571257,Delta,database,alta,success
9.682031339854477,7.109653038890423,319,2,77.27661720477045,34.833811951647384,Delta,auth,media,success
14.27154632553114,8.84504349637266,333,1,78.51266143959947,7.016956575214863,Alpha,auth,baja,success
15.196554178549311,7.967763076285438,361,4,57.56519649992697,12.884606502950191,Bravo,api,alta,success
16.648305726453646,8.038733719580055,322,2,63.584934225073084,0.5955710113048553,Bravo,database,baja,success
13.310585814459603,8.508500916010084,315,2,51.343125300481915,2.4390747137367725,Alpha,auth,crítica,success
14.921385361062134,11.362126826386438,348,3,81.92724904045463,15.198869045823812,Delta,auth,baja,success
16.21206570133535,7.627652201044783,364,0,75.32954396097921,32.94039237398415,Charlie,auth,media,success
11.110310626179654,6.690266746714588,332,2,82.8635910351295,13.327136144042015,Alpha,database,baja,success
12.195379785533648,5.107702358925642,367,2,91.79071646183729,0.18365037068724632,Alpha,api,baja,success
20.513727602428368,7.943603641054705,326,2,78.07893044082448,12.485637227447505,Charlie,auth,baja,success
3.1874507456649646,11.76194682347413,353,1,52.43229127721861,15.046605940908194,Delta,auth,baja,success
18.823346252077634,8.766271949742796,370,1,85.89801164460368,64.94987569446889,Alpha,auth,baja,success
19.24013693968209,7.4462312122497485,368,1,72.86389407119714,44.23412918037265,Alpha,database,crítica,success
20.40384226399425,10.337947648773001,337,1,92.7949789352715,49.120332239041915,Bravo,auth,baja,success
13.393777035285364,4.877853214618892,382,1,59.984666178934276,104.70957889896903,Delta,auth,baja,success
18.35994792074931,5.232795647092388,332,4,82.9716908163391,2.320036040146701,Bravo,api,media,failed
15.861757030913736,11.136626230614702,337,3,56.022332028951496,11.637644916772842,Delta,api,baja,failed
12.44809119216702,7.7634228635680635,357,4,74.8987138341181,28.020840010528858,Delta,database,baja,success
17.211391928202758,10.028292742316733,313,4,53.216679226607084,10.26232594786696,Delta,auth,baja,success
16.481403299963006,7.976184111676726,361,3,53.4707938041538,48.66881471670686,Delta,api,baja,success
13.44390492987138,9.982411757900028,357,3,53.26052838820033,14.445313151925802,Bravo,api,crítica,failed
13.15962860547502,13.13847333616522,364,1,60.40187731618062,80.95581721856233,Bravo,api,media,success
13.93645522645092,10.485371450501384,342,1,92.5732901901938,45.55532142443525,Bravo,api,baja,success
17.005765453286276,5.793210098180246,373,3,67.28813962778077,17.353330335502914,Charlie,auth,media,failed
14.790588692041544,7.119205191824461,382,3,54.22933009918779,19.489973544066242,Alpha,auth,baja,success
9.591314626122916,6.385250245424947,355,2,64.7349509538617,202.08892767411578,Alpha,ui,baja,success
16.23431412042285,6.430705518104522,350,2,70.3580676659476,22.321832717400838,Alpha,api,media,success
13.532014384745395,9.881854809098282,334,5,77.70776652498171,1.7622015656712335,Charlie,api,baja,success
18.043261026113132,8.633119706025575,358,0,76.58453047974035,18.45843621423328,Alpha,database,baja,success
10.164886834088758,11.082161004379651,341,1,81.15743447560817,2.309863317757845,Alpha,database,media,success
7.365773071904881,10.015341638814466,348,2,66.31766011123545,64.33308528061238,Delta,ui,baja,success
13.009002455900518,6.930447019295497,345,2,53.214304968714714,60.82597146625844,Delta,database,baja,success
12.451821957478614,8.931771377263608,327,4,65.3636255429592,56.595950287536056,Delta,auth,baja,success
17.704927728121955,11.017291321499364,370,4,84.40692884265445,10.736092865467072,Charlie,database,alta,success
7.522355878968011,8.290937658436702,348,2,76.98976280866191,38.05553228951512,Charlie,database,media,success
10.725790054976576,7.247612422926881,341,1,71.11153932171874,27.98142982173472,Charlie,database,media,failed
14.495978336262576,5.8686099808290635,352,0,92.84810541779734,1.2315211384785576,Charlie,api,media,success
12.054862326285338,9.927522254694365,345,3,55.78032740508206,11.705531604588032,Alpha,auth,alta,rolled_back
14.235032763262046,10.465010258810304,327,2,63.688935465179384,86.09814168008711,Charlie,auth,media,success
10.206798946461191,7.685694673497099,342,2,78.78563713282347,41.47415980495034,Alpha,database,media,success
11.702981525975693,8.867234430651472,335,2,55.21701131365262,15.628088238622986,Charlie,database,baja,success
11.321869315301727,9.2921151841197691,350,1,75.10128908441402,5.62593786790967,Bravo,auth,baja,success
8.02452662511239,6.004395623994796,345,2,55.490394755033776,27.22132743794232,Charlie,database,media,rolled_back
16.53214969704707,11.180673109910353,351,1,54.34110901202075,3.935337679724592,Charlie,ui,alta,success
12.835722306950618,5.11445922792387,356,2,58.69225445203483,53.942491424039275,Delta,api,media,success
12.776235608660617,8.863304696802086,335,2,87.13142868713476,49.18895745075761,Bravo,auth,baja,success
19.435834125110055,9.131460663590122,339,5,62.65776589862071,3.4877587147057056,Delta,database,baja,success
17.67097437934706,8.874489041326568,364,4,60.679856995120645,40.49152600563584,Alpha,database,alta,success
12.22528385455207,8.217695586866324,338,2,70.8977014652919,8.278632190078497,Alpha,database,baja,failed
18.519971218847925,8.189771071370698,364,3,82.76800330844708,6.107885755598545,Delta,database,alta,success
13.484106571245919,6.504423565829893,335,2,77.3869667307008,29.56240247089177,Delta,api,baja,success
13.275005469585157,7.309781089596947,366,2,58.564791342942044,11.67044197395444,Bravo,api,media,success
15.665778798728065,7.631692249367946,329,1,79.04997065430507,15.607567570314941,Alpha,auth,baja,success
15.56207841866717,3.272695763620182,331,1,87.77940866420977,27.230816952597287,Charlie,auth,media,success
14.569814909379788,8.607517810432686,359,2,79.90332108922303,32.454189463441665,Charlie,api,media,success
13.992049562753923,8.51443760990687,359,4,68.76048132195137,23.831657233426597,Delta,api,media,success
16.60008153778944,6.7593815598204,345,2,82.50604440108873,33.7153105864626,Charlie,database,media,success
18.976680921168537,10.487058798439548,356,2,55.117427797522396,22.363394554544055,Charlie,database,baja,success
13.424505640179618,5.188810062817028,330,1,87.57369804778136,32.48739601570874,Charlie,database,baja,success
20.807049101521045,7.782809583853074,310,0,66.91499252221547,26.67709614235669,Delta,ui,crítica,success
11.660011481705418,10.644476200084972,354,2,79.18760085478425,19.780112782558728,Alpha,ui,media,success
23.005828613398414,10.18790119803348,331,1,57.36110914382152,12.023125659674406,Delta,ui,media,success
18.281172096075892,13.317710253845028,345,3,60.924702937481925,69.69464885785219,Bravo,ui,alta,success
13.55389856728502,9.864163365787388,359,2,75.43522003106773,12.697414364665747,Alpha,database,baja,success
6.497392720399882,8.000858707592231,327,2,85.10799654643051,24.454801647398074,Delta,api,baja,success
13.407802212474959,6.0409652514934375,359,3,59.29673448903486,19.13248924065142,Bravo,database,alta,success
13.609608307237325,11.200486132507141,361,2,75.37780071492307,10.07996878400445,Charlie,ui,baja,success
20.77980923533333,5.882158823098459,357,1,67.14081965386868,30.993940806870754,Charlie,api,baja,failed
16.50494429559519,7.904809536201242,389,3,61.88607633346692,128.73969665954078,Bravo,api,baja,failed
7.715537871702098,8.480829661369427,326,3,58.64215560723096,16.51246101781726,Bravo,ui,baja,rolled_back
16.090749084461912,8.005584619006886,333,2,83.03210706100799,22.470054364686302,Alpha,auth,crítica,success
11.22876906200698,8.292853575346587,310,0,69.4219421967864,0.7628723569214344,Bravo,database,alta,success
8.196427591074439,8.865691781724067,293,2,66.73006547382101,39.576697342546225,Bravo,database,alta,success
18.6761470529172,8.269529021963557,353,0,75.00901838066056,111.75614145086945,Delta,database,media,success
17.406822863001363,6.964581512310413,343,1,65.48888254561462,111.23914405098611,Delta,auth,crítica,success
13.399909103110634,4.853737764938423,329,2,59.793604059377685,37.29109775818406,Bravo,api,baja,success
20.749886722114958,7.922574938601112,345,0,58.427692900877446,31.179965368395145,Alpha,database,media,success
13.751178518946157,8.82687375022634,332,0,76.55466926866211,29.239908746366794,Delta,database,media,success
8.258462421138326,8.30317707824723,337,4,82.88669763715006,21.77879561383038,Charlie,ui,baja,success
18.643808364289974,10.490406257320117,364,2,56.64601778262295,14.905705064535141,Bravo,auth,media,success
12.29999668569382,10.809504664848648,377,1,67.28306027827784,6.921734645962715,Charlie,database,alta,success
15.549246266591844,6.381111887111773,377,4,70.79504217836075,11.257844422012568,Charlie,auth,alta,failed
11.307032810055167,9.829592778014124,358,2,67.639570919564,12.858014121799984,Charlie,api,baja,success
9.782161005041287,6.730193572886861,337,4,58.349593533203006,29.39939242500573,Charlie,api,baja,success
16.765730501098144,10.660680206115543,366,2,72.50492696650326,19.027114562660707,Delta,database,alta,success
11.405251877493935,9.775131402341671,370,4,66.07368247117847,35.70620794050901,Bravo,auth,alta,rolled_back
12.83371160099611,7.100534240414503,326,3,50.00574795296416,18.291865049362425,Alpha,database,baja,success
17.89632761224704,4.20162536062808,340,3,90.78784811892547,7.129187263548374,Bravo,ui,alta,failed
4.750484692883276,11.170545161226395,360,2,53.43857043655589,7.037798132747412,Bravo,api,media,success
11.251129301899281,7.769743831599898,374,1,84.43032322684303,20.223769447689346,Delta,database,crítica,failed
21.11824259294557,6.813046013133958,349,2,51.32474884740077,1.658344879746437,Bravo,database,alta,success
14.978455447642808,6.78678166554058,369,4,74.96824509464204,1.3248129497341312,Bravo,auth,baja,rolled_back
8.267265238559364,11.312814140997034,361,0,93.14445484429598,2.0022803974415737,Bravo,ui,baja,success
14.802324879900274,13.678012835548618,364,2,86.22950242017396,32.2481000115326,Charlie,ui,crítica,success
15.181972435791087,9.077335821818362,353,2,93.18930065608583,38.985210118661506,Delta,ui,baja,success
11.896518868792135,7.08279564632515,359,2,63.23820556863211,14.350371435284615,Alpha,api,crítica,failed
12.258647575032384,10.35924698320721,347,1,78.46301430603489,27.78033533591538,Bravo,ui,baja,success
14.84390066258408,9.218083517176485,354,0,71.89272188465111,2.487390448252149,Bravo,auth,media,failed
18.358971481369938,9.452160910205848,370,5,72.01039860839956,1.5505959172874078,Bravo,auth,baja,success
11.634367931824984,9.053231413876304,361,2,91.41419630032033,55.05493254091782,Charlie,ui,baja,success
17.86491310464567,8.036298233203533,335,1,53.05079147219658,3.9647725707518253,Delta,auth,baja,failed
7.5301373881691624,12.047072101116843,371,0,70.00855566235259,2.30172323808074,Alpha,api,media,success
22.963426878831136,7.7579069606585565,325,1,89.56753330072388,13.411986408229936,Charlie,database,alta,success
18.084345983440034,10.576486642015515,332,2,94.59313346189447,28.583109452312286,Charlie,api,media,failed
12.509607567950269,8.192169334072986,356,2,68.02863671560772,20.571213048585804,Alpha,database,alta,success
14.58562179856361,11.812249740466099,322,4,66.57810537260957,32.75299796361237,Charlie,ui,baja,success
10.06984671768079,5.449112744398549,351,3,67.2947552439291,76.88685648027638,Alpha,auth,media,success
11.268368548907043,8.586670264373357,359,3,78.53596822242253,45.83857552505551,Delta,api,baja,success
16.190074058105882,10.230623897534162,345,1,71.07611464336514,21.073542977956336,Alpha,api,baja,success
6.74189615820454,8.430842216037222,309,1,84.55538947833702,16.43053411692381,Alpha,database,baja,success
17.708996889964197,8.384846025877657,329,3,83.09755433350801,3.588828507810831,Alpha,ui,alta,success
18.34553223165748,7.962334107936591,345,2,50.40485469275154,53.46902362804028,Delta,api,baja,failed
15.488975505961683,10.156322981052126,358,4,67.93472749646753,41.85375065498785,Alpha,auth,baja,success
11.847001451241649,11.516430857054191,332,1,58.208615789189935,92.08972383531477,Delta,ui,crítica,rolled_back
17.534548062555643,6.56624721045999,350,1,82.82683075289242,31.278670436625774,Bravo,ui,baja,success
14.18682600727745,9.122788238664695,324,1,82.67797837848775,12.39406805858016,Delta,database,baja,success
22.103100050343965,12.251328914957806,398,1,75.10315235005692,45.63039345837651,Bravo,auth,alta,success
17.013416598711544,6.235876471739771,311,2,51.82749416329898,28.27566756952315,Charlie,database,baja,success
22.43978277479115,9.296244031816105,355,0,66.1803399049677,37.96464022792397,Delta,auth,baja,success
12.562027817718796,8.679009365099017,391,3,53.01607151282951,22.131504892294696,Delta,auth,media,success
19.612221289951083,10.142228960631453,368,4,85.06484406767413,3.375151176005602,Bravo,database,media,failed
18.877396629033527,6.603902388428002,357,4,69.69494557124563,50.20419327612248,Delta,database,media,success
17.54921262829706,8.717673321531032,345,1,72.83297687652521,10.857557628303766,Alpha,api,baja,failed
22.08867077003402,5.651673765456869,328,2,75.15178612200543,25.27246666598826,Charlie,database,baja,success
19.713242258488044,7.406572451432086,319,1,85.96209122100845,18.356343760078243,Alpha,ui,media,success
19.402810544645362,7.8338375270433644,377,0,65.2772465837188,8.749407586592516,Delta,api,alta,success
20.507792303419,4.932965182922239,337,3,55.674884299514815,35.93636016346036,Bravo,ui,media,success
12.130938506200426,10.827895705204703,334,0,83.75120507669635,27.67505802858382,Bravo,ui,alta,success
17.75405095031178,7.563468963831367,390,1,57.19404987175949,28.728918312971885,Bravo,api,media,success
20.072405827136464,7.6838473968829195,358,2,64.22647138941102,44.10618956185399,Bravo,api,baja,success
7.511644886222325,6.992789071405664,316,3,74.53507077996619,30.259498513226802,Charlie,ui,alta,success
19.99233179250756,8.052187256922851,354,4,82.77808797429316,1.9300422817468643,Delta,database,baja,success
10.69079836222191,7.679193871383916,362,1,85.62106113764457,1.4546532221138477,Charlie,auth,baja,success
9.103321733372589,6.477348996088487,345,1,63.736050960142165,3.6946298629045486,Alpha,api,baja,success
14.58895498862483,5.074299368368692,338,2,53.258163151331246,48.59497909046232,Bravo,auth,baja,rolled_back
8.140535410784757,9.67307221743341,356,1,78.14786803210154,28.912796235566432,Charlie,api,baja,failed
11.90239345114614,10.177477740874064,344,0,73.04072814062238,24.68540312680382,Delta,auth,alta,failed
18.39021587155878,8.839157789490397,344,0,89.6042036137078,140.7389055409836,Charlie,ui,baja,success
15.332940946628135,9.854841488585137,345,2,77.11561667616479,32.16598697650939,Alpha,api,baja,success
20.140339874332938,4.829803486273011,383,2,84.12139091873541,9.958348562178259,Alpha,database,baja,success
16.10417967181429,6.581534862193017,329,2,66.0624088847544,33.7635458687645,Bravo,ui,media,success
8.155429018303634,8.324117667876813,332,1,73.59951048158109,67.70892548157808,Alpha,database,media,success
10.401799913825322,7.4606227987198945,369,3,55.62744363909587,8.272380709648132,Alpha,auth,alta,success
15.639145278564724,6.582900657919389,302,2,94.78648380958475,4.252097178250551,Delta,ui,alta,success
13.291149252339094,5.859557301396515,325,0,78.81509367609397,0.19126765429973602,Alpha,ui,baja,success
18.628008815636026,7.569705020402593,388,2,83.47381257102825,5.84140569102409,Delta,auth,media,success
15.603595851323357,7.994394419087953,318,4,58.13473835471086,9.482693247757204,Delta,ui,baja,success
10.561890946045839,5.511588670583649,369,3,78.99426865391433,18.182916197403568,Delta,database,crítica,success
12.804765075441312,9.385488148780412,347,1,68.90730655402876,59.130676788047225,Bravo,ui,baja,success
19.07515382000172,6.937184262968488,340,2,89.59084075409919,19.762534639721206,Bravo,database,baja,success
11.21835167868717,10.721813100276998,327,3,55.52317809662782,4.45516886562109,Delta,ui,media,success
8.99873658769295,5.990456918591184,344,4,91.16470902576111,15.466476995497942,Delta,database,media,success
17.260656252236693,7.922538872412062,338,3,81.1088483443018,35.073343006740195,Bravo,database,baja,success
15.730955071698977,11.114735965256633,348,1,60.05018900381401,14.467100780457258,Charlie,database,baja,success
11.813087672366697,7.640520230910182,330,5,88.50125527358614,4.18842925876379,Alpha,auth,media,failed
14.815254059801886,9.207205716213538,339,2,80.8506529009901,37.17600595749436,Bravo,ui,baja,success
15.61450697933892,5.888473865799193,344,1,89.35974856140092,8.243105817586184,Bravo,auth,baja,success
11.933502342526346,9.473038115853692,315,1,74.49764552991837,12.190751060843468,Alpha,database,media,failed
16.459013329354804,8.791543713687673,358,3,70.05456495564431,29.7401943941763,Charlie,auth,media,success
12.225924121366683,8.99861937736912,335,3,81.854915531585,54.05762265320149,Delta,api,media,failed
13.627375391762433,8.086205676948147,364,4,52.66324130236171,2.407226871614602,Alpha,auth,alta,success
17.971397351736407,5.71727932198384,346,2,69.71875571878627,7.12263486161828,Delta,ui,alta,success
13.85784916815545,4.448958228400113,333,1,72.22601160523482,14.077849321067333,Charlie,api,baja,success
8.320465297280958,9.724580563358636,305,4,73.05759893148206,16.074408642947674,Alpha,api,baja,success
13.942439834178666,10.765180193672538,338,0,72.5953200191725,24.409969030802543,Delta,auth,crítica,success
8.200182414894917,9.617101534428594,353,1,80.3788350999821,27.406963705008323,Bravo,database,media,success
12.892668745357756,8.036826255987371,324,3,54.95338003849611,29.829576796775157,Alpha,auth,media,success
12.451936812622174,5.713801673510031,323,3,80.94713012571447,4.370349429886431,Delta,auth,media,success
27.698079137120303,7.377541473666158,367,1,66.48895207676105,19.483569607560753,Alpha,database,baja,success
16.964822359493905,8.560593823731246,349,4,90.15318906051107,11.299073718488216,Charlie,database,media,failed
16.76806463492696,12.579809726710051,375,0,73.2107333058957,71.08075207068559,Charlie,api,media,success
15.8007927329708,7.324314279199816,325,1,75.64374180161394,26.144073418264682,Charlie,auth,media,failed
12.883219152327197,9.596553411131492,375,3,67.70598418544978,2.3572339972760967,Delta,ui,media,success
4.291324580518209,8.41827929243188,372,4,81.78163453238085,26.352426471080335,Delta,ui,crítica,success
22.250847725188418,5.6571211979370934,367,2,73.96385391708463,18.6473114033392,Alpha,database,crítica,success
12.934998453286356,9.03721926196813,357,1,87.45243838522583,14.995481807738543,Alpha,database,media,success
11.551832745058634,6.433225900452766,357,2,65.441940597957,24.09551759708434,Charlie,ui,media,failed
12.480124119623623,9.681823858062913,339,3,52.13554440182634,25.249416476970012,Charlie,database,baja,success
19.299849847467595,9.599254361877586,368,1,76.85445739189163,20.314198224728397,Bravo,api,media,success
17.982759416009152,8.298785502363252,360,1,66.66763373767026,1.3752448707818985,Charlie,ui,baja,success
20.28634321420754,8.001094978735816,314,1,83.48911226843484,57.324142140105636,Alpha,ui,baja,success
16.117876565229317,8.568681959254606,349,1,57.27484312024899,6.185903303325176,Charlie,ui,alta,success
14.539975017807258,10.183770004133608,350,2,84.08602289156988,3.162054631859064,Alpha,database,baja,success
13.999061649708583,12.257128164068222,355,1,71.3575281680096,2.732639809391369,Delta,ui,media,success
8.771302801115095,6.207872324143637,368,1,55.80695380922407,3.5643881442810166,Alpha,ui,alta,success
16.03838186137036,6.40794234836115,346,3,94.04392496217042,0.5843683071434498,Charlie,database,media,success
13.650502489839011,11.830316623698547,321,5,76.90758803393692,19.915328801702458,Alpha,auth,alta,success
13.468139319796249,8.14424809790583,342,1,90.95783419441432,15.941424898803234,Charlie,auth,baja,success
19.210769042798127,7.071302772556804,361,3,77.68805900472216,3.626691821962595,Bravo,api,media,success
19.84485389415517,9.32600414068181,385,3,65.63689214061014,1.1522576697170734,Bravo,auth,media,success
24.814779488887325,12.278492663503414,366,3,50.36125801503658,15.977931998670101,Bravo,database,media,failed
16.859709347017017,7.264778210168552,380,1,56.507548165973276,23.93519288945704,Delta,api,crítica,success
14.620600766988012,8.970650324960443,323,1,87.00254487688653,1.2108685411512852,Charlie,ui,baja,success
11.3666741033913,9.346135681922641,369,3,69.6363961440511,3.618265025317669,Bravo,api,alta,success
14.86665358682604,7.735968332552519,345,4,52.52773008891381,30.776206723337467,Delta,api,baja,failed
21.88238898562417,10.698240465709764,362,1,87.1672264544759,12.461597945541143,Charlie,api,baja,success
14.05499350535647,8.319124545416036,379,0,69.97618481516838,35.64690193332253,Delta,auth,media,rolled_back
21.834794565302282,5.908227591315992,348,2,63.55143089895137,76.37478305511002,Delta,api,crítica,success
14.108972801817643,9.525795958198541,390,2,70.72728090337478,4.7849242748977625,Charlie,api,media,success
15.841320732491521,9.786216341970183,375,2,67.48799420660362,58.61024151439992,Alpha,database,media,success
24.92368153543554,8.896343140900903,351,1,65.6263019097969,33.83185296431778,Delta,auth,baja,success
15.108659369549729,9.179434697233635,337,2,70.35259051132016,3.9871496624069334,Charlie,api,baja,success
9.18917930618583,10.15052228247092,381,1,60.4649289464578,85.1630764106169,Alpha,ui,alta,success
12.305428770332213,8.525860313205865,351,1,73.94229793571867,16.325235307216644,Bravo,auth,baja,success
10.772334661078595,7.682976247126789,343,0,55.42777323164046,5.284243002533913,Bravo,auth,alta,success
15.359347396432007,4.076544949780255,339,3,79.59282428841107,10.969176203012466,Alpha,database,baja,success
12.710841988693955,9.205769317366995,335,2,61.14993092021905,68.54347119728035,Alpha,auth,media,success
16.512157754626603,6.738917856476546,364,2,84.85588981187902,5.242011610418558,Alpha,auth,baja,success
21.49528605149495,8.412960639853564,367,3,91.56791242072359,3.2594039971714936,Delta,api,baja,success
11.094825751952952,6.872591165502131,347,1,81.15065381978638,38.288967711697204,Charlie,ui,baja,success
10.966502009017205,5.195053533386411,356,1,69.3757608125452,77.33514935431535,Delta,ui,baja,success
13.974401950516938,3.3018937128946195,346,3,84.34389357804321,6.8140664510428905,Alpha,api,baja,success
18.531266959648104,8.158525525269514,353,3,68.84188342140988,5.673548765480518,Delta,api,baja,success
16.504108494014726,10.44954852754485,339,3,93.32607091520913,28.245046085601146,Alpha,database,alta,success
15.417803553814545,7.96575269876422,350,3,62.65626555890776,50.21751961289881,Bravo,api,media,success
21.286997710998264,9.946095238904372,333,2,50.15115329064429,0.5127033259702295,Alpha,api,baja,success
13.92543600724742,11.69168625966496,337,3,87.67554462538101,2.001071025701188,Bravo,ui,baja,success
22.394087544331125,6.409810552853622,347,0,61.23657628777437,3.517352230846882,Charlie,api,media,success
8.957614118951062,7.6732695911825495,345,3,94.74434972158633,11.710183247923851,Alpha,database,baja,success
16.124244914776163,6.845762865017921,356,2,64.9109893082641,35.170093586658766,Bravo,database,baja,failed
18.61717386128016,7.988811870680568,339,1,72.23718967987224,113.00641580811197,Delta,ui,baja,success
19.554629710511954,6.368251241870227,344,3,62.67563724773936,6.153380915522575,Charlie,ui,alta,success
9.19064742523069,6.026649490758029,363,0,65.44791467371397,96.85687542947677,Delta,api,media,success
12.49458671383154,7.311445468726202,335,1,92.79014684143476,35.268511005194014,Delta,auth,media,success
7.271697696092371,10.220392017110445,360,1,73.62445216509514,7.453265938907862,Charlie,auth,alta,success
14.043753638753582,6.5592621129120525,320,1,82.06423195893876,26.0949966152361,Alpha,auth,baja,rolled_back
12.998913998266158,6.973214920882309,336,0,66.96800645673648,53.7162977522266,Charlie,database,alta,success
18.949886921476434,7.160984874938893,329,3,57.66287101665512,2.5122445372440074,Charlie,auth,baja,success
16.661684908969818,5.394422498911608,367,0,80.1283163484186,29.83010069925099,Delta,ui,crítica,success
13.815534723390883,6.515463125088139,358,1,75.31629393226467,6.63392898067832,Delta,auth,baja,rolled_back
20.448886956982193,6.237636694849501,368,1,63.723488530376926,13.921929310938463,Delta,auth,baja,failed
14.422814153125074,5.424887503136462,336,0,58.40155050973408,17.591661799487248,Charlie,api,crítica,failed
20.262911502177907,8.273283206038617,351,0,50.75476263649762,24.873967074430574,Alpha,api,alta,failed
17.66644306578047,7.409914734477876,361,4,55.90055279317312,15.463947046548128,Charlie,database,crítica,success
17.645455103971152,7.079814859541045,343,2,92.21357909729704,16.15604093670845,Bravo,auth,alta,success
18.626881490323786,10.94252159246348,359,1,62.1304491488263,10.775094531476498,Bravo,auth,crítica,success
12.517602162822449,7.050771388534097,359,0,79.0415518602822,34.2590766528946,Charlie,ui,media,failed
9.353694852693422,6.978729387069918,368,2,63.03245242452249,3.0867253725461437,Bravo,database,baja,success
18.240977147567964,4.577421274828356,349,0,57.115433937869966,21.158897186190988,Bravo,api,alta,success
9.796007987026542,9.81790956278627,330,3,80.17081068013795,17.62801516478997,Delta,database,baja,success
11.385552792845633,8.538688809397065,339,1,86.81960451765917,49.947322821034014,Bravo,auth,baja,success
14.125026141404655,8.17484760654577,316,3,77.49985922127962,15.846350278705359,Charlie,auth,baja,rolled_back
17.258351988723696,9.179439069799828,342,3,64.1820365213789,6.916597109287977,Bravo,database,baja,success
17.43702556708633,9.027644341321203,330,0,70.79964035423473,11.822583485394716,Alpha,ui,crítica,success
7.655916524849352,6.412840283805168,363,4,61.244511341210455,45.730481205354316,Delta,database,alta,success
15.976586438672264,11.021430730756276,330,3,72.63925952720456,41.15133301712094,Delta,api,baja,success
7.914552664700384,6.992680765402401,350,2,88.08097740751691,27.220748550181682,Alpha,database,baja,success
24.00244107780714,6.5494275990190935,310,1,64.43626188673079,17.707518584018043,Alpha,database,media,success
11.227964584829007,6.514926444739248,344,1,89.27064395393245,20.823465700685233,Alpha,auth,baja,success
21.74755782478478,4.449874072063027,329,1,56.74044888000935,39.42429493166028,Charlie,database,media,failed
13.644752294266574,9.217124311743033,363,1,64.13454525521956,68.35705196761558,Delta,ui,baja,success
17.482854366088652,6.912813247566502,343,3,54.33806725079194,18.49306332102165,Bravo,auth,alta,success
11.789115652570409,9.073078839323365,339,3,62.9563782713376,52.73180074687329,Alpha,ui,alta,rolled_back
15.466375532755414,4.64383080150402,343,8,53.543573785573244,102.8754133819645,Alpha,ui,baja,success
17.432269568359125,7.027986883621573,338,0,83.42638262896799,5.0169714531065654,Charlie,database,baja,success
21.11176734182155,8.454776789259807,329,1,80.81296370481141,22.779659718074413,Charlie,database,crítica,rolled_back
12.491696024328437,6.279778490399636,349,5,56.47843874874525,49.350192500124564,Bravo,ui,media,rolled_back
8.74293301608407,9.985470460448774,352,2,55.956179450731725,9.565173333132932,Charlie,api,alta,success
10.097672004706439,3.483026147443158,351,1,83.97892041015439,15.45500060543418,Delta,api,baja,success
15.503868660456456,7.4224604398818315,351,3,94.28291094838642,62.532534700781405,Delta,database,media,success
16.037323284258413,8.447951556995722,330,4,50.93989547109231,48.370416505108466,Charlie,api,media,success
13.898853964669886,5.676607928345063,350,3,76.68043228681199,6.444824315607548,Charlie,ui,baja,success
15.199068862038542,6.522545555794273,362,2,87.24742761580274,14.099155068397522,Alpha,auth,baja,success
13.757209100197048,5.919250878304951,332,0,91.54201203607954,6.479717373847961,Charlie,ui,alta,success
13.314258208478929,8.328000329710736,313,4,80.86596010020003,81.12508016421434,Charlie,api,media,rolled_back
23.984831180451486,9.37173301566139,328,3,80.5015409970656,1.0132720693945885,Bravo,api,alta,success
15.346629491969969,6.198343617885336,382,1,67.90789618622512,12.583604268729687,Alpha,database,media,success
19.894055501902162,10.538275302391215,327,0,67.85224905586801,8.269158851355314,Bravo,api,baja,success
25.472931279646822,5.873969955689226,355,1,63.757320364238694,6.084577716886997,Delta,ui,baja,success
9.698476090984279,9.331023237281025,368,2,85.76616520876996,37.720073772440536,Bravo,api,media,success
14.448964711301366,7.557249934332217,324,2,80.91805794509128,36.042194990287406,Bravo,api,media,success
14.989324061978444,8.846129655821075,372,1,84.12439626059495,39.97516382278112,Alpha,auth,crítica,success
19.823637800737544,6.393994864228402,332,4,67.74609458865598,2.5133685059845448,Bravo,auth,baja,success
13.686203697207908,9.427008372735592,374,0,51.45136907231063,36.007868615756614,Bravo,ui,baja,success
16.25714226923829,9.150544874301893,337,2,57.85367771866731,20.69860929149895,Delta,api,alta,failed
15.725861014816141,9.091976756713237,354,0,60.112379372585565,95.79153195357513,Bravo,database,alta,success
16.499136368147163,8.760508556911777,349,2,71.43740192172118,11.656831305474043,Delta,auth,alta,failed
12.42989920926965,5.756842979204368,333,2,71.0376843297854,0.6821349039673805,Bravo,database,alta,success
25.30181327457963,8.431000536620916,340,1,55.78760662698187,9.061478678137064,Bravo,api,baja,success
10.43723795111103,8.346257699572307,285,0,69.278221296845,0.5675457098745965,Bravo,api,alta,success
13.76101150797674,7.915188778733771,350,1,82.23190076299943,1.3811761736869812,Alpha,auth,alta,success
16.66497218877003,9.294672497291703,344,2,88.39084901264869,7.621984698247156,Bravo,database,baja,failed
16.72612228280196,9.630752768488739,349,0,76.97243624133989,6.144313964992762,Bravo,ui,baja,success
10.32345237586359,11.879146434028375,355,1,70.86813304456882,9.89474442601204,Alpha,auth,baja,success
14.399310434508344,9.614486304634799,360,0,75.42921314015985,2.8751715905964375,Alpha,api,media,success
9.403511527814587,7.099829042282982,351,2,70.55446554790251,4.196047734311703,Delta,auth,baja,failed
18.669356854732225,7.862798361460595,366,2,60.48001673887484,13.3942782394588,Charlie,ui,media,success
11.321497817300532,8.13671134489981,329,1,51.38176125357859,59.7577753781828,Charlie,ui,alta,rolled_back
10.495225753449446,9.756550265031404,332,2,85.33067601150833,5.046149253845215,Charlie,auth,media,success
14.976659844554401,10.13635677826155,338,4,87.22441834863275,59.88038773532239,Bravo,ui,media,success
9.975468073675911,8.612623742493385,365,1,71.93409514729865,18.913051797931484,Bravo,database,media,success
15.85116589610164,8.248310529819417,367,2,53.57448085909709,29.516933194284732,Alpha,ui,media,success
12.77752148212129,7.4355724450983915,369,4,81.26601677155122,27.494040793662364,Bravo,database,media,success
12.486759643826119,4.75124753865822,315,0,58.03494075429626,3.287194713950157,Alpha,ui,baja,success
8.61999418638393,7.769038573748039,357,2,78.28274579369463,10.753505621105433,Bravo,ui,baja,failed
5.094198021909749,7.998442871767863,370,3,62.956123031908646,79.65752094580766,Alpha,api,baja,rolled_back
19.4411816469874,8.116231766064008,340,3,70.8662916556932,3.539372819151081,Delta,ui,crítica,success
22.042070378304093,7.779897588394571,357,0,85.73921676143073,3.342907057441523,Delta,database,media,success
20.025998985995773,7.571627345276902,338,1,54.7762476047501,0.06957320496439934,Delta,api,alta,success
14.673864407921428,6.3201340519014515,355,3,52.319200187921524,45.73421242631493,Delta,database,baja,success
15.589086338654203,6.5936128346650245,334,4,69.30822310387157,35.998353084944746,Charlie,api,media,success
16.4183902381695,4.461054402648058,343,2,79.72075811470859,45.47689707375584,Alpha,database,baja,success
13.651435586555873,11.500040872864117,369,1,89.29929264937527,44.53218278087197,Charlie,ui,baja,success
16.970615806625926,8.869480136411175,345,1,78.6352616827935,2.3368032699780024,Delta,auth,baja,success
18.31946717433549,6.571297804038809,388,2,63.922216549981385,34.57884585655747,Bravo,api,media,failed
18.790446158412838,7.047959707545501,349,2,62.206085389479995,22.091940230613044,Bravo,api,media,failed
19.6617153378641,9.029463390367598,358,3,86.90147302811965,55.742751265027394,Charlie,ui,media,success
13.315334534838284,8.937789249558858,356,5,61.73749886453152,8.363268680870533,Bravo,api,alta,success
16.338411025747956,5.5257545928833025,320,2,91.2712152604945,11.004136003553867,Charlie,api,baja,success
14.575109380107309,8.897697599983303,352,2,73.59099843888544,14.154465496183505,Delta,api,media,success
9.851654055127424,7.484816283299549,344,1,55.22242707083933,11.799331484569997,Bravo,database,baja,failed
11.36776055980019,6.5667555552369565,332,5,66.38852222939022,16.82923887569218,Delta,api,baja,success
13.864257005283996,7.550166348221714,332,0,54.96923715341836,34.053276374417294,Charlie,api,media,failed
16.06636983359673,8.519924665334697,373,2,79.14096187101677,8.701986193656921,Charlie,ui,baja,success
19.89727723582912,10.588440239024974,356,1,57.77679713210091,22.138581587856105,Charlie,database,alta,failed
18.286102107302906,4.906491003925189,346,3,88.24677584227175,19.664793490355304,Alpha,ui,alta,failed
10.008932830951935,6.17374141308021,346,6,90.79956513945945,8.716035582125187,Bravo,database,media,success
17.405100055433454,4.445439212884446,333,0,71.65912233991548,7.435741628397784,Bravo,auth,baja,success
11.364991135483795,6.971766456153174,363,3,62.44016837095842,5.2783209308981895,Delta,auth,media,success
18.601379550989186,9.666693895397406,386,3,73.88273025397211,20.379259786491684,Alpha,api,media,success
11.184513944215624,9.97620308584034,352,1,79.78717477526516,42.30653120375691,Charlie,api,baja,success
10.036433142348377,10.540218203753259,331,1,59.70210851402953,2.215660909900828,Alpha,database,crítica,success
15.326200383206894,9.214132891207598,360,3,73.09989113360643,0.7349603958427906,Charlie,database,media,success
11.747692354200936,9.413905125452066,341,2,65.8673025702592,15.901075433939695,Delta,api,alta,success
19.259138635207258,5.609146658677487,368,2,53.6601102037821,57.62957030828652,Alpha,ui,baja,success
10.803923126016215,6.902844903034662,371,0,91.12131534726359,30.928031092776774,Bravo,ui,media,success
17.06403730066965,10.562385097153353,333,2,57.80823606881313,5.1194146648049355,Alpha,ui,alta,failed
18.94298793767345,6.680704588603014,369,1,77.82537074526772,29.43115029383212,Delta,auth,baja,failed
13.593372088071762,8.934580767678433,378,3,91.32217759848572,22.441508575265697,Bravo,database,baja,failed
16.806996913886994,6.934333024999805,343,0,69.86540943617001,25.666207215671832,Delta,ui,media,success
12.625711285076273,7.255308574253581,379,4,63.815722269937396,42.76163153148709,Charlie,database,crítica,success
10.454018926991534,6.160774100141549,327,0,60.855795866809785,61.45154193671785,Charlie,auth,baja,rolled_back
5.660112874912752,7.468483599544727,339,1,89.7999063320458,11.709007881581783,Bravo,auth,media,success
11.29361096147646,8.278642676725749,368,1,67.15712747420184,33.73539071019013,Charlie,ui,baja,success
16.580686405971708,8.475029607616626,344,3,73.06969712954015,35.82708256137112,Alpha,auth,media,success
15.296685602197565,8.527481142980616,363,3,87.47948934324086,31.543843454604442,Charlie,ui,alta,success
10.774026665587837,7.941651678242927,376,5,57.452909717103466,10.932102844119072,Bravo,auth,baja,success
14.689781985926412,7.77960665374788,350,0,86.08325492125005,0.15419489689918797,Delta,auth,media,failed
5.335879031493725,10.348142813806673,343,1,68.99391250568442,24.43434904004463,Bravo,database,baja,success
18.238079513930874,8.072014493584925,379,4,72.96145879547112,11.672731474041939,Bravo,api,media,success
11.521000586823023,8.327994911138273,366,4,86.70936937327497,11.622656106948853,Charlie,api,baja,success
14.499690232625891,10.86893024415296,359,3,81.83002198114991,3.9589463621377945,Bravo,ui,baja,success
16.64460647513816,6.692101236301257,340,1,56.44134229980409,2.776916171645137,Bravo,api,media,success
11.598258779812932,6.223267758120211,371,3,53.342213607393205,2.145822901278734,Alpha,ui,media,success
20.866204284833614,10.27339630807188,370,3,64.46543205180205,41.55892489648877,Bravo,auth,baja,success
16.227514172838845,13.057878935925345,315,5,60.638415440917015,10.07844978198409,Bravo,api,baja,success
16.71872333120021,8.24581501466984,328,1,93.33498514257371,14.852759150574995,Charlie,auth,baja,success
18.241508258991956,10.355520393229575,341,5,57.355613821418956,13.616924811154604,Charlie,ui,crítica,success
18.684691644496798,6.455563251312775,367,1,50.11376053094864,4.598789568990469,Alpha,auth,crítica,failed
17.179231532778765,7.045533963344015,354,2,75.90801870333962,7.987074002623558,Bravo,api,media,success
24.478380094212092,10.167913315612065,358,4,70.57574689621106,20.529472096746257,Charlie,api,baja,success
12.587622954564356,5.779138230063233,396,0,81.20114116580226,15.092885211110115,Charlie,database,baja,success
21.243358507000003,6.031407335741129,348,1,84.22403819859028,20.17447442460566,Delta,database,baja,success
9.5846554080697,11.765692622830421,350,3,94.13798340014182,59.447389078095824,Delta,api,crítica,success
12.967981595694631,4.8068900764625075,390,2,80.22283647209406,16.111136320978403,Delta,api,baja,success
13.086755470324086,9.73458731107874,337,1,69.72212342079729,125.91550938079322,Charlie,ui,crítica,success
11.40731887107371,10.506056065159719,335,2,91.41712585929781,29.80388351429015,Charlie,database,media,success
15.433098094983457,10.712991287600557,341,1,91.26613174099475,31.25397173959523,Delta,auth,alta,success
17.599518250437352,8.2283896590558,325,3,68.61995407380164,0.5303795096178852,Alpha,ui,crítica,success
11.718106429031973,8.57049260911327,342,2,94.51175447553396,8.173086449503899,Alpha,auth,baja,success
16.439046114230326,8.837617532324591,375,3,60.263125512283295,1.9493393450975418,Bravo,auth,baja,success
17.533299713751926,8.829874355765124,357,3,91.80372575181536,19.32065965493229,Charlie,auth,alta,success
15.391263675462142,8.033925712619505,371,2,76.76278461120091,1.3309130519628525,Bravo,database,crítica,success
11.79526497620003,6.941045335000879,347,0,82.02205722918734,2.262685893587895,Delta,database,baja,success
10.590827386530682,8.54299411148375,382,3,87.07201050710864,38.54432979024468,Delta,ui,baja,success
11.593371949710637,9.838633765947016,335,4,73.45436822040938,1.6082655033584579,Delta,auth,alta,success
17.077672692192007,8.60191983298515,372,2,54.56849247450009,8.422898221760988,Charlie,api,media,failed
22.129262453182918,8.143366683923405,354,1,91.76318165846169,12.50000149011612,Bravo,ui,alta,failed
12.599891959135277,8.003612382709584,356,3,64.76007725927047,0.6041978469651268,Delta,database,media,success
20.888115274888303,5.27967925423764,365,1,85.95920500694774,33.74712574806746,Delta,database,baja,success
10.849811551662572,9.797945821992293,360,1,70.8245939295739,53.044718959846925,Bravo,auth,baja,failed
12.714202624845205,8.630794946036746,328,1,63.7234023748897,17.411577700560382,Delta,api,alta,success
14.69284355826039,8.93962127165803,320,4,82.08878290955909,17.899603755148004,Charlie,ui,media,failed
13.280110478103111,8.61240783942571,375,2,83.04899995913729,28.694373763089473,Delta,auth,media,success
15.713380606358168,8.217873769109374,369,1,76.97288423310965,28.03765303540736,Alpha,api,crítica,success
18.339685364668235,9.317788485750226,338,1,59.065304138930514,5.556504908949137,Delta,auth,baja,success
19.18660302734078,9.791472249338238,347,4,57.2381743893493,1.6299649717522866,Charlie,ui,alta,success
18.04998415102847,3.2354637352708258,330,0,74.73742681206204,30.322779892866905,Delta,api,baja,success
8.977925298801104,9.219157287177293,338,1,62.21193120116368,11.408185546414698,Delta,database,media,success
12.637162353752212,10.306956989447581,348,3,65.2202389552258,12.668525241315365,Alpha,database,baja,success
13.586462327648308,7.14968248529438,352,1,69.25491138128564,86.09422672780897,Alpha,ui,alta,success
17.77311164646456,9.705184032731388,319,3,82.06599819357507,94.00203586610701,Charlie,auth,alta,success
8.736508860109904,11.115386751969796,341,2,77.88931653602049,0.8835030978768846,Alpha,ui,alta,success
12.288410692595829,10.86034215995185,371,3,89.84598422073759,29.581797144298847,Charlie,api,alta,success
17.660863993644124,5.067932231855855,349,1,50.85095094749704,88.42285836728956,Charlie,ui,media,success
18.82098016722796,2.3465153313009637,357,2,51.483506640652195,16.321983117610216,Alpha,auth,media,success
16.164017882694747,8.261106302684253,345,1,58.796292184852064,13.983310237526894,Bravo,auth,media,success
21.738095938327113,9.031425090720907,315,2,56.17429627920501,47.97624362803517,Charlie,api,alta,failed
5.3433405516842445,8.926404778898585,345,1,68.72036823653616,25.612098141496475,Alpha,auth,alta,success
15.919590534482165,9.716529022586444,368,2,72.83028621226549,11.843188840895891,Alpha,ui,baja,success
14.727821683461634,5.182845686173259,360,3,56.88206273713149,45.798472119341476,Bravo,auth,alta,failed
10.993059784110486,6.987716465664711,382,2,90.7192694931291,3.57749243439521,Delta,ui,media,success
12.759938147634543,9.559508302442296,323,3,50.190721311373636,87.17776192220595,Alpha,api,baja,failed
15.962272108734417,6.354086468194737,381,2,51.93876398028806,35.625294237024406,Alpha,api,alta,success
19.85576605807547,10.156796905094504,352,4,91.42966249375604,6.575683292001486,Bravo,ui,baja,failed
16.009433940656105,8.764497400003723,360,3,79.19995696400292,2.421914342790842,Bravo,database,media,success
17.60965641876954,12.29929219243403,367,1,94.09406321239658,19.341294339781097,Alpha,auth,baja,success
11.284429420159892,8.498415824401132,344,1,64.68860451946966,1.3397747687995434,Charlie,database,baja,success
13.221224196373502,8.068621281441565,305,3,89.83900380320847,9.402207389473915,Delta,auth,crítica,success
14.84263125830493,9.16877946034244,323,3,70.67825805395842,47.34645582507881,Alpha,auth,alta,failed
15.572320228640837,5.018646500581016,353,5,90.37619324051775,7.400613565560821,Delta,database,alta,failed
17.116799915507325,10.007510749993596,360,0,90.845212606946,2.163278136261437,Bravo,api,crítica,failed
14.257766046727996,9.42224925584754,334,3,59.187583627644926,0.9191351224135113,Delta,database,media,success
18.066700234484973,11.917387603813655,345,1,77.34141415683553,16.99704227694599,Alpha,auth,baja,success
16.057292063928397,11.530440705326459,345,6,90.97721542813815,30.055378026252086,Charlie,database,media,failed
9.57671089468479,8.31410534205144,328,0,90.18162992666475,79.07474433972475,Alpha,auth,baja,success
16.43628619328677,8.8541938762345,354,1,54.0406085527502,2.314441468566656,Charlie,database,alta,success
8.16698864221468,6.796405224629286,340,2,51.23513656901196,32.7772690941742,Bravo,database,crítica,success
12.456286890579104,10.935952881194163,367,1,61.84637041995302,19.655817589645675,Charlie,database,media,success
16.16173339263627,8.154525098284134,346,0,93.95202942192554,6.9049041867256165,Alpha,api,media,success
9.78482306916085,5.83919557319614,374,1,52.06796987564303,16.249070651829243,Charlie,auth,baja,success
14.543597602689305,10.265717286916804,381,4,85.86066507967189,35.69935753739892,Charlie,database,media,success
14.628151659905008,10.094099424769023,366,1,53.58795482083224,29.51115579800916,Charlie,database,media,success
14.5097574942105,9.809894571425199,323,1,74.20921507407911,0.9915646277368069,Bravo,ui,baja,success
11.466756914726151,9.92523395517454,326,0,64.374873341294,3.45241205021739,Bravo,database,baja,success
17.400677877605222,9.489008255831912,353,1,53.67094036657363,2.4421725422143936,Delta,database,media,success
17.868537462531823,10.071917336516359,371,2,83.35577412624843,0.22559381648898125,Charlie,api,baja,success
13.436500870102677,8.472754099360783,301,2,53.21889833547175,5.909329131245613,Charlie,ui,alta,success
16.711570068344773,11.414955875609577,331,2,51.94848083774559,74.14265473681962,Alpha,ui,media,success
11.651579062814793,8.816157716697324,355,1,51.24811566318385,16.649096622054866,Charlie,api,media,success
15.090239470133973,10.415714780277149,353,2,70.57510667596944,19.23587837956841,Bravo,auth,media,success
18.040243389942823,6.779317354156935,298,2,89.7980021208059,10.136616110801697,Delta,api,alta,success
15.982853328352434,4.954004447985972,329,2,54.016681247157976,41.279829067955596,Charlie,ui,baja,success
15.565565387406718,8.943142739722957,355,0,93.54991848231293,35.973886905084235,Charlie,auth,alta,success
20.36230930269919,6.549765192858113,323,4,63.117115838686004,18.071936396798673,Alpha,database,baja,success
12.003577450335843,2.971989170604904,369,3,59.65157356928103,12.070643294602633,Bravo,auth,media,success
18.106338150277924,8.771779903281875,332,2,82.32250700937584,13.039787393063307,Charlie,auth,media,success
15.912726427318843,9.531143837977641,354,2,74.38056270591915,33.43405633963166,Delta,auth,alta,success
12.054398042481818,10.12461076444428,329,4,84.55119929159991,15.307487268000841,Delta,api,media,success
14.718290075456054,6.1318254062122515,349,1,79.4432950753253,28.179741024763356,Delta,auth,baja,rolled_back
13.495493641011493,7.4185951464405475,369,0,73.58426597900689,17.379250857389966,Delta,database,alta,success
17.652892274327886,11.526686458165049,326,0,88.26638525235467,11.704012680798769,Delta,ui,crítica,success
16.642783535760238,9.156281764170338,337,4,57.795456484891474,31.118957764392192,Delta,auth,baja,failed
7.6726039459291595,7.33795044872004,355,4,94.10185668501072,6.5159424394369125,Charlie,auth,alta,success
21.59369528545082,10.959129600417018,341,2,71.97560626082122,8.63729291036725,Bravo,ui,crítica,success
6.468328262214815,8.56951385084086,324,2,60.00577095197514,13.341009266674519,Bravo,database,baja,success
17.74802466723346,6.452333852288989,326,0,93.87650843244046,2.727165687829256,Charlie,ui,baja,success
12.00495341333923,6.217514348659732,324,0,55.04818022251129,23.143918666467926,Bravo,database,alta,rolled_back
19.276451037301356,8.36273686862564,379,4,63.21560061303899,15.733927477151155,Bravo,api,alta,success
16.587317319538897,9.739101998283406,397,5,72.25509276497178,0.4030384512335902,Delta,database,media,success
20.54141303685188,9.267530966759375,351,3,52.50385013059713,55.05097990059181,Bravo,auth,baja,failed
14.287679526252427,9.293985686148382,356,1,58.30298261833377,40.648089809172276,Charlie,api,baja,success
5.280477309955403,6.084796420860783,357,2,50.18916500150226,13.69537090882659,Delta,ui,baja,success
14.071952171763572,9.073938629069458,351,3,73.78113289130852,16.58667105808854,Alpha,database,baja,failed
15.423748647701094,9.604995729901358,347,2,76.75267740851268,39.240567647393256,Charlie,database,baja,success
19.870279135935053,4.749421506668348,339,2,68.92799643334001,1.9322440793691675,Delta,database,baja,success
10.312945602249169,11.874227728189048,369,3,72.58751821704209,8.037627417594194,Charlie,database,media,success
13.934096704419755,9.29891660126129,359,3,53.596280502388254,19.846425264065555,Charlie,database,alta,success
13.181257777690528,8.836684495601151,331,2,74.91356190410443,4.014248661696911,Delta,database,media,success
21.019728672589522,7.4373024373723515,367,3,78.27214385964908,12.737114891409874,Alpha,database,media,success
8.509846639487927,7.06461100507293,365,0,79.3528780923225,15.322511918842793,Charlie,auth,baja,success
19.236219912304186,5.968967824258347,333,4,72.64031935599633,6.743162847701331,Delta,database,baja,success
19.627920141716956,7.292768037064154,358,2,52.48825501301326,32.513027339165504,Alpha,database,alta,success
14.54416456400281,8.522318122727308,332,2,71.0978317563422,14.681835383176804,Delta,database,crítica,success
18.420763880427657,6.637548566858308,363,4,57.93146965908818,49.72991716660081,Bravo,database,media,success
17.044556368758897,7.036051580137058,357,2,81.1185878328979,9.000260666012764,Delta,ui,crítica,success
12.142324059308685,5.28437290535133,383,0,74.87364630680531,104.44327756157571,Bravo,database,baja,success
12.220113620661145,6.32008700356006,384,4,91.86598036787473,13.119848068803549,Bravo,database,media,success
6.909920911210136,9.804630665539145,363,2,78.51439984631725,7.469569437281812,Delta,ui,media,success
21.325841286775855,4.351997002313395,342,1,73.27586308238097,7.248846687376499,Bravo,ui,baja,success
20.187332783140107,8.00074413789902,371,0,75.67526612896472,45.64404147661744,Alpha,auth,baja,success
20.081418149491384,6.9546733828034055,382,0,84.81958945514634,20.924908696596912,Delta,api,alta,success
14.935688528584729,8.050659933397572,369,4,63.330834661610425,0.23067533863311906,Delta,ui,media,success
12.672948186407194,9.998630887387051,374,2,85.32835277845152,15.608483042567968,Bravo,database,baja,success
8.385698135414078,7.352020116620563,335,3,51.02409415063448,18.40183424848824,Bravo,auth,media,success
12.702364911106706,7.491612182219406,383,3,65.93710566638038,3.718807659372753,Alpha,api,media,success
11.369511648351612,7.222492628203302,316,1,56.07391092926264,14.901308834552765,Charlie,database,baja,success
9.537841734379025,6.8548201594346905,377,0,61.68695736094378,1.2939396612346172,Delta,api,baja,success
16.233199707318388,9.188684118967812,344,0,77.05582777503878,7.145910479128361,Alpha,auth,baja,rolled_back
13.10948999031014,7.91210992785531,361,4,63.23932740255259,86.47439981492903,Delta,ui,baja,success
16.78488894267077,7.308824447502676,352,3,53.79144491394982,7.288047373794857,Alpha,database,media,success
11.899368916593964,7.664157411104575,365,1,51.49049278930761,11.84308883920312,Bravo,auth,media,success
23.242750470072544,8.001283601287158,371,1,89.95971218799241,48.29034103251516,Charlie,api,baja,success
25.341585494088726,10.695576780201606,343,2,70.256037870422,9.076229374855757,Alpha,api,crítica,success
20.99922561236118,5.2086371848708115,368,3,90.48591018421575,63.203152966454894,Delta,ui,baja,success
14.599229568845455,8.269198417389928,304,2,92.62631865683943,48.234745455752005,Alpha,ui,baja,success
17.588743258654148,6.447054085650767,387,1,66.54639716725796,2.524662039959737,Alpha,database,media,success
9.381640940735291,8.192582965749615,372,4,54.02862168732099,5.873254738748074,Delta,auth,baja,success
9.663529408925552,8.42658241267577,337,4,68.43209805316292,18.472837037329963,Delta,api,baja,success
13.213082619789272,9.86067548795851,335,6,62.49674630118534,16.42492301389575,Delta,api,media,success
21.762479442470834,7.424543863395208,358,5,50.73120265733451,40.08947020567475,Delta,api,baja,success
14.106539417214808,6.454760204730558,364,2,82.19615204026923,18.25501763719826,Charlie,api,baja,success
18.693754043215645,10.162738685422209,329,1,70.58147312956862,29.767383648310744,Alpha,ui,media,success
14.801897224626185,5.163163761811118,351,0,62.87333427229896,36.489803863535506,Bravo,api,media,success
13.612436462863197,12.487967717876494,346,1,64.38618140877225,21.058005903787706,Delta,api,alta,success
15.797007678450322,5.081050786622269,348,4,78.99630432482809,1.8596040531992912,Delta,auth,alta,success
14.470688859792475,9.900902487924409,347,0,81.9118673261255,65.77201334829655,Alpha,auth,crítica,success
20.816926890795735,11.252850850211125,325,2,56.991937428247184,25.360388046984966,Bravo,database,media,failed
9.717443306598948,4.310037089688944,360,4,92.21095811808482,22.08066476704613,Bravo,database,baja,success
15.436828653910176,4.696611531207687,335,1,88.20346267195418,61.24339060182896,Bravo,ui,crítica,failed
14.898111128316005,10.698470044157524,352,5,82.41433513816446,0.7047788113874712,Alpha,ui,alta,success
14.459369636278609,6.6504845730663495,370,3,93.14474032144062,29.794227427726085,Delta,auth,alta,success
12.437898743475074,8.615295995853566,305,3,82.53768510068767,9.998478390276432,Bravo,api,media,success
17.869930222966158,16.656182547705818,356,0,60.610783690353855,18.95091028410702,Bravo,database,alta,success
9.092360747917098,7.696078087816595,339,5,57.518466310575604,13.094867614960163,Bravo,auth,media,failed
18.01641919265276,8.279026101894424,350,4,64.30083214538172,16.36797833070159,Bravo,auth,media,success
6.240763300503872,5.04045332708516,383,0,92.18578686472028,24.25882860917359,Alpha,auth,baja,success
21.2123993908482,9.010303138133887,357,0,76.92034647450782,32.798606715088184,Alpha,ui,crítica,success
17.808247995900405,4.731124895534861,359,4,91.48328934446909,22.747632822876266,Bravo,auth,baja,success
15.206095250140958,9.554054170999791,348,2,78.54351660818793,106.47577891403242,Bravo,auth,media,success
5.2881051601647044,4.633007707833368,369,0,63.525414016330615,10.101336847990751,Charlie,database,media,success
14.655717070185924,5.589449248882767,367,2,68.3268847479485,63.55810284836846,Charlie,ui,alta,success
12.046570216964314,6.284601241143736,353,1,52.71155777736567,12.28665879741311,Alpha,ui,baja,success
19.67089610541037,9.496847930965078,339,1,62.07867079065181,68.73566007210847,Delta,database,media,success
8.469401534988366,10.841250757903104,364,2,74.76645890623331,15.36906635016203,Delta,ui,baja,success
8.54748337703613,10.174737598124675,374,1,83.04059853660874,6.98843140527606,Alpha,database,alta,failed
14.101362592847417,4.971066342742299,346,4,89.05850220704451,7.635383259419061,Bravo,auth,media,success
14.779327398616239,7.317743179180386,352,1,52.93642887962051,2.0630358159542084,Charlie,api,crítica,failed
12.490536172303262,6.744000460052533,358,0,77.57042458862998,2.180171111533852,Charlie,database,media,success
14.262602478348914,5.179605757087927,329,2,61.22212992049754,56.17179657216397,Alpha,ui,baja,success
13.947821356329591,7.975479462637307,364,2,90.98514464567415,15.899425327777863,Alpha,api,media,failed
12.897415034993315,9.588831547809423,402,5,59.19859087909572,4.7801181972026825,Alpha,auth,media,success
12.299090009047521,8.72352098827213,357,3,88.75466316239908,3.884298451244831,Bravo,auth,baja,success
14.37284558133714,11.117080665599627,340,3,92.51274879323319,15.486316703259945,Alpha,ui,media,success
18.87697096675736,7.962705039200111,349,2,56.6479203698691,7.6501225009560585,Bravo,api,alta,success
22.453064526009136,7.187464408731673,337,2,64.41427857498638,31.62292391706019,Charlie,database,baja,success
19.075429955354988,8.355690729458665,316,2,77.05078170169145,9.975126251578331,Charlie,api,media,success
15.182767286505989,7.0952050752764535,389,1,89.9128162569832,30.276124923413093,Bravo,database,media,success
10.192833310088972,8.380833469694164,362,5,65.07819945458323,71.84230005337831,Bravo,ui,baja,success
18.63741662092378,7.5266904992425925,368,3,84.8220814683009,0.9062420412598591,Delta,api,alta,success
20.847832882000638,8.251009718254107,360,0,56.10720809199847,1.7590117938816547,Alpha,auth,baja,success
14.261492984193179,6.387869152026881,372,0,76.7222221614793,43.43640669811104,Delta,ui,alta,success
14.239326926470056,8.46036081561959,344,0,62.17449744348414,0.08121182397007942,Delta,database,baja,success
19.97317921065151,10.646407115014012,381,1,69.85697690630332,24.190556443219478,Alpha,auth,baja,success
15.742349992732601,3.9619323962818065,364,3,61.99010082287714,1.8975889272987843,Bravo,auth,crítica,success
24.08408911714904,6.324699197967618,351,4,84.1484824870713,11.342718565523032,Bravo,database,alta,success
14.79378032044324,8.042324904673416,349,2,86.58128679962829,13.047177817672491,Charlie,ui,baja,failed
8.537804683216613,6.041914948707511,339,1,89.36733828042634,35.43067235704052,Charlie,api,media,failed
19.231823359788905,9.854798484738636,337,0,84.32314832578413,4.064341668794427,Bravo,ui,alta,success
16.447579024727833,7.661063263886799,358,3,72.07913281279616,2.9845802030057493,Charlie,database,baja,success
13.936493176997933,8.932944690837992,335,3,54.25888616708107,13.409769024699926,Charlie,ui,crítica,success
9.976874393058548,8.146968125889977,339,2,52.77009747107513,8.850924521684647,Charlie,api,crítica,success
18.50593666868912,4.243084194720679,350,3,58.267591886688024,70.75955828991265,Charlie,api,baja,success
17.37053866756194,4.89922808011819,335,1,55.11426617507823,83.01139783455965,Charlie,ui,alta,success
16.086102723503135,8.569649772363253,349,1,54.159030134323984,13.778733495622873,Alpha,database,media,success
21.21309388470589,7.72365285904791,370,1,79.53276656917296,98.12036610635666,Bravo,auth,baja,failed
10.744772494637829,9.82657193218009,337,2,58.142460853559896,1.260365054011345,Bravo,ui,crítica,success
15.827289989386978,9.864352759210785,384,3,50.817513869842514,8.883753351867199,Charlie,database,media,success
14.004266977377737,4.454078896498974,301,4,93.40546370483935,39.1494632343155,Charlie,api,baja,success
17.061554695675053,7.7153270952172575,353,4,57.47320004156791,11.63995558112903,Charlie,ui,baja,success
16.771143280241606,9.111071929051311,353,2,82.83197274664417,23.2665841196826,Alpha,ui,baja,failed
14.531533525504019,9.43310961662427,356,0,79.25294501939788,5.212803717702627,Bravo,ui,baja,rolled_back
9.008634109032123,9.507712644317216,342,2,78.38534092763439,6.411425435190235,Charlie,database,alta,success
15.188802423878082,9.070496917448896,363,2,67.18711856286973,35.52366296409994,Bravo,api,alta,success
20.921031470437605,11.924390720713859,342,3,84.35740925022401,22.879511804363393,Alpha,database,media,success
7.141780150027377,5.1372868189918925,372,2,79.67442606575787,28.564314073806102,Charlie,ui,alta,failed
12.845777493135728,5.2900081590688295,353,2,61.88062591711059,47.399197337995155,Alpha,ui,baja,success
17.01114637140784,5.929912199755898,346,3,70.94407227006741,12.061948210000992,Charlie,database,crítica,success
10.626748902184254,9.987373703674571,323,0,58.94355623051524,36.27577484942494,Bravo,ui,baja,success
10.895895558272255,11.705583240710848,372,2,84.94643813930452,6.058392845341633,Alpha,ui,baja,success
10.951855425336028,8.053630636024522,359,1,94.68754359404556,66.88688957287904,Delta,ui,baja,success
11.869463292169025,6.095548903107398,354,4,60.94945742166601,14.900726694613695,Alpha,database,baja,success
16.438251248228976,5.784262846097355,376,2,72.16003879788332,0.5650132939094322,Bravo,database,baja,success
22.994480875661438,9.745365821837309,342,2,51.827834342839196,8.457149102772894,Charlie,database,alta,success
17.2157392017014,8.63289205010517,343,2,88.22540414752439,31.028382516389186,Bravo,ui,crítica,success
11.766786604277947,8.633096111310941,369,2,89.38771533663385,19.727560309704444,Alpha,database,baja,failed
12.771926088746605,3.647217246607994,344,0,63.29786559799686,44.47760733760415,Delta,auth,media,success
10.65758587685026,3.8034358075556876,334,2,56.70924421749078,14.104857679456472,Alpha,auth,baja,success
12.120823929370681,8.542383482468335,342,3,73.97867026156746,25.8825718079856,Alpha,auth,media,success
12.229732626930273,12.073599413001258,346,2,86.08203904237598,23.330520181839756,Delta,api,baja,success
20.654018818196416,7.932044937387669,354,0,88.87539534131065,34.09846249021111,Charlie,database,alta,rolled_back
17.563848756492774,9.241498964027096,356,2,74.14528769208118,28.8419468914321,Bravo,auth,alta,success
8.12991717473399,8.437096465524155,325,2,51.721623371122405,18.897435460203177,Bravo,database,alta,success
18.30475437920936,5.057694343229195,343,1,61.08596507576294,39.013321993718726,Delta,database,media,success
20.123101233863157,10.466080774441188,347,1,65.19191672443412,4.394306723230414,Charlie,api,baja,success
14.074623181717506,10.563357893772183,343,3,87.89447160670534,6.549912249543446,Charlie,ui,media,success
20.435309924667486,11.4283404907101,346,2,75.6067760894075,49.804979456434836,Bravo,api,crítica,success
16.364956218088572,5.164513247139443,338,3,85.96965693635866,17.307484834378055,Alpha,auth,media,success
17.568944724976653,6.335067931254284,329,1,77.16965260566212,68.38498890179288,Charlie,auth,baja,success
13.715157128550187,12.661693607116039,337,5,85.15810098615475,51.831322660411864,Charlie,database,baja,failed
20.760782645401356,4.311580456339286,355,1,82.42829833063297,44.430117217670066,Charlie,database,baja,success
15.214936484812446,7.131240413673023,356,1,94.07960186246783,6.296794605147964,Bravo,auth,alta,failed
13.92114574768421,9.414988755514432,363,1,69.58130250219256,20.664779058580688,Delta,ui,baja,success
16.86702507511011,8.58093916981636,339,2,57.99433082109317,26.807797974829967,Alpha,database,media,success
14.55715451148192,8.587623315435154,392,3,54.42283854004927,56.31104554469783,Delta,auth,alta,success
13.97573831508368,6.341672706659297,370,1,93.21068881079555,8.377691444009542,Bravo,api,media,success
17.904368762962235,9.67374693076824,331,2,92.67492259969003,20.88993647995252,Bravo,api,alta,success
14.196071910928252,5.095561915583529,337,3,72.86913425894454,30.007676212971504,Bravo,ui,media,success
13.309312155154013,6.905753571784482,368,4,87.49905657139607,1.4997975267469883,Alpha,ui,media,failed
12.831320977285843,7.551115862219473,351,5,53.46543953870423,11.487746098811321,Delta,auth,baja,success
9.439288378235517,6.214715048438711,323,1,59.496233717072755,29.807847729807193,Delta,auth,alta,success
21.42854164226227,9.766914244262697,387,2,67.65425897901878,2.620160246996602,Alpha,ui,baja,failed
12.388647236310206,7.937645934583041,365,0,68.73440888826735,40.56917524136124,Alpha,api,baja,rolled_back
13.478525962822658,9.495765981909809,336,2,75.1978721935302,0.5249156579375267,Bravo,database,crítica,success
15.346972146198528,8.280953543388602,370,3,87.73161006509326,59.71374843712178,Delta,database,media,success
12.403768142749746,7.19038990941118,343,0,66.7630632664077,8.46090454235673,Delta,api,alta,success
6.934037168507732,9.60278530144391,347,4,50.99047643248923,60.546759676888854,Alpha,auth,baja,failed
16.79430955498657,12.044957544835809,352,3,57.43333213729784,32.463985047226245,Charlie,ui,media,success
17.093552636768653,9.50187502508467,374,5,78.61999573302455,85.30942202600386,Bravo,api,crítica,success
14.015511041337282,9.786855249612772,350,0,73.9170428737998,11.550616266888786,Delta,database,media,failed
12.821817171265936,7.952033099584671,346,1,60.97300105611794,22.01937387037783,Charlie,auth,media,success
11.785267941028907,10.477678943307028,351,1,81.76207684911788,38.89694210685311,Charlie,auth,media,success
22.817884201895257,8.288632506185099,315,3,57.51781112863682,3.2183804400265217,Bravo,api,media,failed
13.812450228418617,8.730222651254595,349,3,71.21940976358019,9.58486969023943,Bravo,api,baja,success
14.858381251159916,8.503204831032866,341,3,79.97955330414698,51.30137774624985,Charlie,database,alta,success
15.428758857874216,7.000824512558591,323,1,70.85019445163198,12.096387326717377,Charlie,auth,baja,success
14.077517873819865,9.298225691730284,341,3,74.893689239397645,22.87560472536593,Alpha,auth,baja,success
24.560280162382625,5.013642155992795,341,2,52.616524293553084,17.025027611401512,Delta,auth,crítica,success
14.953470625069203,7.463999951670116,355,3,52.51549223787151,35.83315028048573,Delta,api,media,success
10.643762373365664,5.563062137167384,333,2,78.23202011873946,29.32610446113854,Bravo,ui,alta,success
16.25507673268431,5.183655614496132,363,6,74.35971190454438,0.10082392638230714,Delta,api,baja,success
19.38288561344805,8.656957027346131,369,3,57.43154709576629,34.37313636795094,Charlie,database,baja,rolled_back
10.92442159339231,5.159087043454678,354,2,78.80864699720405,23.20399021705006,Alpha,ui,media,success
21.683500564152236,7.851590407280042,329,3,85.56701181805693,17.416808768098644,Bravo,api,media,success
16.100733882873648,7.421238153119434,330,4,66.38419101713225,65.46070284839001,Bravo,ui,media,rolled_back
14.272534401090377,4.97675116850965,348,4,91.19949979125522,4.444613713771105,Alpha,database,alta,success
18.469421722888274,4.527656679530277,385,1,88.13111272407696,84.66604841175217,Charlie,api,crítica,success
9.388812375056236,8.94358300697973,357,2,93.48115806351416,80.82623074552782,Charlie,api,baja,success
20.929205649222673,8.813001263750621,386,2,53.77406204119325,32.51348358291894,Alpha,api,baja,success
12.63281572535055,7.2380592430690385,348,3,56.469637813279405,3.51291099563241,Charlie,ui,baja,success
11.459992986102458,6.726421195645693,320,3,64.62765961769037,5.398365986265638,Delta,auth,baja,success
12.890253765362024,5.069384811531199,359,2,81.9167799281422,38.86653730022662,Delta,ui,crítica,success
15.124149621120704,6.111654832485388,339,0,63.6516053811647,18.391208230440906,Charlie,ui,crítica,failed
11.213938066625703,4.961640398044702,330,1,80.56171470088884,4.196508079211357,Bravo,ui,baja,success
5.004118819012659,10.774680992979278,346,1,58.920732863480225,32.00079868633061,Delta,api,media,success
15.582846124016013,4.217157377385259,346,1,88.8400647812523,63.23618631554873,Delta,database,alta,failed
18.434813573749654,5.052659053487625,319,3,89.2991194059141,0.21510981535729806,Alpha,api,media,success
14.160246868468269,9.091973446351046,347,2,69.1646738757845,11.160235594958067,Charlie,auth,alta,success
16.59529608370259,4.673445370460572,348,2,65.46198953408748,3.940552573432991,Alpha,ui,media,success
18.04451094479034,10.176101466303287,348,2,94.26073167822324,11.168061017990112,Charlie,database,baja,success
11.138373472713258,8.405083976430456,335,2,71.5753716416657,13.091245718300343,Delta,auth,media,success
21.817014078854697,10.91319542494006,335,1,65.87701773038134,10.232363274580603,Delta,auth,media,success
11.73675263338088,7.845355887901307,382,0,93.26044675312005,11.272636380046606,Charlie,api,crítica,success
15.202012738913139,8.601291738912154,328,0,71.19610789464787,44.59664216435967,Charlie,api,baja,success
22.273338846915465,9.085586455187702,361,4,81.66357430513017,13.801877651363611,Alpha,auth,crítica,rolled_back
15.934952426973137,8.48200328563914,342,3,78.57112274155952,8.89590803222057,Alpha,api,media,success
14.884840923303415,8.467590138222597,362,3,90.11428022407927,2.1523803813659566,Alpha,api,baja,success
10.458568022237241,8.6745166228526,355,2,59.360469171078876,6.545827612280846,Charlie,ui,alta,success
10.3704887562867,6.974023889275259,364,2,91.06248129159212,81.47823446585771,Delta,api,alta,success
12.8106363754471,7.443069998198186,332,1,76.53393754269928,10.03548716016016,Charlie,ui,alta,success
13.265709136308915,11.362830071286886,351,1,52.98790541593917,40.64184429475098,Delta,api,baja,success
21.64994373533527,8.722122484434175,344,1,60.91027862508781,0.877076001073796,Bravo,database,baja,failed
12.747476594242048,9.330779700037791,312,3,71.23481411952525,23.761233887558273,Delta,ui,baja,success
10.41779101981455,7.222207578245676,328,4,60.62749258475378,13.025459233671427,Bravo,ui,baja,success
17.83716529955696,9.986421181539145,331,2,61.494252514094114,7.381314024342423,Alpha,database,baja,success
15.640938771536371,9.353425147554168,351,0,52.74300449877046,22.75752033937483,Alpha,ui,baja,success
15.45341037524595,7.598553780068224,318,1,67.59413217194378,9.313671972602606,Charlie,database,baja,failed
20.980854024333937,8.576936391083123,341,2,55.97406256594695,52.05662152447822,Charlie,database,alta,success
19.09294650424456,6.675867553671308,370,2,57.57706454140134,60.57443953748074,Delta,ui,crítica,success
19.697846482080596,9.825056688439828,344,3,74.70894255908206,11.469580609886275,Bravo,ui,media,failed
14.021984972276858,7.03431003023759,358,1,78.42260187142529,39.70879259503899,Delta,database,baja,failed
14.332271475976803,9.272750866219603,349,2,51.68129943893291,4.052322495728731,Alpha,database,baja,success
14.663537983415244,11.099186757387649,372,1,62.01895119738765,33.682531757126434,Bravo,ui,baja,success
11.694006886717085,11.92214880354642,354,0,88.08450727839954,5.328682757914066,Alpha,api,media,success
10.242012620557269,6.271217195608542,385,0,89.19350625248626,14.785173654556274,Delta,ui,media,success
16.573407443923898,6.702390686073112,350,4,55.95176533097401,53.08520038123456,Alpha,ui,baja,success
14.276865427388772,9.008321413640774,374,5,92.45855689747259,10.360561430454254,Bravo,auth,baja,success
15.008753605173514,6.760173594160436,351,3,51.48304523783736,3.237796224653721,Alpha,ui,alta,rolled_back
19.731069150895458,6.664042637884134,347,2,80.46293974504806,29.685925683861072,Alpha,auth,baja,failed
12.244699845099863,12.025371812081294,344,1,57.35284049063921,16.2634160220623,Bravo,auth,media,success
22.854434710747633,11.897185757085463,322,2,93.20965665276162,107.306918346793,Delta,database,alta,success
13.232358308297657,9.41861685221754,343,3,88.85134654003195,5.438211550163178,Delta,api,baja,success
18.124031800255164,10.772782979253215,338,2,88.74148408649489,19.78934374350815,Alpha,database,baja,success
10.462530071605897,6.704581286898117,351,2,91.95009383489378,37.35510085321484,Alpha,auth,baja,success
16.09216555787574,8.063714326432878,377,3,92.68744677654468,8.134405396184345,Bravo,api,baja,success
11.94517376644023,9.847510891153611,385,1,60.7872077904176,33.98552454806386,Alpha,ui,baja,success
12.049568064042944,10.51632082603238,347,1,61.086112450575456,15.2878531627357,Bravo,ui,alta,success
9.97369543629446,6.2015302622330415,326,4,78.98786683916114,10.983509045094252,Charlie,database,baja,success
14.931720417596212,5.294054510395769,337,4,74.79509510216303,0.460421683193844,Bravo,database,media,success
18.042242203486744,12.888722427465304,332,0,88.62344129360281,0.42260439321398735,Alpha,api,crítica,success
14.312696339023594,12.720711727679273,339,2,62.40571774309501,30.55038729954272,Delta,database,baja,success
13.938946422955006,10.979617420829765,349,1,55.10288158082403,7.52294858917594,Bravo,api,media,success
13.304016012507162,9.862839292411985,388,3,72.80119150527753,39.08052588766006,Alpha,api,baja,success
17.75708847312114,5.190155372063549,360,2,91.986038495088,13.740268383175135,Alpha,auth,alta,success
19.201801716240617,10.63824744171097,348,2,62.84802012844011,11.244510680437088,Delta,database,crítica,success
6.223900013865666,7.3611523665607494,336,2,92.10280926083215,7.537753287702799,Bravo,api,media,success
12.988137746809667,8.26918509972135,336,1,57.41463509737514,16.997534974401287,Alpha,auth,alta,success
18.521276470153126,2.721223224003488,346,2,79.358607447939,1.830346092581749,Bravo,auth,alta,success
21.19341131776436,10.474030791708204,347,1,53.578675016760826,4.315889608040243,Delta,database,media,success
17.31202473571286,8.454948937082806,333,2,80.99655048688874,18.685815765445522,Alpha,auth,media,success
14.476664658866122,5.838326680779996,355,2,82.09853162872605,12.148238531690266,Bravo,api,media,success
17.43142810762319,7.856755625329445,362,2,90.7026079040952,22.17440217632561,Charlie,database,media,success
15.870081549570207,5.328680937384657,348,1,58.49697591038421,0.05946422314746098,Alpha,api,media,failed
17.104764892665468,6.852439723352605,332,1,64.3155274761375,42.68179951406537,Charlie,api,media,failed
16.847918151805096,9.449257476452715,341,0,55.018240043427795,16.114674869924784,Bravo,auth,alta,success
21.01596482600355,8.730861794125495,355,2,57.71095042000525,9.786168828606606,Charlie,database,baja,rolled_back
16.412038410280875,9.408183248990774,379,2,59.94066031766124,17.481323918417278,Bravo,ui,media,success
13.404390381061065,7.236891784184126,366,1,71.38213677564636,34.61707784033833,Charlie,ui,media,success
19.094238398160982,11.90199363997434,346,2,58.526500849984586,66.14197687502232,Charlie,auth,alta,success
11.796516357693854,5.783591322051448,350,0,57.59746081312187,60.226088065157114,Delta,api,baja,success
13.808879384390806,9.916375819671355,322,4,90.01604106044397,8.639973912388086,Charlie,ui,media,success
5.39562127024686,9.081098182424169,315,3,62.126415284583345,31.537741004412467,Charlie,ui,media,success
15.775992915602876,6.932129383102171,341,1,83.23659936781041,16.402182307094336,Bravo,api,baja,success
17.52219498394336,9.418808564491046,326,2,57.61581500177272,8.356355108320713,Bravo,api,baja,success
8.11060903062205,12.796132834094141,342,2,51.76553262048401,30.158618553464706,Bravo,api,media,success
25.15618564853859,6.99768762229643,331,4,86.69664275250398,30.348670943563278,Delta,auth,crítica,success
11.271889389053559,5.564189518005976,383,2,77.59777979925275,9.6365180388093,Alpha,ui,media,success
9.831888767443182,5.923216720584932,353,1,59.31543243001215,8.42230503135709,Charlie,ui,media,success
13.683498123204252,8.206003719037657,338,2,61.51710989070125,19.727921984081558,Bravo,auth,media,failed
16.197208777378936,6.326104755039546,359,4,77.5677041162271,10.71344265433494,Charlie,database,media,success
13.239249652750864,5.7965425367759345,367,1,67.84264343674295,8.653351452201605,Delta,api,baja,success
16.987736649820835,6.549296698482985,336,3,55.30949245556258,20.007450944667152,Charlie,ui,baja,failed
11.43771658159364,9.959022639586255,354,2,68.97768764523789,75.10459112717744,Alpha,auth,media,success
17.92655933052453,8.647144415056948,372,2,54.761319938115776,6.119048606604338,Delta,ui,alta,success
15.507985848019183,2.5981053622412453,373,2,89.83260778244585,10.36361381353578,Charlie,api,media,success
22.55616934426975,7.757120118565982,347,1,56.49578753858805,4.81156288459897,Bravo,api,alta,success
16.51907077521822,7.238099751587084,371,6,77.53876860253513,37.91181539297314,Delta,database,media,success
14.82073554405128,7.108539480249206,373,3,69.05348298489116,12.968629024922848,Alpha,ui,media,success
15.54417590736981,6.331011006811515,341,4,63.48736309912056,32.488222627823646,Bravo,api,crítica,success
17.201106143010282,10.763226191701703,331,0,78.96362962317653,9.816558413207531,Delta,ui,baja,success
11.767678409863663,6.04340107925712,342,3,94.83443138655275,25.47191145915299,Bravo,database,baja,success
10.972015869924423,8.16515751422896,353,1,64.32262926362455,6.717147778719664,Delta,api,crítica,success
18.43280906910649,10.151770529991028,346,3,67.6490755577106,26.69685519385844,Alpha,auth,media,success
15.337665376234934,8.952414689436807,387,1,83.90259483130649,9.02731080198037,Alpha,api,baja,success
9.072832954396713,7.986145111455757,373,4,65.54540473618545,33.34539308567777,Charlie,ui,baja,success
11.139493535202,5.767601511576734,350,2,77.47793251881376,9.731515981256962,Charlie,api,alta,success
15.41440058168383,4.519446600177178,382,3,66.85770209878683,3.735999684780836,Bravo,database,alta,success
19.709294661661602,6.510278765864552,385,1,78.3162473491393,27.262482493107612,Bravo,database,media,rolled_back
15.770265819580592,9.665378219752679,384,5,75.49437329056673,11.265942927449942,Bravo,ui,baja,success
14.971043644861213,6.990852683094863,385,2,60.76587505056523,10.113747227936983,Alpha,auth,baja,success
13.15075794696298,7.5892148486495286,316,3,75.22296326351352,9.930527709424496,Bravo,auth,media,success
12.102449857410114,7.993570755136025,336,3,75.69360257941298,3.0347900837659836,Bravo,api,baja,success
12.443932320495009,10.435103921441941,310,1,93.0962450709194,0.2894221432507038,Alpha,auth,baja,success
16.77657009567306,6.615450192183593,344,2,67.38728395313956,22.744784478521705,Delta,database,media,success
12.663783047286936,6.716410782871302,354,5,55.88889872073196,37.039524791608436,Bravo,ui,alta,success
15.745061391021952,9.873799639967446,324,1,90.35251036169939,26.21133147201657,Bravo,api,alta,success
13.798629145077102,7.575821428124663,353,1,71.00810249801725,20.210514216606907,Delta,database,baja,success
15.638801655016731,9.348811424937631,341,0,74.04708529356867,29.460298842673595,Bravo,api,baja,success
19.07998034183887,8.489387417157053,343,3,84.88970486097969,8.054345268756151,Bravo,ui,baja,success
18.193407514830334,11.89968565619365,347,0,81.26661002170295,5.79837192222476,Alpha,database,alta,success
14.823638913674872,9.40691194793441,321,1,58.20381429977715,100.18304630509073,Delta,ui,baja,success
11.031226273579692,6.904510991551561,380,0,59.184004596900195,40.40605137036317,Delta,api,alta,success
17.30341009107545,7.579507570097096,370,4,70.6133359496016,23.899524829273513,Delta,ui,baja,success
15.543124951202103,9.875458171938265,341,2,81.67955356533639,11.048109959810972,Charlie,ui,media,success
10.951672157713121,8.419441158828327,344,2,71.99975521536544,40.702144546280486,Charlie,auth,media,success
19.016092655343243,4.620580990942646,333,0,59.379594997735694,16.559274941682816,Charlie,database,alta,success
18.504383547994102,8.281547257218962,366,1,83.21983727975748,36.825413567791564,Delta,api,baja,success
12.228127536956418,9.92022532628172,376,0,92.04692682949826,17.031098416929535,Bravo,ui,media,success
25.72723793354716,5.946943509642431,312,3,53.61150710959919,60.609098058894546,Bravo,ui,baja,rolled_back
2.4440274841263356,9.585154554129042,372,2,57.71743183140643,41.39262029326974,Alpha,api,media,success
17.583826422012223,5.9499369317876205,345,3,55.77084847842343,6.969391878694296,Delta,database,baja,success
13.077559464574852,8.57520238613122,341,5,57.145109814591706,6.453681796789169,Charlie,api,baja,failed
15.771229574743485,9.046925590021305,367,2,86.47265862324275,62.41740716691342,Bravo,auth,baja,success
10.802975355983442,4.376612010698144,328,0,83.46132273902185,4.584625616669655,Alpha,auth,alta,failed
14.0165925229338,7.681623797652946,344,2,85.85221201414242,8.2498382509072,Alpha,api,baja,success
12.545082835957388,7.966390252820592,333,0,52.98761349520646,21.928754149474514,Delta,api,alta,success
16.990768155586952,5.66803042281636,387,0,79.91509560961276,21.023867532907254,Charlie,auth,baja,success
16.82736703104347,7.709055053306203,342,0,66.4954774826765,5.552127980324322,Delta,database,alta,failed
17.92149615937954,8.043310936398864,334,0,72.90956438984722,39.256542392387544,Bravo,ui,alta,success
16.598075252740042,5.950954893649065,325,0,83.06811715243384,57.99663345213261,Delta,database,baja,failed
14.655448851530121,9.048682496989157,329,4,70.97808432532474,0.6509379968047142,Alpha,api,alta,success
14.61447580250879,6.484800624077874,348,3,73.35944999824278,11.446192469447851,Delta,ui,baja,failed
22.454935289359362,5.663504022581508,340,2,65.24576990748756,12.9053596816957,Bravo,database,media,success
18.40513396431415,10.104247955370703,359,3,80.20332226995379,4.799995693924946,Alpha,api,media,success
14.762858152653584,7.622943641287954,375,4,86.084346632706,8.32668473571539,Delta,api,baja,rolled_back
21.002678120679715,10.907993670003897,352,2,83.55610153870657,10.069717923825225,Delta,auth,media,success
16.804091766144936,5.291403429152007,358,1,90.14700620202348,54.81792302890308,Alpha,database,media,success
14.601747869983777,8.185274965240366,347,1,83.58680891338736,24.85690335083514,Alpha,api,media,success
10.915889941478103,7.531400376445775,349,2,67.72925954661332,105.00220986595804,Alpha,auth,alta,success
16.386428021120064,4.770116537517357,364,3,82.13153990916908,74.63130497529146,Bravo,api,media,success
17.069199704702324,9.45807961368048,350,1,88.89823013916612,0.3984292775562576,Bravo,api,media,success
12.440076359366284,8.892706016500137,342,2,94.7505222284235,34.851225567827804,Alpha,ui,crítica,success
11.007185156091744,8.608493005097097,349,4,52.31257644132711,0.4729044623672962,Delta,api,baja,success
9.682735800845148,7.394625102738398,369,1,84.25415135920048,14.752230355114499,Bravo,api,media,success
11.505670825848718,10.448398496245604,344,1,64.93357479688711,33.61672244250343,Alpha,ui,media,success
19.284187498835422,7.45080932468351,373,2,67.81146490480751,35.56124599076329,Charlie,database,crítica,success
16.872517928689867,6.388471516244786,341,4,51.65543085313402,28.61366637149728,Alpha,api,media,success
11.290712827640707,8.539592366679289,335,1,90.78515970730223,17.509493786680007,Delta,database,media,failed
8.672737313322402,6.653079703370996,329,3,62.32751424075104,7.125376928597689,Charlie,database,media,success
3.864031562161035,2.7304267255834933,351,2,68.13157681724988,11.731499444693327,Delta,auth,baja,success
11.253619114896365,8.55067077752369,366,0,82.57752048317343,50.93251628871289,Delta,auth,baja,success
16.911500127334993,7.554920130587565,347,4,56.05694607249461,25.405506088321502,Delta,database,media,success
10.21883422590836,9.30626062284614,371,1,55.75035376125015,31.53271367300063,Bravo,ui,alta,success
16.22120664379645,9.077804510836561,344,1,70.42754051508382,7.347386312419347,Delta,auth,baja,success
21.93064652511117,8.491377210215706,333,5,66.28592813271098,1.2162311263382435,Delta,api,baja,success
6.347347726016119,7.274306566119672,356,1,61.781052459264174,17.002536601310066,Delta,ui,crítica,success
14.520722000040333,6.461399096509718,338,2,57.925246148370206,78.35011231495973,Bravo,database,alta,success
11.097890320728006,9.33915676468478,288,1,67.0041202113498,35.09616511858521,Bravo,database,baja,success
18.83113785270302,11.57569477307047,344,1,83.60671253874898,1.0579327737647277,Bravo,api,alta,success
15.01979013800393,6.219851895881156,344,4,78.86111434781924,3.758402704576752,Alpha,ui,alta,failed
16.416818384185657,10.467460788031632,350,3,81.66463879635558,77.22734767338724,Alpha,database,media,success
15.70482401617247,11.730818998586557,360,1,89.34731259359978,0.7131376045055127,Bravo,api,media,success
15.922728202141435,11.132947257360954,387,1,66.17195161059499,27.214540756230647,Bravo,database,baja,success
16.317589223882504,7.166271689809593,341,3,87.2986441035755,27.182365625088508,Delta,database,crítica,success
11.110427656857482,8.237894297399436,362,2,84.67045201221481,5.860615264119706,Bravo,api,baja,failed
20.126774528216373,4.879514638037421,349,2,66.28262368263677,9.205811250954866,Bravo,database,media,success
21.11657234372103,7.481065952550891,356,0,88.74470955808647,2.2664435282349586,Alpha,api,baja,failed
14.396481878618365,6.952054600496895,334,0,59.48182806489058,46.44601692527489,Alpha,ui,alta,success
14.273725321429254,9.773153415754678,376,1,83.71807913528755,5.3824066780507565,Charlie,auth,baja,success
7.636243218779426,6.471683640180956,339,2,65.96732812700793,4.638480270439212,Charlie,database,baja,success
15.660770459580878,6.696965975137176,357,3,88.4421157289762,9.980943400859658,Bravo,api,baja,success
5.986313309668839,8.178531999834075,318,2,62.266780940117314,18.117385636921085,Bravo,database,media,success
14.186489848805781,6.226932908232191,363,1,92.86091868649237,1.2785141542553902,Bravo,auth,baja,success
9.043949280691873,4.582523204958568,332,4,74.69089891994372,33.159309646969135,Bravo,api,media,rolled_back
11.776307473627643,8.873811923929022,356,2,94.41512918449007,47.25217854372198,Charlie,api,alta,failed
14.347039752322651,4.563186476141045,334,7,72.04964418779127,48.367909578452696,Alpha,auth,crítica,failed
17.103343138364878,7.337868985663953,379,2,54.441215014085174,33.74915563858567,Bravo,database,baja,success
20.609628133633123,10.275431234985273,348,0,60.14962079701945,16.21524967253208,Delta,api,crítica,success
13.295018787947773,8.779739492876345,395,0,79.62632434559055,4.424353536218405,Alpha,database,media,success
14.14961281972025,9.163584505695075,362,0,50.486582953017205,10.751489405779957,Charlie,api,alta,success
14.076731923603953,5.99606502521017,349,1,77.42661441094242,58.90257425774981,Bravo,ui,crítica,success
13.031383167362094,5.460923620972036,361,2,75.2297126443591,56.16668285127011,Delta,auth,alta,success
13.770402319615627,9.649134264724038,349,2,51.64020571275614,21.510519101207546,Charlie,auth,crítica,success
17.853588021241446,5.5619862160649,337,0,68.50403198623098,9.151875514537096,Charlie,auth,media,success
22.026383294592115,10.656719449037512,344,0,52.369693181244656,0.49307960436726495,Delta,database,baja,success
21.274945175967087,8.71950031284712,362,1,53.090123678557575,74.03519618107912,Bravo,ui,baja,success
14.54249575649875,8.096508920608562,365,2,94.36306065530516,10.490422390401363,Delta,api,media,success
17.342448984856542,8.621156988761093,351,0,51.659750267863274,119.03340164611305,Charlie,ui,media,success
12.6645170424429,5.490772029870495,338,1,64.46332593099214,32.51189307767659,Alpha,api,media,success
8.96886843448064,8.962238992472846,344,0,68.21556105627678,15.813732538372278,Delta,ui,baja,success
17.074526884882367,10.054170941233716,336,2,55.60027529252693,31.509317593607364,Charlie,ui,baja,failed
16.470576274872506,6.101083099711927,329,1,91.8796738202218,32.998484617953594,Bravo,ui,baja,success
21.389760183708933,7.648915753184309,362,1,52.54993678885512,14.058327868580818,Bravo,database,baja,success
14.305976882305288,6.298205068579963,343,0,91.51215852587484,29.00347146291047,Alpha,api,baja,success
8.144128139851578,8.191950229112638,386,0,79.10630209371448,6.781226544666286,Charlie,auth,crítica,success
16.139426069888852,7.125406979760303,349,0,60.674239475047216,15.100927645747364,Alpha,auth,baja,success
8.93816135630614,9.960172999729444,356,3,90.56379045941867,2.6095604449510574,Delta,database,alta,rolled_back
10.531086299809756,5.638115333040917,365,4,66.16141689941287,0.44023601329029227,Delta,api,media,success
13.151054986964217,7.797878704330483,337,5,80.74545999523252,13.0237095952034,Delta,api,crítica,success
13.198405022531025,8.082120035923847,349,0,78.69485163944773,10.480164456726106,Charlie,ui,alta,success
9.491088661182346,4.373310745037635,351,2,65.97203776123933,31.93809286404162,Bravo,database,baja,failed
19.194366054369524,7.492017633554924,368,2,88.5345023649279,17.91218149082703,Delta,api,baja,rolled_back
16.22222486706456,6.159841659137864,370,4,82.33758624177426,15.4999327249825,Alpha,ui,baja,success
11.325005534194593,6.669149052822228,338,6,74.69134855666198,15.940314654260874,Charlie,auth,media,failed
11.619109651789781,9.42419273868811,342,1,71.91919763456099,6.310233402997255,Alpha,auth,alta,success
10.090697299272954,9.603742830763618,356,4,87.25989143247716,16.706392881601005,Delta,ui,media,failed
16.4061172347615,5.444949120633266,312,1,54.403884971980006,2.0179649256169796,Charlie,auth,baja,success
18.523306329239702,7.806513219334291,387,1,70.20570989581756,7.294959279018501,Charlie,database,alta,failed
13.184132481655691,4.834839482672184,350,3,68.2093293312937,4.046909999102354,Alpha,api,media,success
19.072184836009825,9.680110091633736,357,4,70.77440800727345,35.01623190646369,Alpha,api,media,success
13.723152480491134,6.8841464118345685,372,2,81.50471079512499,33.44927908278523,Charlie,ui,media,failed
16.03254204263377,9.974505377713719,299,0,82.16087497770786,3.943900678306818,Alpha,database,media,failed
19.4654570654448,5.472929149695755,341,5,55.294829468475655,50.836235498245415,Bravo,ui,alta,failed
11.91156680172152,10.557733495094869,338,3,67.62894923565909,33.053221329038436,Alpha,auth,baja,failed
15.4503772250158,6.781372727513439,334,3,74.1256490291562,1.02437778194185,Delta,api,baja,success
17.12624895748654,6.399237245728641,346,1,58.48544556531124,19.392889759426406,Delta,ui,baja,success
13.308389397531489,7.1092366022603475,323,3,61.53814807999879,66.0546656965765,Alpha,ui,media,success
15.594495968031087,5.828328659767824,393,1,77.99838765407912,11.974835380911827,Bravo,auth,baja,success
16.597145235051997,3.6090320007218493,319,3,61.5974029910285,9.2230155877769,Delta,ui,media,failed
19.741808221269764,8.024204776761492,329,1,69.8266447999049,36.06059521235047,Alpha,api,alta,success
18.676381327528794,11.629732024108291,364,2,92.6786485966295,12.930941250175238,Delta,api,baja,failed
13.420921194822817,8.189293128940763,386,1,62.43320422479883,22.824188142006687,Delta,api,baja,success
17.436963636441085,8.530509912567675,359,2,56.468656229553744,6.764528859248822,Charlie,database,media,success
21.211017292888016,11.406807375703965,345,1,78.94113376853056,18.914728111510566,Delta,database,baja,success
12.4840205471831,7.492823217590701,335,3,84.1192538687028,21.992495096211723,Delta,api,baja,success
20.676998154810565,6.238604799574828,308,1,81.30471990560181,13.225373335182667,Bravo,database,media,success
9.517338627611291,8.678945373403534,372,2,84.1906255017966,20.64060716975241,Charlie,api,alta,failed
11.41187591928546,7.8895853427629925,362,3,63.3746948663611,34.80457734860001,Alpha,database,baja,success
15.548451292778516,7.3764797569970195,341,2,57.66928673489019,8.726851109415293,Bravo,auth,media,success
8.182496958879806,8.469977202735855,368,1,52.305815315339714,5.349103722721338,Charlie,api,alta,rolled_back
16.28123223517855,7.425299782858897,357,2,76.29745291545987,9.690690893679857,Delta,auth,crítica,success
6.475825527610137,6.428908100641149,368,2,76.51384752476588,38.1779050091166,Bravo,api,baja,success
12.030194266392263,4.577266906226162,344,0,94.87162573612295,31.401218174879844,Charlie,ui,baja,failed
11.192232937119787,6.065847697268016,337,2,67.17633252032101,17.834925188606075,Delta,ui,alta,success
18.7359516788984,6.584739275935467,343,2,72.42401485214941,9.779389490184332,Charlie,database,alta,success
10.60206847105908,8.553640024788548,349,3,88.37080194149166,27.31850117176041,Bravo,auth,media,success
20.188440404896046,7.515797770300238,339,1,68.35319435806014,60.92540184851018,Charlie,auth,baja,failed
11.752523954159546,6.49606267832561,385,1,80.28877348871902,0.0548035204410553,Charlie,api,media,failed
13.6472311450093,5.346743850989125,382,4,74.93919041124173,4.530930843425868,Delta,auth,baja,failed
11.683679432862313,8.07214192357475,349,1,59.60166138946079,55.175543075050655,Bravo,database,alta,success
19.30660872659761,10.272293865816119,369,2,63.809616797370836,48.80557670987665,Delta,database,media,success
9.688420777955614,6.452013578695764,370,3,86.57106241793372,41.19349641608371,Delta,database,alta,success
17.959629993844253,10.369758525857563,347,2,80.74487509555183,5.070564139634371,Bravo,api,baja,success
18.906692602491592,6.714231339424921,353,4,51.852317850571126,24.82306739587098,Bravo,database,media,success
13.49273900540852,13.019747978353188,347,3,56.35758031741716,10.195101723074913,Delta,auth,baja,success
9.796434980055786,7.1882423636927415,360,0,69.37994361273013,11.968255117535591,Bravo,auth,media,failed
17.900817379699813,9.916544495780705,340,1,57.77972697396763,19.425356826668075,Delta,api,media,success
11.118719292230642,8.949431594770203,368,2,67.88063537678681,29.935602730994518,Alpha,auth,media,success
11.450350562726676,7.693828103707829,339,0,68.02373614162207,1.6038216166198254,Delta,api,media,failed
12.25513289115599,5.840096092364531,348,2,52.54592429846525,8.89297554641962,Bravo,api,media,success
11.263372494570385,8.537935406655299,331,0,56.89012826536782,49.208249194393744,Bravo,database,media,success
21.63330931257782,10.037432081050213,337,0,71.3005164952483,2.927725694507214,Delta,ui,baja,failed
17.45652661578763,7.747950647477862,367,4,66.05982771958224,5.639181733131409,Charlie,database,alta,failed
16.35456514989797,7.543840276118983,318,3,85.83528134506196,54.176800324617815,Alpha,database,baja,success
12.695964157950009,11.758828410944961,337,2,50.14961464563385,5.277600905117684,Charlie,ui,media,success
19.202702340409054,6.358779032127951,358,1,58.66134873009287,11.928428303450346,Alpha,api,baja,success
10.934211075479752,7.409591426342486,362,1,55.05796644021757,0.7488023387372019,Delta,database,media,success
14.159319187938415,6.82037432951048,372,0,79.40729056834243,43.42061371899663,Charlie,ui,baja,success
19.411942410417915,11.668989920552466,385,2,81.36496264487505,59.45146906992325,Alpha,ui,crítica,success
11.264973740922004,9.970046077261442,351,4,91.85375257511623,6.080850854516029,Alpha,ui,baja,success
15.14935864712505,8.693763592113694,340,0,67.16655395110138,4.006840406930367,Bravo,api,alta,success
11.923695416966119,7.323302362228448,379,1,51.75596314831637,67.60109978510972,Alpha,api,baja,success
13.449735080366805,10.423194744925151,379,3,56.613686613272876,36.05801207893009,Charlie,auth,alta,success
14.784641031468055,9.525943963498957,372,3,55.98162789363414,10.70349944382906,Bravo,ui,alta,success
14.245830096093876,8.76753491630851,387,4,61.984113346552476,62.63319463725415,Delta,database,baja,success
18.862793653030543,7.751482108336,349,1,71.26277327770367,16.943332089965633,Delta,ui,alta,success
17.503626387562758,8.444976339005045,367,1,51.524562103440985,49.437900019655814,Bravo,database,baja,success
18.271571292164854,4.418462888916078,372,0,85.6799527455587,26.393737724905307,Alpha,ui,media,success
18.385752505668137,2.9019167681928604,353,2,68.59562170226127,25.867637067025,Charlie,database,crítica,success
20.326789292631126,9.221893270468643,333,1,62.07129856105894,28.396081744616325,Charlie,auth,media,success
15.907873020011298,10.863541210635168,367,0,65.49596259254031,28.52628216046601,Delta,api,alta,success
17.614039279171,6.76939253193502,314,3,69.22602786682546,16.290002413094044,Charlie,api,crítica,success
13.637422621075737,11.076757626912432,334,1,82.18686166452244,16.180870179086924,Alpha,ui,baja,success
14.536083750626425,9.404536374592988,360,0,78.49202777142636,2.576620224863291,Charlie,database,alta,success
17.14340191575545,10.898072848909177,334,2,94.77629697881639,9.67747038602829,Delta,ui,baja,success
13.649252949480175,10.877282352076381,334,6,58.98980913334526,7.22245624711916,Delta,ui,media,success
13.502324873184984,7.419627833073876,320,2,66.18217181181535,31.62556815046578,Alpha,auth,media,success
16.09113422073903,9.044208729047385,351,2,70.59056128142402,13.086381532251835,Delta,ui,baja,success
21.143671206722182,8.323960296601319,367,3,73.46517908386886,13.385191328823566,Charlie,ui,baja,success
9.432441254378768,6.241436725586382,359,0,87.43758742348291,77.20158773257371,Bravo,api,media,success
13.113459965890312,8.598236207528293,350,2,77.45941682136618,7.069904554635286,Bravo,database,baja,success
16.526340072339515,7.17185927319765,361,1,57.047214371850714,22.60622776943951,Delta,database,alta,success
16.277364345052565,9.756083520090742,353,1,50.384894772432745,28.19906705517083,Bravo,api,alta,failed
9.340935270201955,8.869068850944021,353,2,82.52476247958839,6.056234199553728,Delta,ui,media,success
12.041142995000227,8.1982576677778,340,1,69.05877120094374,42.40302723132755,Bravo,api,alta,failed
10.51307538929131,10.792814263509882,357,1,89.36916335602291,9.655896808952093,Alpha,api,alta,success
14.817741612031082,8.980600504212523,376,3,88.56501466128975,26.671062960212524,Delta,api,media,success
20.254252562630953,11.235246554886281,332,3,78.6393668456003,10.727088376879692,Delta,ui,media,rolled_back
14.993671830780281,3.351234621989221,370,4,62.83286044024862,12.382901709526777,Alpha,database,crítica,failed
14.151635064736416,9.541446210091696,335,0,55.18938289489597,20.088870271032146,Alpha,api,crítica,failed
24.013900037023507,4.9900478320069945,379,2,67.99167098244652,69.11892292759997,Bravo,ui,media,success
12.575011471563041,9.05880172829971,333,1,86.48356310208328,4.90951703332948,Bravo,database,media,failed
15.455291020413215,6.173779101033695,356,3,91.66083835880272,41.76801936126767,Charlie,api,crítica,success
13.66103818316654,7.780925891457322,338,2,85.32396382535808,86.08435089500517,Bravo,database,baja,success
11.370873210485552,8.510554288523542,368,5,91.57140777911991,2.7274747900664806,Alpha,api,baja,success
17.423430873694944,10.782828820896963,315,1,91.82943277643062,2.26001875475049,Charlie,auth,baja,success
12.908736623334029,8.019256603861914,374,3,84.9276251043193,72.51596680010141,Delta,api,alta,success
18.401757570839184,10.577590347602492,344,2,61.908619325840846,1.7661357886378601,Bravo,database,media,failed
13.367855714115928,9.430039246144792,335,1,81.24079043860547,1.4009143821895123,Delta,auth,baja,success
14.432765373717857,6.155729956346189,329,3,55.499561256729066,54.72958476538983,Alpha,ui,alta,success
11.74440770452222,7.008365458382799,343,1,76.05854368652217,25.97139821100741,Charlie,ui,crítica,failed
13.697837642749338,1.7790754842477519,337,4,90.7463986123912,27.26197546619683,Delta,auth,alta,success
16.51262958866191,6.6144788236909955,314,0,82.90545351803303,14.452899780124426,Delta,api,media,success
7.022058551807983,8.597802351318599,347,5,58.06255415896885,4.8489131958848635,Charlie,api,baja,success
11.00257322702841,7.8626540676547965,361,2,68.04538113879971,27.9538503875187,Alpha,auth,alta,success
16.135289692536357,6.263240212609505,405,3,54.09353575552814,6.140019430388776,Alpha,ui,baja,success
10.595224092627364,6.663714212092329,327,1,63.21626780205406,1.3452732300190022,Charlie,auth,baja,success
18.933387929438116,8.338825124081813,366,1,88.30840460257605,7.795432258397341,Delta,api,baja,success
10.933498377811759,8.145021749920865,363,1,56.67209658655338,28.480098298673923,Bravo,ui,alta,success
11.544370019445427,3.603267742906123,330,1,62.11588319274597,40.3257537314993,Bravo,ui,crítica,failed
14.09205332271859,6.158209176122663,342,1,51.21113415108994,69.02044462526405,Delta,ui,crítica,success
13.91044776217911,7.856368431746297,330,4,91.97651854949072,74.91244339539644,Charlie,auth,alta,success
13.98483824702705,9.746106080871845,353,2,79.51640740968287,108.01241870250632,Delta,api,media,success
16.663105493772147,3.898246361582352,354,0,93.3595664461609,91.97080899270918,Delta,api,media,success
17.28976747849963,7.854164554154988,374,3,53.37352620786987,41.5231472233635,Bravo,database,alta,success
7.72705503524189,5.4098108989190665,376,3,80.74937289813533,6.3607884800367795,Charlie,api,baja,success
18.813347396645625,9.58780399542079,338,0,80.68018935038708,27.8372379936797,Charlie,auth,media,failed
20.37699149085246,7.104370289273809,359,3,59.93056626408361,59.99069718146058,Alpha,auth,alta,failed
11.98211913895337,7.2118425047397325,353,0,79.05080714728683,45.622655285368545,Charlie,database,media,failed
7.452391051850125,6.325664717160186,361,1,79.2135579220485,39.40912739730893,Alpha,ui,alta,success
8.443360015553413,4.892228992642851,364,4,77.2496577037964,25.243513365892596,Alpha,database,crítica,failed
7.348720426390501,5.433950477650513,340,2,53.78105031675659,41.86109013653813,Alpha,auth,media,success
16.234884247029246,7.096376852602682,356,0,86.42438371200114,9.155869044363499,Alpha,ui,alta,failed
17.536630368184138,9.068481119427078,380,2,92.36038898001425,12.306176248937845,Alpha,auth,media,failed
20.895870891005053,8.70841201651908,373,4,55.32179878675379,4.392118893563747,Charlie,database,baja,success
16.29428838223076,11.525655888308057,313,2,74.11892622942105,54.54321550230706,Charlie,auth,media,success
18.694040500361528,8.532015829012805,355,3,88.8760993478354,3.975212420902523,Bravo,auth,baja,failed
12.772470242695555,7.010161660566402,337,1,64.56305821542628,9.734876487404108,Bravo,ui,alta,success
11.028276585485436,9.08894187108828,352,4,75.82968845614232,29.109728134160335,Bravo,database,baja,success
16.069450725116923,7.327357333158007,379,3,81.15774716250598,2.461734489510176,Delta,database,crítica,success
16.348811762180254,10.683444967872548,346,4,67.58940929430537,24.97141206163674,Charlie,database,media,failed
6.70676961217735,8.145780889247652,382,3,64.97592788306065,15.561858169734478,Alpha,ui,baja,success
18.75174772933218,12.708891949070054,362,3,91.16252616862766,4.56108171120286,Delta,auth,media,success
12.547741601388497,3.460139879661094,385,0,86.07873773551546,14.26607509329915,Charlie,database,baja,success
14.551628383284031,5.454675805053586,323,3,78.05319407954812,5.862776846263119,Bravo,ui,baja,failed
10.944298305505113,9.49301178174255,342,3,50.38772842148319,37.84219766991252,Delta,api,alta,success
17.54557098707639,9.23987155028625,348,1,88.85096942773089,0.4991214471952914,Bravo,auth,baja,success
13.517108766340403,7.980784834217726,363,2,59.22339319251478,77.41695749356386,Bravo,ui,baja,success
9.314667947790252,3.7654769531851677,373,1,74.3787252146285,38.58501510664196,Charlie,ui,media,rolled_back
16.156360921581054,6.287681311644942,380,1,83.98161573684774,9.501658526490832,Charlie,ui,crítica,success
8.40851729717589,10.118790254385225,374,4,88.06490572635084,2.8884839566157696,Delta,api,baja,success
14.239019108908975,10.006206319479311,335,2,50.21876406855881,2.9377478559893673,Charlie,ui,baja,success
15.07761612381712,6.91930819438112,364,2,57.22475378890522,24.58492481930959,Alpha,ui,media,success
25.807324241598018,7.159376841000654,367,2,50.5761565384455,16.548329830169678,Bravo,auth,media,success
17.043886222811686,4.866338671966194,330,4,65.10397375444882,17.32993275559213,Alpha,ui,baja,success
9.906624227826391,7.786816314477516,343,5,68.86131530278362,42.3370895663601,Bravo,api,baja,success
16.50575165324987,8.80667054588027,340,2,68.13018116750754,31.680018781607444,Charlie,ui,alta,success
14.604936039806782,9.196810699602215,329,2,74.18871009955183,59.942329776242644,Alpha,ui,baja,success
15.882177982352742,12.001779945467812,335,4,74.46168045978993,13.068917144089937,Delta,api,baja,success
8.536292520121354,10.828717011261439,350,2,79.38277689623646,19.108226286649757,Delta,ui,media,success
21.723612069965395,9.700524000317415,344,0,77.41380596184172,47.1495659838189,Charlie,auth,baja,success
17.232943074428256,5.527425703507766,335,1,71.78894664160907,46.7012707719904,Bravo,auth,baja,success
13.494436645060997,8.087599884910057,382,4,71.15127762081102,25.99792367119103,Bravo,ui,crítica,success
6.889735660419875,9.547932837763762,367,1,89.02741248137318,52.3463502347025,Charlie,database,alta,success
16.59162123962731,6.279970615940835,356,1,84.53967830282636,0.6725401862861999,Bravo,auth,baja,success
9.412410939005031,5.958690031872042,340,3,89.75428944802843,85.20758856328871,Delta,ui,media,success
10.270917912131925,4.912706066814068,383,5,73.55883828131482,2.3976720683276653,Charlie,ui,baja,success
17.169299734962713,7.953803067573544,362,2,63.891019923612475,2.5518399216234684,Bravo,auth,crítica,success
17.938884601222888,5.99438395022595,377,4,85.86803028942086,29.660765698130547,Bravo,api,baja,success
13.485983214354118,6.225827212314895,355,5,86.34357143659145,34.50935826994,Alpha,auth,alta,success
8.428777712975752,6.971889651664338,353,0,63.93998377490789,42.90231223202763,Bravo,ui,media,success
5.585462791855695,7.9127594409328195,356,1,56.7065727582667,47.83932781017838,Charlie,database,media,failed
9.399261960721496,8.628849753038356,368,2,74.20249377260916,46.515466330419166,Charlie,api,crítica,success
12.212827301619573,6.293329368718254,328,1,73.77523647388443,20.43275613236933,Charlie,database,media,success
11.105306093498442,7.655798413224018,333,5,85.1481991505716,22.991826630120567,Bravo,api,crítica,success
16.285505694791382,10.001160307087543,339,3,61.80900589679368,53.54650282903637,Charlie,ui,baja,success
11.723958505657981,9.18749273984212,339,1,93.75326313893311,16.51208331808448,Bravo,auth,media,success
16.89081835912063,13.059691031747944,349,2,73.08787711081095,32.444364665930564,Bravo,database,media,success
19.781668494057598,6.34401901904437,385,1,82.1202172152698,64.13407479259384,Charlie,database,media,success
13.21736661905807,8.213545916622797,363,2,56.61608691792935,9.159906975924969,Charlie,ui,crítica,success
9.5874800528252635,7.872681767705224,344,1,53.69305963278748,10.389850851148367,Delta,ui,baja,success
10.259877301908839,11.893859889224386,350,2,64.55954015254974,0.1759412627456892,Charlie,auth,baja,success
18.042427857387686,6.932567201491588,374,4,72.42093799170107,80.8260882456505,Charlie,auth,alta,success
8.770607629032202,6.547819524828286,340,0,53.98563691996969,17.920700824742607,Delta,auth,crítica,success
21.408828156154744,9.810694652764628,347,2,60.821047618519515,28.387933148925597,Charlie,database,media,failed
16.11686410147098,10.398038237442105,366,3,81.88058043713681,20.633687624952728,Bravo,database,baja,success
18.83262685804174,9.943326725431014,350,1,50.645895240595564,29.224828204994495,Bravo,api,crítica,success
12.048420142719783,6.06067828930503,328,4,81.56583626405336,29.51260428774863,Delta,auth,media,success
12.435792415480254,7.315506553134522,359,3,71.51703989249654,37.916318399677856,Charlie,api,media,success
16.78584738992499,12.870613326439456,349,1,81.61637799814343,59.057961770659276,Bravo,auth,baja,success
14.24315099583374,4.276141655876636,354,3,69.74761270452291,12.806482175938605,Bravo,database,media,success
17.352363023866896,11.649415003547075,375,1,76.12790020531975,12.26663827776304,Delta,database,crítica,rolled_back
14.247814964064968,9.626692576649265,347,1,61.529568353435025,2.931564051657915,Charlie,ui,alta,success
14.26781022183831,6.761654822986119,358,4,56.6392195248045,75.33215832306978,Charlie,auth,alta,success
22.04148434454003,7.4254044799703625,359,1,56.12417132477276,28.430079861467178,Bravo,api,baja,success
16.967276077064287,6.0128280414602715,320,3,72.79592434875667,3.0554680421700118,Bravo,api,baja,success
5.692394515918428,7.265006044181913,342,2,53.865087979938835,81.65237670733568,Bravo,api,crítica,success
17.868936213517507,8.789392295321676,330,4,69.52940808609128,39.034919677148444,Alpha,auth,media,failed
12.27064489968068,9.30521914113394,358,5,61.89520640531555,13.356488484889269,Bravo,auth,media,success
15.154457692504687,4.055848235178411,342,2,58.574141156859696,54.28847895846505,Bravo,auth,media,success
20.413773089499387,7.284681691533314,352,1,85.09521715110168,74.52924727990266,Delta,ui,alta,success
21.765559253449723,7.3504559928931545,362,3,84.29107924806885,3.0646861222696193,Charlie,auth,media,rolled_back
7.091003105171361,6.564015760660697,341,1,63.89088906114921,13.303332198411226,Delta,database,alta,rolled_back
8.898410036313336,9.618357082814393,332,4,93.34648012649268,40.63720719314633,Delta,database,media,success
16.75098760353021,10.215148828360107,339,2,75.00767119927332,13.327906049787998,Delta,api,media,success
12.427498722583273,9.214756861333026,336,4,61.89858944620937,97.59277595075515,Charlie,database,baja,success
13.095688186484798,6.216656070156139,363,1,54.9120129365474,16.564930323511362,Charlie,database,alta,success
19.91760507440018,8.115886419942273,366,1,73.93225325155072,9.168372675776482,Charlie,auth,media,success
13.153768264016515,9.144366372964617,356,4,60.86060101282783,22.77664605427294,Charlie,database,media,success
10.331477938742385,8.835147578030412,352,2,64.42138139973395,9.946827493607998,Bravo,ui,baja,success
13.798590234183266,5.483575584067296,342,1,69.66725370148197,19.9490039614696,Alpha,ui,baja,success
18.07989592946818,7.451747631434259,376,2,54.01719760382548,37.581657740599084,Charlie,auth,media,success
15.961051197114648,6.595099012822163,372,0,55.403133537620306,20.53394969530585,Alpha,ui,media,rolled_back
18.01667518920651,8.087525229263711,396,2,78.91448987764306,14.918208438903093,Charlie,ui,alta,success
7.923673742878534,7.941190110849617,364,5,81.55644632177427,1.1086643062223918,Alpha,api,media,rolled_back
15.46532928151886,6.171400113254295,352,2,81.0147525020875,0.8369666710495949,Alpha,auth,baja,success
17.768090158967258,12.645147547249913,357,1,64.61513188900426,13.453411761671305,Delta,api,alta,success
20.511944100750554,10.826306216977411,401,1,89.3047648796346,16.963435046442555,Delta,api,baja,success
4.056119157220609,10.558496873812786,365,2,61.7517077724915,6.601666691049962,Charlie,database,alta,success
11.86973923821703,5.035933999601717,326,4,94.37916504684836,10.603106953203678,Charlie,auth,baja,success
18.232173359947247,9.999552033159407,337,2,77.10515672108158,21.926600189910125,Bravo,database,alta,success
17.096274343919223,7.089274930726136,350,1,64.7056047373917,5.566719870186649,Charlie,auth,alta,success
16.424471097467638,8.163454623658017,348,4,52.00019413139671,8.23503814637661,Bravo,api,alta,success
8.580179946674821,2.862925880677513,347,4,57.12228611228056,11.847232773900032,Alpha,ui,baja,success
13.709271761497922,7.391662952082223,359,2,52.23729774123058,3.3436973461391526,Alpha,auth,baja,success
6.354162433914238,9.030407667194726,354,1,59.26181181333959,11.59840802103281,Alpha,ui,baja,success
15.076386809130023,3.857446591045182,339,3,87.69679324235767,10.88837007433176,Delta,auth,media,success
11.029182477681617,7.940944878917285,373,2,57.309228997910395,18.53377293213939,Bravo,ui,crítica,success
9.240938361858584,7.026221370635416,341,4,87.36788717331365,12.569579433649778,Alpha,database,baja,rolled_back
15.677166211455487,11.69935606383293,355,3,89.09792442456819,12.419921915978193,Bravo,ui,baja,failed
22.299303444304808,7.734906127535307,348,0,81.10131338005885,31.059016003196533,Charlie,ui,baja,success
8.662232871670215,7.2295435943972,357,2,64.5822270726785,16.669172761668158,Bravo,database,baja,success
11.504679929532104,8.612130973757669,319,1,82.94405979919247,2.6823658601977662,Delta,auth,alta,rolled_back
14.21687621216089,6.067969307744775,328,1,83.43142864992842,10.654083276508455,Alpha,database,alta,failed
12.173389270056385,8.7797686050721,394,3,90.81122689181939,16.88298149032126,Charlie,database,alta,success
10.825263578468132,8.597292709199689,345,0,69.24210961675271,11.019825618714094,Alpha,database,alta,success
17.44000694083768,4.020546640807157,345,0,78.31858550198376,5.564498597207165,Delta,api,alta,success
10.971232751337457,7.451873180951068,329,3,76.28884611534886,4.176224133038673,Bravo,database,baja,success
14.352867507235016,6.866039425910822,381,3,65.29016793705523,3.151965415161503,Alpha,ui,media,success
18.920207505342503,7.078795657193397,333,2,52.38954562461004,2.540634844449912,Alpha,ui,baja,success
16.447769035824336,6.6837862317890355,355,2,89.11582857836038,14.575850319117308,Alpha,database,baja,failed
8.577368323726834,10.648134073925885,344,2,55.692819298710674,4.009481817483902,Charlie,ui,alta,success
20.244225617903552,6.774690219794095,340,2,50.26322060381062,12.947524332092986,Charlie,database,baja,success
17.157552693634845,9.230530259706027,348,2,50.052334025967866,43.69948248284603,Alpha,database,alta,success
15.875176896415216,10.258248884307212,391,6,66.84719534125179,38.43746946550427,Delta,ui,baja,failed
14.48013242697895,6.6781409345976295,318,3,53.41146746883169,37.742163998852355,Delta,ui,baja,success
11.539788433817979,7.6262114504031695,357,2,53.24950290611014,56.372858178571136,Bravo,auth,alta,success
11.69744726843667,3.822529862298161,360,2,69.25612135091797,9.81867839768529,Alpha,auth,crítica,failed
11.183443699624917,8.625135431199766,329,2,65.67979108775035,2.395138341933489,Bravo,auth,baja,success
9.431105036272783,6.006372456851968,336,2,76.72849502065219,24.578341304247672,Charlie,ui,media,success
17.13002278761434,9.744190503388634,357,2,60.13380885007791,11.186627145856619,Bravo,auth,media,success
9.559944319004376,8.60864349129635,384,4,93.8425609387923,60.30667487974492,Charlie,ui,baja,success
16.67199795628598,9.115601539297014,363,1,55.53044751170091,7.033279582858086,Bravo,database,baja,success
11.59896737482535,9.737109239856071,357,3,52.19599830219522,0.4721434125439648,Bravo,auth,baja,failed
18.47810543877115,7.795729733821601,337,1,54.617636672919616,26.263896188621814,Charlie,auth,baja,success
19.137921745057685,8.379451013547527,369,1,65.47436500550248,1.8447015673586264,Delta,database,alta,success
15.082947149758539,9.14953142056839,403,1,67.2857621323783,4.860680568963289,Delta,ui,alta,success
16.58047721929235,7.437021403959253,360,2,62.73678562021814,6.082846140832487,Bravo,database,media,success
16.10540856750097,6.885986428923899,345,4,53.1361994612962,9.358663447201252,Charlie,api,media,success
9.372367333876127,9.680186472283042,348,0,85.38892010692507,5.224025543779135,Bravo,auth,media,success
18.218741385263552,8.055610572737796,360,0,80.37294928566553,26.21643400836497,Alpha,api,media,rolled_back
18.100216043228407,9.49412740940838,368,0,68.03004803950898,147.58205758718722,Bravo,database,alta,success
11.367417235748018,8.75622106277427,355,2,64.91764819598757,37.379145247707946,Charlie,database,baja,success
11.015919536252145,7.095493413098659,356,3,74.5867592736613,32.68435793269187,Alpha,ui,baja,success
16.450186580592636,7.77070549769826,328,3,87.34172661439516,17.681677891795925,Alpha,auth,crítica,failed
10.655670540916704,8.69853756124132,349,4,71.14323120331392,4.999638684461081,Charlie,database,media,success
15.701048515390596,7.813010548676741,358,0,67.49139433610253,46.53598978913842,Alpha,database,alta,failed
17.538093684087578,6.932410309689272,332,6,75.71848633349873,39.331111682425124,Charlie,auth,media,success
13.926780084326968,4.754078307061578,346,1,58.67952590342611,30.981732196097667,Alpha,auth,baja,success
14.426325614385508,9.729602150110805,358,2,54.702118241693825,0.5195884320961663,Delta,api,alta,success
12.258695135508079,6.263796374323214,330,2,53.273995235795155,5.57834105353628,Delta,database,alta,success
13.758151452654815,7.143900681239997,345,1,83.9299030508846,7.017198354005814,Bravo,api,alta,success
12.719321802409567,7.32594946223114,381,1,76.92007600096986,41.29237163091241,Delta,auth,crítica,success
25.137384921488568,8.840678918939314,353,2,90.71841381606646,15.817130584269762,Delta,ui,alta,success
17.4061438725363,7.813187361241081,335,0,50.327365978155285,7.012083001434803,Delta,ui,baja,success
19.510244835327114,7.257739902263894,349,0,72.82077813753858,8.574657797813416,Charlie,api,baja,success
13.118993738477876,6.4694871502926805,317,0,53.7463923310861,43.14705055386184,Alpha,ui,media,success
14.170285991330788,9.467142266292733,354,1,81.56120402622037,81.50538914992448,Delta,ui,baja,success
25.9826934508036,8.194388178699093,342,2,58.731690593995154,12.522109443785515,Charlie,api,baja,success
11.678837140497924,12.973674603304186,350,0,52.559810157399625,4.108487002551556,Bravo,api,media,success
12.429199485577767,3.9786420114052516,355,0,51.448949206387624,6.392566682773163,Charlie,ui,baja,success
14.433552075731159,11.22215843109879,340,2,92.66014874097891,3.359534896330738,Charlie,database,media,failed
19.417464603714766,6.32200206495578,342,1,88.1710217834916,28.578445005659212,Charlie,ui,media,failed
2.995900905972988,7.469742222933735,374,5,81.28195084282197,8.268142327666283,Bravo,database,baja,success
23.21437530827012,9.445968396757552,329,4,82.05296992906369,36.24039990998326,Bravo,api,media,success
10.624815790834512,9.275700671053233,373,3,94.27329902187921,165.54543072567964,Bravo,database,crítica,success
10.093745939426476,8.563633355432065,355,2,64.6449630195275,1.827328846018699,Alpha,auth,baja,success
13.630891091430854,7.219618527684129,354,1,72.66839912976138,16.414296101778746,Delta,database,alta,success
17.634130312783032,6.745474274014446,351,1,93.58912067487836,9.852596864104271,Alpha,ui,alta,success
11.59421958895961,13.576965334189092,323,1,93.39584613102488,15.836102485656738,Alpha,api,baja,success
7.496067880278758,1.9836240197740764,359,4,64.0609006700106,21.5253177787001,Charlie,ui,media,failed
13.040573434205118,8.755508773646016,354,2,70.37271264242008,33.44368341363488,Delta,ui,media,rolled_back
16.312973610837446,8.841252823760222,325,1,69.95793576701544,24.036359599714572,Delta,auth,crítica,success
18.460648207224484,7.86005417773669,346,1,76.26476541045122,28.033999956136043,Alpha,auth,media,success
19.558866867396112,8.322716151613413,361,2,72.97550164745189,9.360266227478707,Alpha,auth,baja,success
13.264178947095964,8.80151038455995,350,3,75.92391104320996,2.5959503937501625,Delta,api,media,rolled_back
20.851903187398573,8.645560213056179,331,4,78.80265217623673,31.567921957855518,Alpha,api,media,success
19.79123084386229,8.906450645302488,328,1,59.0290615754202,7.67757748067379,Charlie,ui,crítica,success
13.15085336221584,11.762554017700907,361,1,87.46936160488985,36.872170371780975,Delta,database,crítica,failed
18.65139102696771,5.4742437030711635,349,0,78.65763510926627,31.482764123862083,Alpha,api,alta,success
19.22626909866341,7.827888385187772,356,1,69.30705930804834,12.66600014269352,Delta,database,baja,success
9.473782895569737,7.339229553106392,337,1,87.33988015446812,2.153836101293564,Bravo,database,crítica,success
21.089686685316096,8.296003705120173,308,2,61.97397238574922,20.03890512037783,Bravo,ui,baja,success
14.687922863773471,7.899929802623461,366,2,70.17460091272369,8.461919389665127,Charlie,database,alta,failed
17.009385217725132,5.765929079703273,355,3,81.24839841970243,35.39878785408555,Charlie,database,baja,failed
14.651147484180925,7.260416070376864,362,3,59.076700226869434,37.458293480644805,Alpha,api,media,success
12.236186456420773,8.509103774046023,362,0,72.16699829208665,2.1731270849704742,Charlie,api,baja,success
21.105691716435068,7.862468535313859,325,1,68.77534718252718,89.50514591811637,Delta,database,baja,success
20.256266729064382,9.209397006632488,350,0,66.28605587291531,28.073542266075904,Delta,auth,baja,success
10.72098354568499,9.446037270871575,339,2,94.21418963116594,71.19627499177095,Alpha,database,baja,success
14.936384539959048,7.005495391494351,369,2,51.518303556367755,35.135290546188934,Alpha,auth,baja,success
17.15572286959321,6.23493005149476,342,2,50.313543528318405,11.025572955608368,Charlie,database,baja,success
7.861133494529183,7.140828910358145,367,0,71.42866673180833,13.381245542317629,Bravo,ui,media,success
13.19957860872851,7.501911669911316,321,4,63.282940791687,61.75787047739354,Delta,database,alta,failed
16.913985897224673,5.369527136985466,372,1,56.83061263523996,0.7537637986242771,Alpha,database,alta,success
13.614285709009408,5.190131410387408,359,3,84.012745548971,35.09617252266469,Delta,auth,baja,success
6.822853686876572,5.766827398419133,358,1,65.54871650994755,6.970943701738764,Delta,auth,baja,success
9.065496024450841,10.103714791293445,354,6,54.537219405174255,9.72600768506527,Delta,ui,baja,failed
11.308174111032868,9.344535239989073,357,2,70.49106539809145,41.230420542727096,Charlie,database,alta,rolled_back
15.696978122669035,9.807219944648875,340,3,93.85769102838822,7.007889149318105,Charlie,ui,media,success
7.730707260143254,7.16398126488734,362,1,89.64030822156928,194.1490740516146,Alpha,api,media,failed
17.000162716491708,5.964371647381153,337,1,55.704016662202775,2.532777871117816,Delta,auth,baja,success
19.254185414315952,8.380040530091666,326,1,85.46436697943136,7.837670792973334,Alpha,auth,alta,success
12.739189357716388,10.419309516904312,341,0,56.50842904113233,17.950659937148384,Alpha,auth,alta,success
18.776371995755543,7.517786713989238,369,0,76.83995471918024,34.597702769408805,Delta,database,alta,success
18.89239574540399,8.681780118107454,390,2,84.30946600041352,3.804010516033189,Delta,auth,baja,failed
14.931335719557369,8.53049347665794,327,6,79.66682440252043,3.1653084415071424,Charlie,api,baja,rolled_back
13.560290596524377,9.762901510051995,349,2,91.13569123321213,23.114516100769332,Alpha,api,baja,failed
14.239262857889912,7.414108694231768,341,3,72.86389556946233,8.791329961270094,Delta,database,media,success
7.48978762292252,8.572335697800986,347,1,56.934903260553256,2.527865099568596,Bravo,auth,media,success
17.241398130350344,6.927601116263064,383,1,89.75036661257036,9.538065679778793,Charlie,database,baja,success
16.341538989730157,9.065753626785847,337,4,79.42058768239804,16.71525554258137,Bravo,api,crítica,success
14.387908889741414,6.4993130651421,388,1,52.850831386167556,14.80286605283618,Bravo,database,baja,rolled_back
4.126050170853961,8.222716349377196,318,3,50.5357331444975,4.0022781528532505,Charlie,database,media,success
16.168871146363045,10.463708728069754,362,2,57.96704709762707,47.24578311837731,Delta,ui,crítica,success
17.26128883155406,7.734734444515967,341,2,86.84322147280909,47.888047767649276,Alpha,auth,alta,success
11.503124143326707,12.329079041672578,362,1,75.08779674535617,51.528675419047744,Delta,auth,media,rolled_back
19.036135472028807,7.377588244411751,323,2,94.9389973259531,29.04668562758475,Bravo,auth,baja,success
17.308220437300562,9.055287085692564,367,0,89.56994644016959,0.2746017202734947,Alpha,auth,baja,success
10.248010351862682,5.410592568364002,358,5,80.48491168883629,13.950113832950592,Alpha,ui,alta,success
11.165623451666466,7.749823267500983,341,0,76.00552063668147,17.4826236572264,Delta,api,crítica,success
14.117017828498092,5.269101924710677,362,0,51.109166234964505,59.37561138282534,Delta,database,baja,success
11.037982704367623,6.499992316708347,348,2,59.94792022975162,3.422822706597607,Alpha,database,baja,success
10.81577911337708,5.542976613000819,356,0,77.3495281743817,1.5964218824626153,Delta,auth,baja,failed
20.43859165862073,4.573646502795726,337,3,81.52042597299442,9.061539988964796,Charlie,api,alta,success
10.37630401487177,7.330732552078637,387,2,80.13970699859783,11.136157270520926,Bravo,ui,alta,success
16.04337263118548,4.325689441370416,337,1,85.73098396183923,19.771931200211338,Alpha,api,baja,success
8.76705409977734,7.4122377626869485,353,2,77.6311428961344,0.2778608836233616,Alpha,auth,baja,success
14.971438182747963,10.05226266059413,364,0,63.18717278074473,22.130326352005294,Charlie,auth,baja,success
17.27088891014659,8.35337200904168,369,3,68.9673727704212,32.07569901544362,Charlie,api,alta,success
19.44417674770376,6.053997012372474,362,0,57.02197536127642,12.919695798307657,Bravo,api,media,success
10.522621079266766,6.05302937274397,363,1,79.14323748438619,4.745502166450024,Bravo,ui,crítica,failed
12.018657242710686,9.512447712609463,364,2,87.91772411670536,0.6830290215776266,Delta,database,crítica,success
18.58274107610004,4.1746170364143405,316,3,50.07211705669761,24.140114673740573,Charlie,database,crítica,success
17.36097770937819,7.863430545392711,384,1,83.08343955432065,2.2686338759958744,Delta,ui,alta,success
13.846150881972111,4.953291994318345,358,3,83.72807144303806,1.4234269517937377,Delta,database,baja,success
15.192653865627484,8.205833520758826,358,0,77.22145706298761,0.0596334188383335,Bravo,auth,alta,success
13.044295776836385,4.716503225549676,337,1,59.81479845591821,1.3003140620797988,Alpha,ui,baja,success
17.85194633974823,8.694885272714155,367,3,69.21638869913295,11.074547979980707,Bravo,ui,baja,success
16.394364617898553,5.7603123113737436,354,1,73.00672372337431,3.151837868653698,Charlie,api,baja,success
14.625754187061613,8.809937283097968,328,1,94.69828826142475,10.841527607291937,Bravo,api,alta,failed
11.618460082812572,10.465088296409867,335,5,66.93866250338033,10.570183049887419,Alpha,ui,media,success
16.110424932224625,4.8769119064199025,387,5,88.76957975444384,232.06575334251542,Bravo,auth,media,success
13.844394800492761,6.299930685580977,368,0,66.88265656470321,6.161488621754712,Delta,api,media,failed
7.594693009492807,5.66026443389385,370,0,87.94967776513658,24.81456519562512,Bravo,api,baja,success
11.178125600027634,8.359189648808574,365,2,66.31168352090754,21.337811707442096,Alpha,api,crítica,success
8.251456602546728,9.944543181068745,319,2,54.75884742336348,15.962178982794285,Delta,database,alta,success
18.733010855392244,8.320633180565967,351,4,86.65590278455056,2.4896282794254034,Delta,database,crítica,success
21.0558035020312,14.599343625149263,364,0,65.79469476360828,6.21486009657383,Bravo,auth,baja,success
24.417141046583158,7.797744466174065,359,2,83.6708498140797,14.662966892123222,Alpha,database,alta,success
23.546467509518592,8.304334234500978,298,1,86.22879156144336,5.295682478696108,Delta,database,media,success
11.989704833296898,7.6992360376275215,363,1,58.772107334807515,1.6821649186313152,Charlie,database,baja,success
9.988257083000615,9.2330902184837,366,2,78.34208203013986,16.4655366204679,Charlie,auth,baja,success
12.500687660728662,7.71115881502571,345,4,94.50736758648418,24.31659677551058,Bravo,api,crítica,success
20.088257876434476,7.500562427306675,391,3,69.13105251151137,30.528572111313636,Alpha,database,baja,success
11.024734494241828,7.017288265275616,365,1,85.94571761321276,46.2207780609232,Delta,ui,media,failed
12.166246045971523,6.4319993472976495,384,1,78.6484101228416,14.441274471580982,Bravo,database,baja,rolled_back
12.012878268395522,10.682414505913446,324,2,83.38774153147824,16.97562271755549,Bravo,database,baja,success
13.890759159832324,9.234945919345877,336,2,87.86859489046037,60.80994097586003,Charlie,database,baja,failed
17.63958680382877,10.732976205362226,350,3,61.074579695705324,12.381596747785807,Alpha,auth,baja,success
8.951444478501202,6.994199411890149,336,0,79.59530237712897,35.49781463594235,Delta,database,crítica,rolled_back
14.913553241768403,8.587362840288927,337,1,79.58459106972441,12.76424334687576,Alpha,api,alta,success
7.9817198239677705,8.748183419731571,290,2,52.09003979340196,8.44471462355113,Alpha,auth,baja,success
19.141865004250185,4.727365271313872,360,3,92.18753386288881,94.35073090585615,Charlie,database,baja,success
18.44959043461902,9.965141941376494,352,2,69.52760766376741,3.902576431632042,Alpha,database,crítica,failed
16.062179068073526,8.108888877008345,363,4,92.97717731795274,9.781814631074667,Alpha,database,media,rolled_back
14.074692090944728,8.98934182043774,388,4,69.24974353983998,4.380219049751759,Bravo,ui,baja,success
19.097431072500818,9.281104150610638,313,1,68.06856337701902,6.375198673456907,Bravo,auth,baja,success
17.4694801702957,8.36327222304016,348,1,90.84944054367952,27.459977365022,Alpha,database,crítica,success
10.315876733000053,5.105778001023337,366,7,74.33422564878128,12.853731326758862,Bravo,database,media,success
25.076758268833245,9.346706791621074,352,1,58.19939097040333,20.469470544641307,Charlie,ui,alta,success
12.467640751608826,9.388285683340985,321,1,52.29363857884891,5.60405895486474,Delta,auth,baja,success
10.905879251367157,7.627534797342857,333,3,82.87849151296541,10.193368323147297,Charlie,ui,alta,success
16.742775762827495,9.501500066492499,341,3,92.99897714983672,6.226144851507183,Alpha,database,baja,success
16.069186170106526,8.090036722459285,329,2,57.699049385264516,15.621376387774944,Bravo,database,baja,success
15.606139110373642,4.663482641677239,364,4,91.85969341662712,29.205351143067176,Delta,auth,media,failed
9.283567602228668,9.263555392361994,388,0,62.912990460172296,5.784861496633232,Alpha,auth,baja,success
15.368976152286397,8.653334447484504,356,1,63.38719500810839,22.796183979993156,Delta,database,media,success
16.549399410988283,10.184540478522955,318,1,91.35621728259139,14.705026857554913,Alpha,ui,alta,success
23.97494369197704,5.5805949236284595,345,1,68.24115706258453,65.95952935214368,Bravo,database,crítica,success
11.874135161962865,6.529152563997933,352,2,73.51576772518456,102.77716084709817,Charlie,api,alta,success
17.959870681931818,5.349506957461788,333,0,63.76810185960494,149.25405656484836,Delta,auth,baja,failed
11.566312792560755,6.526325579405401,348,2,84.42687760456465,2.208301607519388,Charlie,auth,media,rolled_back
16.208074385460197,9.287893277103496,396,3,65.90885238721967,15.543775163590908,Charlie,auth,media,failed
11.155619112709033,9.703098741843045,351,1,85.15080238110386,9.091678140635633,Bravo,auth,media,failed
7.00956385583786,7.423498426537859,310,4,92.6000966061838,11.804783374071121,Alpha,ui,alta,success
5.772392530502103,6.72041792508155,333,3,92.9351717454847,10.580383256077766,Bravo,database,media,success
18.468926235656877,5.790082953211451,375,0,81.77046469296329,0.44822064158152086,Bravo,api,alta,success
15.304453079627605,11.667743935791805,380,1,92.14371257112361,43.92019173301278,Bravo,database,baja,failed
16.54089920220271,9.956957916613723,376,3,50.680879722349346,12.575194470584393,Delta,auth,baja,success
6.759072833923264,5.789348475234144,376,3,77.43070221273229,13.320239368826151,Charlie,api,crítica,success
14.41858235180379,8.295870076310743,342,4,94.01103388168849,63.10211477871266,Bravo,database,alta,success
15.391917668336779,7.536245753974356,380,2,75.06730618770234,3.8511213026940823,Bravo,ui,media,success
21.604691473748876,8.042321711494225,379,4,79.5491939468775,2.118498532734679,Delta,auth,media,success
12.209873656817555,8.731174153515411,372,2,85.63966246671043,93.19396174940016,Bravo,ui,media,success
18.20141289333199,12.373995401377591,392,4,86.27579512656666,18.185618014342474,Charlie,auth,media,success
14.885495845822776,10.147121248018937,377,2,78.09735279530287,1.9521647097210624,Alpha,ui,media,failed
18.719744441964373,8.793382154724302,363,2,64.62729449151084,36.88177826798974,Alpha,auth,media,failed
15.661998426835769,6.136146223525547,361,1,70.33844087389298,16.140751976519823,Charlie,api,alta,success
15.623536653028196,11.156423637215306,353,0,89.21480838791467,48.83315773953035,Alpha,database,media,success
14.339655115941433,9.265169820917073,357,2,78.79173177178018,8.18880482017994,Charlie,auth,crítica,success
15.351900554371412,8.616796043993496,374,2,70.27624647133052,8.431527324020863,Alpha,auth,baja,success
15.343408800982045,7.296675103792351,386,1,74.78010137565434,22.871258049195102,Charlie,database,alta,success
14.313743331798868,5.030710585240094,328,3,70.10781939839944,11.719216782599688,Alpha,database,media,rolled_back
14.411695147948182,9.817746511159086,353,2,80.82016755244695,6.256384799978911,Charlie,auth,alta,rolled_back
18.4003131129076,7.708263816494486,321,3,54.3179195758421,15.981702547520399,Delta,database,crítica,failed
14.255921748863576,10.262844437688555,323,2,70.58601241209544,145.92418920187228,Bravo,auth,media,success
11.65823386282611,10.165261522765773,355,1,53.15467584761791,4.515488702901524,Alpha,api,media,failed
14.621900937944003,7.865507454354491,323,1,89.98245070921257,64.29421434994069,Alpha,auth,baja,failed
9.927447042718192,7.112107831855716,327,5,84.7122923459392,53.2484963058981,Alpha,database,baja,success
21.874892965828735,10.857482564645675,320,3,59.88190450705588,49.773006630907645,Bravo,auth,baja,success
24.98736110082681,9.219758061052266,360,3,53.73436189023778,10.35602180287242,Bravo,auth,media,failed
14.899174795582887,8.440784058313671,386,2,56.81113008526154,17.854793816235603,Charlie,ui,baja,failed
15.028130320013465,10.597171680952375,373,2,82.10345618543215,2.6318734125651027,Bravo,api,media,success
11.073139599710304,11.951066846351928,347,4,84.26318366662599,5.907035775482655,Charlie,api,crítica,success
16.22893797491605,5.161216835857791,342,3,88.01003171131015,27.436811906406042,Bravo,api,crítica,success
18.918363098990373,8.736504918357705,365,2,66.85086726443842,39.25861660536677,Alpha,auth,media,success
18.122844134154683,10.137172048356543,353,4,94.20862345024943,2.9542828537523746,Alpha,auth,baja,success
14.969374130776613,6.701768390525075,381,2,76.43782669096254,8.553179439157248,Alpha,database,baja,success
20.034269985327242,6.95789405968074,328,0,87.91429475531913,15.250257968902588,Alpha,ui,baja,success
22.067338846513287,5.346908604267213,344,1,52.38076920621097,6.088616341352463,Alpha,auth,baja,success
13.753811494662667,7.862761644878242,342,3,86.36637099902146,42.86448561943589,Alpha,api,baja,success
16.707895600222944,6.714669613767212,356,1,72.86877176258713,0.7459569670998812,Delta,database,baja,success
19.61830091203448,5.63367546246729,342,5,57.84477720619179,1.0292588621377945,Alpha,api,media,success
13.851351540833093,11.46174071343424,345,0,75.56006950559095,5.463942328701424,Charlie,ui,crítica,success
15.531075288506205,5.582541866515971,362,1,92.789650852791965,3.332535155920841,Delta,database,baja,success
10.575060000535327,8.10661291079322,364,2,62.26208034786396,30.041032231335933,Alpha,ui,media,success
11.479012560688496,8.182680149173553,364,1,86.02467262651771,34.59074082768975,Delta,database,baja,success
5.445466309126912,9.112849471321912,360,2,84.20271465787664,14.345415685325861,Delta,ui,media,success
12.23980246704196,5.778278180152556,380,3,80.30626082094386,14.831029392778873,Charlie,ui,baja,success
12.888573007997174,8.643825268040391,345,2,62.23553398041986,13.915986941217435,Delta,ui,alta,failed
19.265243307509195,12.656446628162243,356,2,91.33988180197775,6.875258713960648,Charlie,auth,baja,rolled_back
10.621783142229546,10.976955973276155,350,3,77.85548527841456,18.32869604129105,Alpha,ui,media,success
14.659760204243755,6.552526878589676,358,2,57.888955808011815,7.826049140959037,Alpha,auth,alta,success
13.336070998080503,7.434387048455933,357,2,79.1953660803847,55.109062355712325,Charlie,auth,baja,success
13.466042321383988,8.599888559505455,364,3,81.3805929350201,83.54728938135054,Charlie,ui,media,rolled_back
15.553913717967964,9.440761321709735,349,2,90.27294485247694,0.0032214894890785217,Bravo,auth,media,rolled_back
21.01003803927718,8.825289561626107,340,3,83.01334489369765,81.08200209929582,Bravo,ui,alta,success
10.376302433602898,7.602587513335518,341,1,51.08840184053406,56.129983794644744,Delta,auth,crítica,success
17.706344077210815,9.571314561294797,374,1,50.324695283779874,21.896621278410247,Bravo,ui,baja,success
12.225287435001695,6.902031470769961,360,2,77.8931139362976,64.622526389316,Charlie,ui,baja,success
10.482066754079154,8.246539020941626,350,1,52.08893151720986,57.55289987917271,Delta,api,baja,success
18.3893132719514,8.654660068487454,403,0,91.56882839510217,13.073330529034138,Bravo,api,crítica,success
9.862718657505305,8.138468490149332,369,2,52.871931109111756,8.403982914984226,Delta,database,baja,success
11.195186866892733,9.704933192602823,353,2,79.22492387704551,17.02052763659131,Delta,auth,media,success
19.04606197474458,6.5154226065510565,344,2,65.3897353389766,8.449226555120205,Charlie,ui,baja,success
14.57203354932241,6.786396231850768,381,1,82.72817198070697,4.794205706566572,Alpha,api,alta,success
21.32270755816049,8.5122134070501545,376,3,53.38255399954505,11.139213435351849,Alpha,auth,alta,success
25.83538145908784,7.08408813623436,299,2,75.59533805004321,5.2700007520616055,Alpha,auth,alta,success
15.795201916792,9.226512961712322,336,1,61.00469299010001,5.331301566213369,Bravo,api,baja,success
18.04227859967927,5.5344893068404275,373,3,53.92580150975846,8.63342775759881,Bravo,auth,alta,success
15.453340753339784,7.391058121717083,361,1,93.52720255032182,30.277306235318477,Alpha,auth,alta,success
12.748512696629309,4.236212073674512,344,0,50.02258004038595,13.729572258889675,Bravo,auth,baja,success
12.128076939748873,11.75033275038764,332,1,75.540343754692,8.703226771205664,Bravo,database,baja,success
19.305382748903767,8.574172759584979,391,5,86.11101867631078,1.6957521939213676,Delta,ui,baja,failed
17.916754807722057,8.387792847903443,337,1,53.03535284474492,155.52226597653413,Delta,ui,alta,success
16.888034080683543,7.185937955066801,354,2,68.69643839541823,77.70801704718706,Bravo,database,baja,success
18.55585821612651,7.470246039947511,337,0,94.62589377420954,38.47758363981371,Bravo,ui,baja,failed
10.465740521877898,4.417279135211393,342,2,58.59460962819867,12.682768251746893,Alpha,ui,media,rolled_back
10.609586668761665,7.84243893794335,359,2,54.23143098130822,1.0936160299338697,Charlie,auth,media,failed
15.620064748766795,7.2928348150264455,353,3,53.63637313595973,0.7858056016266346,Alpha,auth,baja,success
17.162831899428518,8.864517705703323,353,1,59.05965744983405,17.46960429224826,Alpha,auth,baja,success
19.60322893326186,6.838140350071306,327,1,87.48965932638384,8.780891831964254,Delta,ui,alta,success
20.908199557332242,8.674041961981848,362,0,55.77874067937955,14.882132582366467,Charlie,database,crítica,success
15.728751642168378,8.515232756563098,324,2,76.14900334388949,9.638294320553541,Alpha,database,baja,success
10.595670570498537,11.338897947457598,331,2,65.05690463236533,14.620128482580185,Bravo,auth,crítica,success
10.189890946963857,8.997049590053656,318,2,78.96524773910642,39.43923559583245,Alpha,ui,media,success
11.133165294016603,9.949260500955727,344,2,59.2368821578566,3.3821297138929367,Delta,database,alta,success
20.577965041731833,9.177639698041226,342,2,59.64572038152255,0.39502370445937673,Alpha,database,media,success
16.61744108285144,6.545054041050741,359,3,92.52912547090091,3.589112045200591,Charlie,database,baja,success
20.961263448776243,6.908099380819743,391,4,57.4343796656467,1.160300899868401,Alpha,database,baja,success
12.277138855707854,7.615609121413119,341,5,66.9727824232541,0.5134592950344086,Delta,auth,alta,success
14.790878479721256,5.5418987746323225,344,4,90.9002746490296,1.8655981197953224,Bravo,ui,alta,success
17.547294531328532,10.040064353294675,360,1,87.43524130783044,21.420521064584545,Delta,ui,baja,failed
16.42753303448212,7.866364578077933,350,0,52.76690627099015,5.589994456619024,Charlie,api,media,success
10.29753579846529,8.122387405562009,325,3,72.10039960802533,0.36109989881515503,Alpha,ui,media,success
9.055788705576735,8.494514854836046,330,2,56.30303022102453,98.89299965890793,Delta,ui,baja,success
5.218510467310118,10.431787084880412,368,1,59.92398952948861,12.00354240462184,Delta,database,baja,success
17.60079726735268,7.331031653973711,341,1,64.39124396303669,19.019825487320713,Bravo,database,alta,failed
17.38983538238341,5.991373618124721,349,1,64.77776599815115,1.0850208140909672,Delta,ui,baja,failed
14.976337861338493,9.186084914461592,362,2,61.698822646867484,39.866858551986454,Alpha,auth,media,success
23.13952183020067,5.8008087796647185,349,1,65.48160379519686,0.5000233165919781,Charlie,api,crítica,success
16.105155919522222,7.6636501934284755,353,2,68.22474100044928,54.295633058742844,Alpha,database,baja,failed
13.0141351625747,8.14213626174915,328,0,56.041353322798386,9.00519300970308,Bravo,database,baja,success
19.68086488167792,4.686178157494537,335,2,54.86437923042104,5.10820372402668,Alpha,ui,crítica,failed
19.016601998612447,7.908042978358093,349,0,64.31663945084438,0.28049865319415157,Delta,auth,baja,success
12.173441221148954,10.220627349844076,336,2,75.00409416970797,6.754473868757486,Delta,api,media,failed
15.274257003742315,9.237763035124003,353,8,89.77552655036561,10.667038455605507,Alpha,api,alta,failed
18.549705000211787,9.147845939535125,391,3,79.62464220239781,49.739256573687186,Charlie,database,baja,success
18.804321794045613,7.881491301352664,350,0,62.34809171874076,41.84422279692708,Alpha,api,baja,success
14.468095938607261,8.88150891346417,333,0,94.21129016322084,13.269271407276392,Delta,api,crítica,success
9.85766296373497,7.061000344106746,355,1,65.50551590858959,47.59602203763543,Delta,ui,media,success
21.6446594248603,10.89141239719579,365,1,51.97577234590426,12.388072519095456,Charlie,ui,media,success
15.54630622388485,7.620536513167487,321,0,92.3563333437778,32.027036591356094,Alpha,ui,alta,success
13.142544687897443,11.438161943410408,341,4,86.05835974682122,7.524775508840092,Delta,database,media,success
13.774304777125991,3.9716158505155867,336,1,72.38719077315181,14.035128615796566,Delta,auth,media,success
13.256750797879088,7.068761557835655,319,1,94.07912903930992,28.040676555519397,Delta,auth,alta,success
8.168708803092358,8.530444588862924,339,2,86.73653687117621,20.08326624027193,Bravo,auth,baja,failed
14.314843116903049,11.962458285888037,359,0,72.41957026417367,18.788300811753793,Alpha,api,crítica,success
18.95526300713908,6.174003644450414,310,0,62.04994287574664,4.216386150163684,Bravo,database,baja,success
24.142568212941832,8.494441207832152,366,3,69.72226331476122,26.40854095807159,Charlie,database,alta,success
12.856211925235124,6.629430476878158,377,1,92.2268342494499,31.849811989905646,Alpha,auth,baja,success
14.243644996917874,6.5661459746411746,337,1,80.35056642955169,22.706033549194625,Charlie,ui,alta,success
17.629003363914492,10.0534559721276,354,1,81.67046818998642,18.92083666372805,Charlie,database,alta,rolled_back
14.331489527732405,7.7914543971665955,318,0,85.42427216656506,44.95809709824143,Alpha,auth,baja,failed
12.852931999697585,5.698808514365633,342,1,74.88219322869554,10.190856792032719,Bravo,database,baja,success
13.666243843322272,8.30829267221001,359,4,62.37896379781887,37.634228734145744,Charlie,auth,crítica,success
15.89161659305144,8.824927736032963,345,0,73.06247297674417,27.228889747445876,Charlie,api,baja,success
6.033191329474414,6.571507053671265,349,1,86.57473791390657,34.89473726936157,Delta,ui,crítica,success
12.428827651728657,7.4057246141656226,328,0,92.33353235642426,95.21954096349623,Delta,auth,alta,success
15.518027117238526,10.737134061144165,334,2,67.87754077813588,5.576657366041286,Delta,ui,media,success
17.00273572995679,7.610174161743631,321,1,50.074136215262115,29.12545204806834,Delta,api,baja,success
11.07724852880838,2.688592942168653,383,3,61.964995252201334,9.96075465157628,Alpha,ui,media,success
12.606316813604726,9.647957176420684,349,3,91.7352129239589,0.5876887030899525,Delta,ui,media,success
8.252061112655749,6.693501402483211,359,2,75.74607179500163,16.26831779256463,Charlie,database,baja,success
16.85194201140897,8.11418534010871,332,1,74.22872815513983,24.285650431101615,Alpha,database,baja,failed
17.531938301220418,9.149456197401195,324,2,67.76895400835201,0.26983601690369036,Delta,ui,baja,success
14.703519956119663,3.3743256387611806,382,1,69.25546622136608,30.937179765587146,Charlie,database,alta,success
15.111846265072293,11.421793814164868,354,1,54.68995992443524,23.525190064764267,Alpha,ui,alta,success
4.9516020428635095,11.887321295661742,351,4,79.27114022430032,37.50576925076066,Alpha,database,baja,failed
20.653936083203263,6.294611033423731,335,0,63.56985029880889,36.418505058845255,Bravo,auth,baja,rolled_back
13.787121851707113,9.929471831217818,360,2,56.3351849198807,2.3517176437362686,Alpha,ui,crítica,success
12.602755464557193,13.482799204006344,346,4,71.32532348157838,4.076384882738969,Delta,database,media,success
15.078648765831954,5.862192573986276,390,1,51.017400132259354,29.137118145870954,Bravo,ui,crítica,success
17.410529218861633,9.590918432152604,338,3,59.46722149848938,0.4084100313484669,Bravo,api,media,success
21.294740066881232,6.016535421704312,345,3,93.26156572671607,29.905450097208316,Charlie,ui,media,failed
16.554231990679014,6.781146133301915,377,4,86.22052634484135,135.39847718862765,Alpha,api,media,success
10.500414936148363,7.265778667510955,347,1,63.33723199204542,10.234168622642756,Bravo,auth,crítica,success
14.682848517823725,7.644950098093529,341,3,86.49547796696424,22.35171914744883,Delta,database,crítica,success
15.430170022718794,11.077021644408648,342,2,58.3589617558755,17.660457885747245,Alpha,auth,alta,success
15.656979150078621,10.311434078488237,340,7,65.97048036172055,65.30213252897587,Bravo,api,baja,failed
18.93777658154128,10.119264015649177,350,2,57.13466202374548,18.349779932970243,Delta,api,baja,success
14.650941146307014,8.908137916549927,364,1,53.15097631653771,6.2085224597180275,Alpha,auth,baja,success
11.872860189582916,9.86322636487453,365,2,73.05310173658654,1.1741873332108668,Delta,auth,alta,success
20.570449849424577,7.644909542680008,337,3,69.59812155575491,28.33506785977393,Delta,auth,media,success
25.981090174977247,6.970979535527322,361,2,65.98310397937894,18.721969427301858,Alpha,auth,media,success
13.7985393983124,6.132780873831315,332,6,94.58068838925101,57.881265357884985,Bravo,auth,baja,success
18.76028281375601,6.158716727001611,378,0,52.99296797020361,7.161174338310957,Alpha,auth,baja,success
19.3296514370477,9.778392390941866,326,1,67.26775740622543,29.95064324537686,Alpha,ui,media,success
18.68038437024276,7.016352929405155,379,2,78.88630793895572,10.553220424801111,Bravo,database,baja,failed
13.37513912498207,5.613689083650027,358,3,83.89108260162175,8.160882387310266,Delta,database,alta,success
17.658009346108894,11.236863840120042,360,3,64.39282019040547,23.308799605778027,Alpha,api,baja,failed
19.908204180623663,11.179199934937571,378,1,52.47161126695573,10.60650984942913,Bravo,ui,media,success
26.955610146524656,10.322999963556818,358,4,86.02099530748092,22.733158348982624,Charlie,ui,crítica,success
16.598676263064014,7.827160522248773,361,4,58.5627652797848,4.663409419369568,Charlie,ui,media,success
15.286184605103202,4.688466172942979,329,2,75.01996821607463,46.81157728828011,Alpha,database,baja,success
11.20528755152937,9.866078267331268,374,1,71.3131705916021,2.135318551249699,Delta,auth,crítica,success
15.053598381497345,8.295241821513503,319,1,59.98562398948707,10.40708651393652,Delta,ui,baja,success
17.824055258401334,6.71676785628204,355,1,56.14017436862923,33.08473037827521,Charlie,auth,media,success
17.662777265511668,8.134224583211413,306,0,94.61746607441455,10.577898971736431,Alpha,api,alta,success
11.375267499962877,7.260599751815769,352,0,67.76933656889014,18.015044419949344,Bravo,api,baja,failed
15.019078860191751,10.079157062491575,327,1,91.07529896078631,65.11317573185292,Alpha,ui,media,success
10.668257948816056,5.33565790928771,367,4,92.94483986217529,32.06883197922021,Charlie,database,media,success
16.62567486164662,10.465205604682287,377,1,51.94881132571027,88.88526662115272,Delta,ui,alta,success
15.363308076180898,7.280762924805127,351,3,75.58745106682181,4.8565289153654065,Delta,ui,crítica,success
19.860695698328975,9.296288971448488,313,3,78.31835241173394,70.48387384011384,Charlie,auth,alta,success
15.602555646249959,6.507860529388998,342,1,89.44591432693414,17.541876397018722,Delta,ui,media,success
19.026887324944518,9.315316894840322,349,3,72.09037100663409,94.50282825025465,Alpha,database,baja,success
17.361635947960878,4.79641549794435,338,4,54.19484592275694,54.20512090320912,Alpha,database,media,failed
11.603620284162666,5.877234929981865,366,0,94.58297392469831,56.27145458455411,Charlie,database,media,success
9.034788814886907,10.645741114622595,360,4,73.63196298945695,18.399519770329288,Alpha,database,media,success
14.837255005572649,2.8180353217626193,377,0,75.7638408744242,4.340841675060084,Alpha,database,baja,success
23.781259331528666,9.382218736679045,352,3,81.67275059269741,28.355185701434905,Bravo,api,baja,failed
18.052952768462585,8.02707833615369,351,1,58.835975519614294,5.155963484197855,Alpha,auth,baja,success
17.093774977599836,5.544474680050195,330,2,83.40925335069187,2.7507710717618465,Bravo,database,crítica,success
17.559010791667394,6.8946309769886724,375,6,64.70721973106265,1.64535939756574,Bravo,database,media,success
20.15843807364527,8.522652741837533,351,0,91.58610877813771,14.19750827550888,Bravo,api,baja,success
21.753249567374183,7.650812504794356,360,4,86.432755200658,62.550211739495666,Charlie,auth,alta,success
18.857136184279685,8.89223835497102,337,2,76.50120280566625,11.60518529266119,Delta,api,media,success
20.167387853042943,8.816864569534799,351,3,72.86575753591023,48.47741804815351,Alpha,auth,baja,success
19.1399789729184,12.527161292762429,343,4,66.30069782142527,95.99631405862715,Charlie,database,media,failed
20.616412615656163,7.0379795465751585,332,1,60.50140652805567,5.446338929235935,Bravo,ui,baja,success
19.62882889135598,9.141198674331598,347,2,85.43553665862419,5.6728275375040855,Alpha,auth,alta,success
8.602667362625333,7.553515089111177,336,3,53.04412023164332,65.9573535441908,Charlie,database,media,success
11.993491336446858,5.326155781835362,351,3,73.40856074239127,5.470280986279249,Alpha,ui,alta,success
14.043407875835356,8.796628722437985,361,2,61.40713054104708,8.37603621929884,Charlie,auth,media,failed
14.918097519649058,4.671018828607344,320,1,70.36711152992211,7.132353287190199,Alpha,auth,crítica,success
22.8534931942995,9.523792262592915,362,2,88.7011457059998,19.83825537134867,Alpha,database,baja,success
16.559382316015252,8.161817891407392,383,1,65.19846945535392,13.305939394980669,Charlie,database,media,success
19.266331008778437,9.264540828542197,318,2,54.305629432201385,12.641222734004259,Delta,ui,baja,success
13.915147461811365,6.192449236099763,345,8,51.62873962544836,16.15168084949255,Charlie,auth,baja,success
15.749426525149094,7.312841394633121,398,2,63.00071714562364,33.22378476608306,Bravo,auth,alta,success
14.283901810296,5.961545302647646,361,3,64.05755421612412,1.353495107209185,Delta,ui,baja,success
14.373654096682278,10.072060242302534,361,2,84.66481055133045,46.37782372332631,Alpha,api,baja,failed
22.157771898344915,5.091059411869146,324,4,57.01877841958776,6.812424277164629,Delta,ui,baja,success
16.23401590917671,9.660177689431777,356,1,74.34001107933,7.886671755462885,Bravo,ui,baja,success
16.46078803719371,8.586591786894086,352,0,93.6537440691609,21.607608279535363,Charlie,database,crítica,success
14.832313708089464,9.805977686479206,361,3,71.97755558765493,43.495089052091224,Alpha,ui,baja,success
12.604069879442628,8.50958008156156,346,3,75.07739832391962,82.605238075991835,Bravo,api,media,success
14.189938630941102,9.68597414024254,359,2,67.11107160896063,24.950333130999958,Delta,ui,baja,failed
10.142470251096032,7.692550493538084,342,5,66.78388857631944,9.489881694316864,Delta,database,baja,failed
14.921894615664865,6.069258232433805,357,6,55.905254705576226,16.607374001294374,Bravo,ui,media,success
11.983865853826629,3.884937616122074,362,0,58.22250174242072,30.82802487808972,Bravo,api,media,success
19.756350353422096,11.150064920881736,323,2,58.757923897355795,12.489274308085442,Alpha,auth,alta,success
21.040666966167024,10.568310700313807,332,0,68.15792109700851,0.18407924473285675,Delta,ui,baja,rolled_back
10.31842950262335,4.477629245068784,344,0,65.58851431007497,22.784061423425964,Delta,ui,media,failed
9.824286905692583,10.180485999692793,369,2,66.67318108025938,38.19666936791955,Charlie,api,baja,success
13.059973390223202,6.863613056534174,324,4,67.70908987964503,1.314258623868227,Charlie,api,baja,success
14.761219723174017,9.034255103321136,353,2,80.93339202925563,11.43393324315548,Charlie,api,media,success
15.512318842194349,6.960740437243636,335,3,87.97280012513511,14.412380363792181,Charlie,database,alta,failed
18.19172900302481,11.220847027796303,359,0,66.96687937364914,2.2696702985240536,Alpha,database,alta,success
10.935697998852511,10.679200119544873,348,2,76.94705189904198,0.8735522160298093,Charlie,database,media,success
15.985813180430343,10.274308068324235,362,2,56.87699442030862,7.814301665872335,Delta,database,media,success
12.444472278838797,7.10192247796705,343,1,63.212503594113514,7.329666283449239,Delta,ui,baja,success
12.590861648296595,7.304442103950961,353,5,52.62106789276004,1.2113385871052742,Bravo,api,alta,success
17.196426558806017,8.325958840854117,345,1,74.93159682606347,40.056402977080126,Alpha,database,alta,success
15.49637935944429,6.9710746846953,359,5,80.91000397340395,8.404266960918903,Bravo,api,baja,success
17.83823301878292,5.685189940814144,324,1,74.98346096253954,27.965308605616386,Delta,api,baja,success
11.705238549943697,7.6163530287959365,317,1,92.2249417938292,12.919050592929125,Bravo,database,baja,success
15.346948614322015,5.866383463184656,356,2,52.92141068843193,63.65888075228062,Charlie,auth,alta,success
14.286327219560555,8.656119745282705,370,1,75.10820764349774,5.958041109144688,Charlie,ui,alta,success
19.094552672051254,7.072850344485898,349,3,66.78479974158108,22.223593554382614,Alpha,auth,alta,success
14.888312853007227,7.353268690411658,348,3,86.80276907747611,50.66943932767239,Bravo,database,baja,success
11.8122612708703,4.671315224914208,327,2,57.412239947589114,3.3492306839315384,Charlie,api,baja,success
17.875182565171563,11.415897040840266,323,2,53.517873665550724,32.63464236158639,Delta,auth,alta,success
17.101256029502235,7.742803679788779,359,1,64.45145426434465,9.147729326910914,Bravo,ui,alta,success
18.26163341303081,7.439689406938344,327,2,88.54292794829234,2.0826238319277763,Charlie,database,alta,success
15.682185856882668,10.349462166065514,344,3,57.3057677957695,5.708498742431402,Bravo,api,baja,success
11.649365847513373,5.988635323064853,364,1,75.74941420461982,31.74648103762179,Alpha,ui,media,rolled_back
9.058415280328287,6.54591882554144,369,1,78.8516733807046,4.349204130470753,Alpha,database,baja,success
19.402225183395224,9.4389385684166,354,3,93.07365958229639,34.26775172626844,Alpha,database,media,success
18.74098953254453,9.642665821284895,335,1,91.86284002498724,3.9178473429198606,Alpha,database,alta,success
15.154735085570417,4.572652898580811,362,0,52.5875955063384,35.97002993235021,Bravo,ui,media,success
5.420559900022537,8.219150169628046,320,1,89.25147330504842,7.954617619514465,Delta,auth,baja,success
14.614879769757863,8.354314921823274,353,1,61.04579446953721,18.63700542694398,Alpha,database,media,success
18.276185513026704,8.347248946419496,343,3,81.54904877883382,28.980213492100532,Delta,database,baja,rolled_back
13.033939169012491,10.13279202624574,353,2,92.55762855173089,54.611971688226134,Bravo,database,alta,success
16.246625109421444,5.202709429429342,365,4,79.06678162980825,10.138952303677797,Charlie,auth,alta,failed
10.849933469455848,7.2079273711289655,359,1,50.179048725403845,65.92404095526066,Delta,auth,baja,success
17.054382733730076,5.21607357637231,360,2,50.62080048257485,54.604414832547576,Alpha,database,baja,success
9.674030400094672,7.589751577564653,340,1,85.5978885490913,10.681427523493767,Delta,database,crítica,success
12.792869531670693,5.65272773527014,361,0,58.042503284523264,89.4830454686537,Alpha,api,alta,success
19.942699878399157,7.50804721696416,340,5,89.59412527619861,5.067878846079111,Delta,api,baja,success
14.111319383213868,8.555823707816725,388,2,94.5724932977464,8.38763915374875,Delta,api,baja,success
20.683843431966444,9.246375190839444,348,5,68.05828443961218,5.906750835478306,Bravo,ui,baja,success
16.461480799993346,7.648247928075859,338,3,69.6901812555734,46.11648429728566,Alpha,auth,media,success
19.927381158928014,8.032592704695736,315,4,58.29841350670904,6.69153602242133,Alpha,ui,media,success
14.733824947162464,7.894351590539175,355,2,58.27148312237114,36.75724075532971,Charlie,database,media,success
17.724238699128506,7.193392161812213,338,1,81.20432525174692,9.550535682588816,Delta,database,alta,success
17.133052005117094,8.022080560582332,333,1,85.23602289846167,10.235350761562586,Bravo,database,media,success
13.474372362914487,4.900713292672348,338,4,53.69836998754181,0.2106218822300434,Charlie,ui,crítica,success
21.384101727763912,5.203565116731202,391,5,57.25417384994216,0.6634877113638682,Delta,api,baja,failed
18.562031221966553,7.374316912692754,339,0,73.50917337811552,20.962998389189533,Bravo,ui,media,success
11.701719589807162,4.49972481347794,350,0,74.92581553407945,5.19082635641098,Delta,database,alta,success
19.756991925273134,9.152064474955344,327,0,73.45359645667486,7.850390329957008,Alpha,ui,baja,success
13.081860531272415,5.239697076336138,329,2,55.81439214060083,26.672361284410258,Alpha,database,baja,success
4.527815903629852,7.795582899247302,347,3,79.35189819545485,61.699139130071075,Charlie,database,alta,success
14.112611704252076,7.790631241230568,321,2,74.96766344294883,0.08399434091088619,Bravo,auth,media,success
11.293449697975934,11.662595392481727,352,2,68.49009837140329,0.3395167966648024,Delta,ui,media,success
13.368771966901193,6.063635233425487,348,3,91.74422848853283,0.2759488992245698,Charlie,ui,crítica,success
12.590814962763424,5.468665027591507,323,1,79.5527307013981,77.11138146712419,Bravo,auth,alta,success
5.224569038093465,11.25275215009276,356,2,59.772958017420024,61.21740384097424,Bravo,ui,crítica,rolled_back
12.988152900272611,4.423366059723154,343,2,66.12120421603322,27.30286451328307,Alpha,auth,media,success
18.851481450209697,7.152564621573109,348,3,91.5727109555155,5.665182251483202,Delta,api,media,failed
8.260319306890882,10.034078788283615,329,3,62.16906411573291,3.9621765464544296,Delta,auth,baja,success
20.80243506449707,7.988598344881528,357,0,79.18003123137169,30.210819101815517,Bravo,ui,crítica,failed
21.118067564819917,8.277377335394593,343,3,52.39689845009707,28.928142895353535,Delta,database,baja,success
11.211917653079214,10.546652276258861,382,3,56.816329180728644,19.895543373112968,Alpha,api,alta,success
24.178633034028582,9.104389030838979,384,2,54.0073098288849,28.232164285068805,Delta,api,alta,success
10.602339923276318,5.394143212117877,367,1,82.12817680672742,50.43443821068135,Alpha,auth,crítica,success
15.574683906811291,8.350568866401257,359,2,81.47447269177064,109.21635101232965,Delta,auth,media,success
13.422270607044554,6.402035613817381,343,1,71.9227487850003,60.04869500990239,Alpha,api,media,failed
20.037946447197363,9.38711264320626,368,5,80.6666740658693,42.46220402217923,Delta,ui,media,success
9.986021605278953,8.272087207055641,369,2,64.98260151245631,46.485977856288535,Charlie,ui,baja,success
13.15218168833283,8.003601626612195,331,1,82.83571322332136,10.950837057083845,Bravo,auth,baja,failed
9.046224435812707,4.202569424197218,346,3,83.256198981544,8.034698467701674,Charlie,ui,media,success
18.352858264756083,9.110879567701147,355,1,76.96921506547369,30.534269369130428,Alpha,auth,crítica,success
17.2895005277766,8.618362734761318,366,3,67.64423151966184,16.157960928976536,Charlie,database,baja,success
14.483569967404625,4.930272245332542,373,2,91.50973900570534,44.327550573120696,Alpha,api,baja,success
11.784045306310327,6.52513156701723,374,3,85.7999953138642,7.307075244437567,Charlie,database,alta,rolled_back
11.1069637753311,6.883159731853609,345,2,58.34641935885884,5.942409574985504,Bravo,database,alta,success
15.366668627199079,9.22289063738578,354,4,50.27120074140839,25.690586824823598,Alpha,auth,baja,failed
9.40577868659132,4.862919286433665,370,0,61.23296212637797,4.765829231590033,Alpha,ui,baja,success
23.229134799406033,5.444312165169277,354,1,66.36414393549785,2.8398375829749027,Alpha,database,media,failed
10.592055035340302,8.840760614725065,337,4,81.37169045279734,9.74528706818819,Bravo,api,baja,success
14.70351706796128,8.049008360942555,310,1,53.863069753861055,81.5687760074341,Delta,ui,baja,failed
12.600277178409694,7.313691638613741,369,3,82.18035463592969,4.617936495691538,Delta,ui,baja,success
13.962889829538547,8.541391306619639,349,1,59.36849479097873,34.10453228450833,Delta,ui,baja,success
14.679819164858507,7.496651583938265,375,1,54.43642767961137,41.25897542930661,Charlie,database,baja,success
17.16425207278622,4.365258183839657,354,2,91.71546007855795,14.31968928873539,Alpha,api,media,success
11.691197196648737,5.605772359776193,356,1,67.3608109797351,14.423702850138948,Bravo,api,baja,success
11.114430170069518,8.972400180096047,340,1,94.82257974217646,0.7199315185579678,Alpha,api,crítica,success
18.15158064209249,5.677537430668986,368,1,88.5467429086566,1.995661996369825,Bravo,api,media,success
23.046343158712247,10.892736255418466,347,1,61.253972058184445,36.75426707960187,Alpha,auth,baja,success
17.87647277847702,10.96552107835815,368,0,84.3201379023958,105.42615825283572,Delta,ui,baja,success
16.77777728931122,5.0582193443041525,317,4,78.00820073578507,8.807017017155886,Bravo,database,media,success
15.75547643621042,10.099881048855195,374,3,64.83202484436333,23.22696181285887,Charlie,auth,baja,success
15.308766808903627,8.268903843362146,362,0,81.29301986889914,8.920761175453663,Bravo,database,baja,success
7.2848435122813875,8.50647894431795,355,4,77.42278820835054,6.370528556406498,Charlie,database,baja,success
17.2895875747643,8.160542352823663,320,5,67.62589700752869,5.183974420811598,Delta,database,crítica,failed
12.983631319212607,8.720182057049128,358,1,81.13574323127978,21.8354157002748,Charlie,database,alta,success
16.193100656663177,7.201644460693,324,2,52.050534343579784,8.889952909201384,Delta,ui,baja,success
21.010794168481134,6.861756381711212,351,5,66.36238833540119,12.48919328302145,Charlie,ui,media,success
14.445742139637673,11.490681783010967,349,5,76.72672261483967,6.3463136069476604,Alpha,api,media,success
17.324226045258392,6.2524071441388225,351,2,58.06747096241452,13.512665748596191,Delta,auth,media,success
12.159569702681026,6.597529673246019,365,3,83.89662403496914,4.494341444224119,Bravo,auth,alta,success
20.62826733504342,5.765642364606595,372,3,78.00532410852611,22.106132655692964,Bravo,auth,media,rolled_back
20.71414038137452,8.56090648560395,322,6,88.29185346607119,12.250493243336678,Alpha,database,media,failed
18.08976713212868,6.74377825858909,386,3,86.36949211591855,12.262665946036577,Charlie,auth,media,success
18.19090009026017,8.18356804965725,368,4,65.91089538182132,4.77182975702284,Charlie,ui,baja,success
16.186361234671587,8.622284929895356,339,4,92.68801481812261,31.55000359464198,Alpha,ui,media,failed
16.509178044793163,12.939236009210347,358,2,93.54678140836768,59.31800056691495,Alpha,database,media,success
17.002344146372426,5.42351655429103,370,0,67.5495463248808,36.15277075565873,Alpha,api,media,failed
14.319422158221201,10.418976811056273,405,0,61.032804667484015,31.198224126284416,Bravo,ui,alta,success
12.7946641633979,8.254365323522268,355,2,80.55029211565852,14.829819727689028,Delta,ui,crítica,success
13.7856522022769,5.561823355899059,374,3,90.89676990290172,2.0803601863969656,Delta,database,baja,failed
17.118116956843213,11.894831143595203,323,5,84.04416281846352,7.098843861576297,Charlie,auth,media,success
13.457881711076555,10.775699168514608,372,3,56.110783476615325,40.92369066097369,Delta,database,media,success
7.294466451589175,9.004612374247804,354,0,94.45373756112531,34.30505789614735,Alpha,api,media,success
17.957374178418412,11.706762947479191,356,2,69.68912924290635,15.93642983213067,Bravo,ui,crítica,success
15.942618162962756,8.678120646345777,352,2,93.32977151498199,33.303489177554184,Bravo,ui,baja,success
12.295451905662238,7.417836369623275,369,1,57.185998749919236,24.42000109207748,Charlie,api,media,success
14.062412811170264,9.95689890233149,334,1,73.50230346550234,53.88510010562689,Charlie,api,baja,success
16.6191703449811,10.541762178826936,343,1,74.53077165991999,27.720338272778594,Bravo,database,media,success
21.581136036337213,4.343471764761441,328,3,85.17775664338842,9.249660328030586,Delta,ui,baja,success
19.284295474554863,8.769747139610708,369,1,53.90549618168734,11.515601806817507,Bravo,auth,alta,success
12.574773598508134,10.144350432257422,293,5,59.48088479693979,42.27662667430459,Charlie,auth,baja,success
24.861755831231463,9.085487572467287,323,1,80.10635214741342,1.6787824742496014,Charlie,database,alta,success
20.18829383145467,7.410608958932722,337,0,68.04516466567293,9.317202765494585,Charlie,auth,media,success
16.955640201493754,6.891712710691983,329,3,52.16151320375502,9.785521533340216,Delta,api,baja,success
16.51824406401803,7.323545560618224,344,2,70.4204902658239,2.7443853050752853,Alpha,database,baja,success
13.020402081319162,8.369329836096464,316,2,60.55407180683687,84.95239711793806,Delta,ui,alta,success
17.16826194591809,7.363373124295128,292,3,50.79485617112368,9.275909677147865,Alpha,ui,alta,success
17.65948614851004,8.200283834958464,366,2,84.77782109053805,41.79613771833001,Delta,auth,baja,success
14.51242916635802,9.189592658932895,329,1,70.56683066766709,47.163173271189315,Charlie,auth,baja,rolled_back
16.84758761891281,9.493107609081624,343,0,79.01383895194158,1.3425395555026067,Bravo,api,media,rolled_back
11.545390121758494,7.70074919473714,312,2,55.77186599955894,69.81561362340089,Alpha,database,baja,success
19.68837950423475,6.104176732549705,349,0,64.93956353049725,10.471710562705994,Delta,ui,alta,success
14.64060700244154,7.83323644605048,343,2,58.240036830538884,16.371829759329557,Alpha,auth,alta,rolled_back
7.688464069807091,8.192792338876803,375,1,56.49257960612886,4.446154531091452,Charlie,database,media,success
13.17917643059007,3.849743302439242,371,0,70.05758895771578,1.6282285116612911,Delta,auth,media,success
16.08935726882431,4.197512070791893,353,1,60.81501743639819,4.009365556656581,Alpha,database,baja,success
17.430443657935175,7.423855336152196,366,2,52.43896474945359,1.5781299083034706,Charlie,api,media,failed
10.376921587030719,6.419988345010526,376,2,84.79068344575353,7.33766882121563,Delta,auth,baja,rolled_back
15.227814662981698,7.053865767062501,362,6,79.82489390531555,28.33146281439572,Alpha,auth,baja,success
14.596342397520257,6.642712433365993,328,0,84.12959370063618,9.801912727749933,Charlie,auth,alta,failed
13.094439180557503,3.6964173507224896,376,0,52.22127695917152,0.3813401497900486,Bravo,ui,alta,success
11.199793702367657,7.445976368790462,334,3,67.69318837206811,0.49207577481865883,Charlie,api,media,success
9.562978622071295,7.141435806166532,344,2,89.99465021304786,9.260699674487114,Alpha,ui,baja,success
15.90973663274937,7.328540394935132,355,4,54.48488717083819,5.205927893834499,Delta,auth,alta,success
10.565228077512202,6.484775085493526,362,1,54.20893727452494,11.703234169632196,Charlie,database,alta,success
11.831742682062501,10.7871110718355,383,3,55.9928371803835,2.4094832634579264,Charlie,auth,media,failed
18.103320723781366,7.173699500488395,322,2,53.74077115440741,6.0350412502884865,Charlie,auth,baja,success
12.939933976547728,6.607643067494636,336,3,69.99933766433969,24.5629011457017,Bravo,database,media,success
16.24078779333462,8.200944835223936,345,1,57.67850727890618,49.00210842288553,Bravo,auth,baja,success
19.10755505232146,8.30958063233819,360,0,76.82274743681774,4.2467151917517185,Delta,database,baja,success
15.830580570349248,8.817714457903024,362,2,52.478918777778745,5.150343067634291,Charlie,ui,alta,success
15.311357337167331,4.561353592657016,342,1,82.07900767214596,14.54311602562666,Bravo,ui,media,success
12.59410764567933,9.778165857326398,334,2,51.83162670349702,10.492570293177593,Charlie,auth,baja,success
11.941992218225982,7.717229484770031,360,1,82.54281936213374,12.488632254302502,Charlie,ui,media,failed
11.539180641815184,8.375479711202656,364,1,75.49602789920755,21.637629344051174,Bravo,auth,media,success
16.418744622730376,7.240704461836371,326,3,90.65231012529694,7.602709271013737,Delta,ui,alta,failed
7.551407210512024,7.09193167634736,358,0,83.27921472373419,13.923744700951069,Alpha,auth,baja,failed
16.678275317949915,8.741506109028876,339,1,84.47277507279068,6.550844001378171,Charlie,ui,baja,success
10.292265369833732,8.570439436320395,332,0,56.62745572277345,57.52118833529039,Bravo,auth,baja,success
15.684693795433857,7.789855514298935,350,2,53.49367762566544,13.574358209967613,Alpha,ui,media,success
20.064276709634903,9.161077377181176,325,3,82.1611330669839,23.293834128204885,Alpha,ui,media,success
17.060911755518536,10.326204009041255,380,1,69.18893137597479,21.57250305164366,Delta,ui,media,success
13.911399298657512,6.156791831489288,386,2,50.4379420040641,3.9668238200247288,Charlie,auth,alta,success
16.25906487123799,7.111300348523816,330,2,57.717896859394386,5.4224558032587105,Charlie,api,baja,success
8.37326330033513,7.680519783893341,366,0,62.702362003037706,58.00879834289876,Charlie,database,baja,success
12.78935218005654,5.460656559677936,321,2,59.52727360185236,2.6352480053901672,Alpha,database,baja,failed
13.925334111830265,9.812093476106988,327,1,63.48149991594255,47.02438746191083,Bravo,ui,baja,success
4.276431872983565,7.889074059973365,383,3,52.357387761585414,43.91293966568528,Delta,auth,baja,success
22.060274207410437,5.6154508853019305,358,1,61.041229150723666,8.489647921174765,Alpha,auth,baja,success
16.31421859550666,8.412008029602983,350,1,77.11874416330829,70.40301586263544,Alpha,api,baja,success
19.19202838757536,7.547421254380204,355,0,67.35821439186111,3.2773840188332626,Charlie,auth,media,success
14.91694179265096,6.97991958245821,342,1,59.534269840223715,11.987141266465187,Charlie,database,media,success
16.935334730903634,6.514964312394203,355,2,70.62456868472509,12.09654617469555,Bravo,ui,crítica,success
22.631835659109605,11.778012290055575,358,6,84.07927953521721,26.39771995185671,Alpha,api,alta,failed
15.108290014369903,10.467307099032634,346,2,52.37002446549013,0.38247743993997574,Delta,ui,crítica,success
16.24640428482521,6.8656963418171655,372,0,78.81398414261639,7.169211835428349,Alpha,database,crítica,success
17.17945252519464,8.506534989269294,326,3,94.68303862493485,17.543918635615633,Bravo,auth,media,success
16.52339622258667,8.36146179466777,389,2,56.660567708313465,14.44849044084549,Charlie,database,media,success
17.56429999815922,9.48750241769838,377,2,88.28316255356185,51.113961648896606,Charlie,auth,media,success
14.056214285346133,7.035374226581221,340,2,85.25696041062474,14.248204462230206,Charlie,api,crítica,success
13.753002438395376,11.374246246695606,342,4,60.484288240550086,19.179759221423538,Bravo,api,media,success
10.373509329074459,9.414086398748983,373,1,61.206187896896154,21.68842452663689,Charlie,api,baja,rolled_back
13.662894296688117,9.253686262034593,359,3,93.84024157188833,0.3842840977013111,Charlie,database,media,failed
13.332994538245902,7.144594132838791,335,3,78.57548505067825,4.54598905518651,Delta,ui,baja,failed
12.694900557839603,10.02889290019112,377,4,51.90141897648573,38.4312749345397,Alpha,auth,alta,success
17.02804585004314,9.384080508770323,374,3,75.05828711320646,30.459957360213096,Alpha,api,baja,success
16.176791047091307,9.257712193868072,352,1,86.2073949095793,130.85486666152443,Charlie,api,baja,success
10.6663583692144,6.5227363674807215,338,0,53.5905661189463,102.42141688992646,Charlie,ui,media,success
13.302545725681153,8.652504350426915,369,0,60.521049863891676,38.16066379643498,Alpha,database,baja,success
16.02375705672786,7.718200303425703,361,3,63.17103589884937,7.65335751324892,Charlie,api,media,success
16.39363711077867,8.116505106671639,344,2,77.81190843437798,6.5015232192832375,Bravo,ui,baja,success
15.45652728510465,8.212555559294897,348,2,60.72970291599631,54.031361234143645,Bravo,ui,baja,success
12.575166141755831,5.430267739910006,375,2,56.24170785071328,7.7003802470862865,Charlie,auth,baja,success
21.7034939212429,8.537939524124527,344,3,61.15874381037429,1.2166858102450795,Delta,ui,media,success
16.833404779564113,5.351532121595504,353,2,68.82227377034724,10.767627865076065,Alpha,ui,media,failed
12.564104294310876,8.434436266919764,329,3,89.18429619632661,8.620367098599672,Delta,database,media,failed
19.975549875636215,11.171012435531681,344,2,73.20832488127053,0.24319983245680754,Alpha,ui,media,success
13.331039203360792,10.333642708074212,330,2,52.40344037883915,0.27498727664351463,Alpha,ui,alta,success
21.756361012565232,8.750313172865818,361,2,59.394060706254095,2.0761729697225713,Delta,ui,crítica,success
15.120076786160322,5.877077590516536,327,0,78.02496774820611,12.161601070314646,Charlie,database,baja,success
10.778430880476776,6.964062072445278,341,3,65.50970138050616,15.822869416326284,Delta,ui,baja,failed
16.76877673658457,8.055204314671858,360,2,82.64245210099034,23.206689555101477,Charlie,database,baja,success
19.93792464658359,6.66356520815517,369,3,51.61181840696372,89.31684435399916,Charlie,api,baja,success
11.772827358501058,8.120656179321415,375,2,50.396036291494966,28.527191965763862,Delta,database,baja,success
10.84955250824552,6.062206558371048,346,5,58.01625522901304,24.28594526587032,Alpha,api,crítica,success
16.125355971183218,9.056822012980206,334,3,85.1514898124151,0.9323290921747684,Charlie,ui,baja,success
7.647648211142017,7.7582865162445245,327,2,77.6889801863581,0.5048645182355096,Bravo,api,media,success
13.68809461253186,6.548864609792806,377,2,81.0162811097689,90.53792582722816,Delta,auth,baja,rolled_back
12.69867435262571,6.527972758513915,341,2,59.64912559255026,3.1181266084313393,Alpha,database,baja,success
17.638558447066735,7.1979223965089805,366,0,57.68754196469672,7.788815651088953,Delta,database,media,success
7.626220442664809,8.428978050681128,342,1,66.56506744795479,55.34353480930653,Bravo,api,baja,success
8.90849814644713,8.29195690205864,332,3,68.39865787420422,7.296188078820705,Delta,database,alta,failed
13.937269505308631,7.734038018071793,354,3,83.75933801638894,72.99919616772767,Charlie,auth,baja,success
11.435452545909127,6.3072580008464,339,0,78.84276186698116,22.894077210610202,Delta,api,crítica,success
16.499819022920363,10.47255385330082,335,2,86.28345118835568,12.386276375502348,Bravo,ui,media,success
13.919011656538656,8.55048652380512,372,2,68.87428862391971,53.132286043829694,Bravo,auth,media,success
12.715231713558525,7.040540659003482,345,0,80.54871752276085,4.105262364928328,Alpha,auth,baja,failed
20.803498160683233,7.7516141192189165,344,3,87.83694625948556,7.711778216063976,Alpha,database,alta,failed
6.718357822563057,9.025599484468351,356,2,51.83251262875274,0.14973012229131993,Delta,ui,media,success
24.58066864741822,4.406685534715071,364,4,68.57416181941517,24.827903387818488,Bravo,api,alta,success
15.920998551122082,5.505370140487049,306,4,71.2902631436009,48.65245163239061,Delta,auth,crítica,success
12.092427582950677,6.1280201265702186,336,0,82.34078974230215,18.169318473115013,Bravo,auth,media,success
10.582213399112185,9.716533019957524,328,3,90.68024090025574,17.94077467817574,Alpha,auth,media,success
10.735157555371034,7.602412200682504,346,4,73.91225761384703,32.230560130362804,Charlie,database,baja,success
17.861925964673684,9.348337122985685,361,3,57.39596012281254,50.54844481017779,Bravo,api,baja,success
19.064092816591604,7.130625767870589,343,3,64.00427626213059,32.68202952939778,Delta,api,media,success
12.203967919739862,10.511462636311872,333,2,81.82171703432687,3.8926865768130625,Charlie,api,alta,success
19.4731010417375,10.244036561863728,325,2,89.50320435222238,12.635437164455652,Alpha,ui,crítica,success
15.903989096940718,8.665791875887601,367,0,59.2787030141335,7.888293206691742,Bravo,auth,baja,success
12.496276298153086,5.481211496630756,339,1,85.82820614916272,0.7273183688521385,Delta,auth,media,success
20.32374814581668,7.532557869347935,364,3,65.70611179340631,2.055222582395138,Alpha,database,crítica,rolled_back
18.02064065911237,5.2658361745109055,351,1,85.47837005928159,34.67510980166016,Bravo,auth,baja,success
10.038210381983715,4.8485792770224645,349,2,92.47773419949226,39.107027781973464,Alpha,api,media,success
18.366528417840335,6.335154722494651,352,3,89.59437455399893,2.155486587435007,Bravo,ui,media,success
20.348188248104105,9.721713998295876,310,1,60.421651273500174,58.73821835842955,Charlie,ui,baja,success
14.149439717765388,10.27806004455308,345,1,87.2244367050007,5.845408167690039,Charlie,api,alta,success
12.633816344070668,8.483380846817772,337,3,61.727974434616044,20.878268009906105,Delta,ui,alta,success
18.195937638131266,9.323217013970943,338,0,87.53499716636725,2.940859727561474,Bravo,api,baja,success
21.1964331068907,6.480907165836866,324,1,81.16040424676612,1.6171296680434237,Delta,auth,media,rolled_back
13.200456131695178,7.633621179828692,333,3,59.77726345532574,61.67296940986888,Alpha,api,alta,success
16.748272168090928,5.502519228697526,340,0,52.770329545019194,49.1586101780039,Alpha,auth,baja,success
22.23807607194522,7.656397681596064,335,1,60.447703590616584,11.373076900238642,Bravo,api,baja,success
14.028854142700283,12.46027918852545,373,0,73.91404831316322,36.35697264767705,Charlie,api,alta,success
13.552558291489017,8.584210852055387,350,2,55.284099322743714,12.315296743065119,Charlie,api,media,success
12.310262380341065,8.26404941847768,331,3,79.23229805543087,63.56688321824399,Delta,auth,media,success
10.669318150289591,10.952639726778086,336,4,71.53440280584618,21.27626717141496,Bravo,database,media,success
9.574992444485323,11.648847854453848,343,1,88.66244699340314,14.472726859152317,Delta,api,media,success
17.37312788573247,8.120395793486493,360,4,58.91292439773679,40.06262348390637,Bravo,auth,media,failed
13.83185761636208,9.843160823194705,341,1,66.68434007558972,2.2370798689357674,Bravo,ui,media,success
9.344272545553384,6.564518353578389,362,4,67.61022223043256,3.063480918158824,Charlie,database,alta,failed
17.05103668134904,3.6984205500285903,360,2,81.06917662895285,19.61480464685469,Alpha,auth,media,success
12.581900628330391,7.797927498585899,343,1,62.368726623244584,1.6313334591686726,Bravo,ui,baja,success
8.146478299197641,6.884260372445264,327,3,79.73082974669524,25.16875867444783,Charlie,auth,alta,rolled_back
12.333837466783017,10.160305670159023,354,3,76.6669054562226,4.959633316844702,Delta,auth,alta,failed
10.722601985668998,9.943655224598897,330,0,79.29812940768898,0.5744744762778282,Alpha,ui,media,success
14.679802454327065,9.009879610213131,355,2,81.05318762478419,3.3099231384694576,Delta,auth,crítica,success
17.99298937979453,9.065998238622392,329,0,66.64487853646278,23.33120400392813,Charlie,database,media,success
18.96914939303422,8.851812493374517,344,0,61.02390008978546,29.867642148320968,Bravo,database,media,success
16.948021334704087,8.290994089917081,378,0,80.96964003052562,17.297321999126435,Delta,auth,media,success
11.905701890617369,7.810784992465774,335,2,73.1691105873324,14.709280259907246,Alpha,database,media,success
16.937117523564574,7.103933556845904,376,0,59.75986246718094,0.34561936836303453,Delta,ui,baja,success
10.681394177768565,7.630824863225272,375,5,90.93169051455334,9.187560606747866,Charlie,api,media,success
17.839026613582657,7.575819753851023,381,3,79.46531171561219,10.428791407495737,Delta,auth,alta,failed
14.343985388236238,7.217760017940524,303,1,50.91224425355904,6.922100946307182,Charlie,ui,media,success
13.374181251750489,8.68675773745343,352,3,77.66320116119459,8.445019673896155,Alpha,ui,baja,success
17.45095347434657,8.882164058330781,379,2,87.60591737111099,79.41339552996912,Delta,api,crítica,success
16.41974389317776,12.897204034461556,345,2,65.77582390396856,0.8476673978737256,Delta,auth,alta,success
7.305925144077099,9.013658547758743,332,2,58.380663697607815,1.9646548926830292,Charlie,ui,media,success
7.054803100913358,8.760241024468991,356,3,51.34249617578462,27.683103359227474,Alpha,api,baja,success
23.259616058900775,8.782559854446538,348,2,84.3465204036329,24.76018099386006,Delta,api,baja,success
15.74504339851535,5.465130058607078,366,2,86.05954640428536,26.83266320338537,Charlie,ui,baja,success
20.40858234339032,7.710668040557389,346,0,61.769213733496144,18.431814706807426,Bravo,api,crítica,success
20.695487341350155,6.635270838900588,346,3,93.65274169831537,2.387537397444248,Charlie,api,alta,success
14.726338780442452,5.864502355230787,347,0,64.35193951125257,35.27645449138699,Delta,database,alta,success
9.791457864458987,4.944190369289293,410,1,70.50155068747699,46.97528140045224,Alpha,ui,media,success
9.295771909230249,9.607632972022932,330,2,89.72210039384663,28.302209391181762,Delta,auth,crítica,success
5.364633575776448,9.078120815123336,352,2,74.87300823442638,28.704250841324622,Bravo,auth,baja,success
21.293115910131828,7.945229255354088,351,2,62.2563111258205,0.01586700975894928,Delta,api,baja,success
14.70581484539801,4.491126587028153,332,0,71.1204920639284,45.255186132310364,Delta,ui,baja,failed
18.490663296192473,7.261346267815977,351,2,64.72987090237439,22.39665479115151,Bravo,api,crítica,success
14.180384360172757,8.771966191721782,356,2,91.78930694004521,24.975571989004905,Bravo,api,baja,success
20.04476777742112,8.40797495328405,358,1,84.36241013463587,19.335187285130313,Alpha,auth,crítica,success
16.193165762580787,6.036342690881243,354,5,85.1738577382639,12.779242035001516,Delta,auth,baja,success
16.236910265942104,10.220078443643771,336,1,77.16205772128887,17.96813382759045,Alpha,auth,media,success
13.908835882393578,4.620189065932436,326,0,71.41115113161504,16.316119451075792,Alpha,database,alta,success
14.64806326633522,8.231191009360025,349,3,52.573128865333274,2.012096643447876,Delta,auth,baja,failed
18.703523250712824,7.258213373248666,351,1,72.37626598915085,15.131778683513403,Delta,api,baja,failed
4.19810882938911,6.364618005682807,361,3,54.15910029085353,44.972184149394614,Charlie,auth,crítica,failed
11.57797959581009,4.917440063265685,345,1,76.30394206964411,57.55147018470719,Delta,api,alta,success
10.58385682798453,9.366903678648693,334,2,81.76653978298418,7.0643535080387885,Bravo,api,alta,failed
13.427149161021116,6.966519824894953,330,5,54.86766785965301,9.134729146957397,Bravo,api,media,success
10.978845427705767,6.391412519807262,338,1,68.88032496673986,10.112472552806139,Alpha,database,crítica,failed
17.728551900464044,5.14305163945942,333,1,62.83865810837597,7.828632641583681,Alpha,ui,baja,success
20.09351127482551,10.723609315598571,355,3,77.65957726631314,3.5829926691949368,Bravo,api,alta,success
18.708197064612197,9.112775980066878,362,2,51.69520867289975,51.58234181056996,Charlie,database,baja,success
19.34206488845561,8.6167083824202,341,2,85.47242562402971,24.763408452303015,Bravo,auth,baja,success
18.403237634629164,8.262086642179202,366,2,60.16744512366131,54.14285646076527,Delta,ui,alta,success
18.464853157673424,7.3550205369723365,352,2,64.10562549950555,7.052928473800421,Alpha,auth,media,failed
11.061497588474973,7.476739598160631,309,2,70.91167276725173,12.028056096285582,Bravo,auth,media,success
7.850731854004322,9.970268909182714,358,1,58.60258935717866,41.753303372319834,Alpha,database,media,success
23.588078097681787,6.365263100630752,330,0,91.96335361804813,9.518363144248724,Bravo,auth,media,failed
12.564637074072373,11.99537255967155,367,2,79.99876213259995,2.249822683632374,Delta,api,baja,success
21.728395240781147,6.350204141430575,324,1,94.85034745768644,30.255092537885005,Bravo,database,crítica,rolled_back
8.520062086279003,10.791161402793806,323,3,53.61802017316222,2.9736779822395283,Delta,api,crítica,success
14.376818950173298,6.855941022372983,351,0,85.67329219193198,38.194477064381225,Alpha,database,crítica,success
14.479256315072549,9.024572822356253,349,3,90.06460714852437,4.253323718905449,Alpha,ui,media,failed
15.671817613072916,5.959538523723301,368,4,71.79962556343526,10.701143022719288,Delta,api,baja,success
11.183834436643973,7.064112917963631,366,0,58.443799262167886,5.894295562058687,Charlie,database,media,success
13.722574947686741,5.730930261635066,377,1,89.92745182476938,0.29242061468115277,Bravo,api,media,failed
18.243401690004248,7.578532180443134,367,3,73.37167520308867,47.569914935002906,Alpha,database,media,success
14.769786575321614,9.20926839084409,333,0,50.046759442193434,17.882203861062816,Alpha,database,baja,failed
12.72690564705416,10.747526189510912,356,3,75.3252118267119,17.17296702313929,Delta,auth,alta,success
13.143951286080462,4.6911537677299195,360,1,61.75793414353393,3.4181855879724026,Bravo,ui,baja,success
24.985076548940214,9.672436657545617,330,0,79.85152652254328,8.149496421217918,Charlie,api,baja,success
12.273840967674957,10.536710214883783,346,4,64.07066014944576,14.322942160069942,Bravo,api,media,success
17.55609726317679,8.201637577005993,334,0,57.82940016477369,19.576158708815864,Bravo,ui,baja,success
20.1334909264382,6.692505490553257,369,3,66.46560578374192,4.788032401353121,Delta,database,alta,success
10.723255582792282,9.483649607676037,359,1,58.45589633914642,30.542653216903503,Bravo,ui,baja,success
13.534945162319048,9.942884253293748,359,0,87.39606280461885,35.53634929829053,Alpha,ui,baja,success
16.659982765569094,8.640899670044975,342,1,64.32849110569805,0.07072550430893898,Alpha,database,media,success
19.860455334304735,9.672409691564503,363,4,62.36603614757769,0.7772044390439987,Charlie,database,baja,success
19.54745688511471,7.068646201580614,356,1,58.9895214245189,21.464667609815887,Charlie,database,alta,success
14.732845620192915,12.191625590363206,356,2,77.65184173360467,9.508401352912188,Delta,api,media,success
16.457080187089264,4.6416898218485905,333,1,62.663921390194446,1.2706611268222332,Charlie,ui,media,success
15.778852323782605,7.3519899872309535,357,1,90.18631186918356,68.1004743535721,Delta,ui,baja,success
16.0597459461212,7.191748262262466,348,2,51.14376128301956,37.91784575158023,Alpha,database,baja,failed
14.24338161863577,5.625825770588214,341,4,91.85482972301543,22.318575749735626,Alpha,ui,baja,failed
7.569898185334628,8.631498959535804,338,2,70.45559516409412,2.743669324903384,Delta,api,baja,success
13.910165911722512,5.955718379238814,356,1,87.05050095100887,42.30644995294717,Bravo,auth,baja,success
16.15227114115961,8.657348794985703,338,2,60.792415152536705,4.552378837019205,Bravo,ui,media,failed
16.52582041316163,8.196579455849369,368,2,56.980972138699144,5.03062704205513,Delta,auth,alta,success
14.880961859525321,7.809656703795083,337,2,62.15599824790843,7.3734299428761005,Bravo,ui,baja,success
16.63524959870191,6.546450742649422,321,2,87.03413412207738,96.45964528116134,Alpha,api,baja,success
14.017249789356178,8.316772380105457,354,1,58.797604916617274,10.711346246302128,Delta,ui,baja,success
8.080591456504305,8.534806475465684,328,0,59.84021243872121,52.25079528684941,Alpha,auth,baja,rolled_back
14.250664177182445,8.356149566109712,353,6,87.81361976871267,17.75314548510819,Bravo,auth,media,success
14.479519634673785,8.268115558767402,369,0,85.8691263908986,17.88347178596764,Charlie,ui,baja,failed
5.489937116913072,8.28550169639604,319,0,50.631025733891875,19.448803937917045,Alpha,auth,baja,success
18.649176834814998,7.924508131157602,361,2,83.43175362679176,14.856872476637363,Alpha,ui,alta,success
10.579536230063596,5.32332125921825,331,3,72.34800675883889,0.9002216309309006,Alpha,api,alta,success
17.44998214854723,4.344122440588124,357,3,65.74070061789826,14.432910662144423,Delta,ui,crítica,failed
15.969214406636242,9.72959417714476,355,3,61.02498373365961,66.44090316887227,Bravo,database,baja,success
11.114483140816775,6.577457194946175,386,0,61.51173085672781,8.956981290131807,Bravo,database,media,success
15.967449323047282,7.507385541671042,312,0,61.0465023946017,51.70012311334935,Bravo,database,baja,success
20.10316270023931,7.446415425065992,334,4,56.872319916728884,2.9640461525785264,Delta,database,baja,failed
15.735119020173226,11.38723976958315,362,0,93.57521241530776,105.96132253819665,Alpha,auth,baja,success
13.846927387227153,10.803909056767923,345,2,82.65822087065317,19.237028649931244,Charlie,database,baja,success
15.159518290866295,7.49158195181939,399,2,92.59125949232839,30.042951173072154,Bravo,auth,alta,success
13.734640727924539,7.337228369432348,348,5,94.5654364163056,40.22095624900876,Delta,auth,media,success
8.659312495344599,5.3527673273240435,355,0,54.76573288440704,11.850107923150063,Bravo,database,media,success
15.643319637981923,9.692738533997995,313,2,83.09687314671464,28.93588361788302,Delta,ui,baja,success
11.303058303995588,3.0847914622138433,356,1,56.672180814202875,11.963700011372566,Bravo,auth,baja,failed
8.692425511916127,7.2760492516926245,359,1,61.66420158348046,10.315517853945494,Bravo,auth,media,success
7.223398677859115,8.352148146677397,420,0,76.34040102246217,37.35238180852948,Bravo,auth,media,rolled_back
13.485185105673349,6.186651571890219,296,2,75.59407654218376,5.343867626041174,Alpha,api,media,success
17.537473335944266,10.472632341599239,366,4,75.0757571158465,31.053104235713775,Bravo,database,alta,success
8.916737564764336,8.395901622637556,334,2,62.966152157168835,23.196378742664336,Delta,api,baja,success
12.054219158976805,11.695556539200854,351,1,62.61896780808456,19.663139439111045,Bravo,database,baja,success
16.791675312748847,14.069926547706082,347,3,90.20480352104641,16.185912117362022,Delta,ui,media,success
9.848473163030574,7.2913451970172956,319,0,71.12871377845295,17.128260030334285,Alpha,ui,media,success
21.017854705446677,6.401258261412247,391,3,68.81171777960844,3.5218584425747395,Charlie,ui,baja,success
11.746872319984996,12.557659399179467,351,0,89.9991087988019,7.268733474395333,Charlie,auth,media,rolled_back
13.126427184172778,3.8466359808853525,344,3,52.1676146320533,1.1270277459331761,Alpha,database,baja,failed
19.82785706425091,8.56676264047148,346,4,87.3973149980884,11.128582712262869,Charlie,database,media,success
17.16789164783607,9.111442931630775,338,1,77.52404586295597,13.81515945866704,Alpha,ui,alta,success
18.422093181049327,11.532294026044635,327,0,65.79274311079644,1.1304519586265087,Charlie,ui,media,success
10.400790209775938,6.585404930141621,357,3,68.0622094438877,14.618077866733074,Charlie,ui,alta,success
19.25342651321429,5.856171887807173,335,4,53.0270342878066,5.484967458359896,Alpha,database,alta,success
14.969401211417269,8.252310432097975,320,2,87.47255559195764,25.11358040470391,Charlie,api,baja,success
16.931533940453306,9.56048345843996,355,3,91.86831544036977,25.626045348195532,Charlie,api,baja,success
15.102583797801072,10.73441248620085,347,1,74.03258519829251,14.827298775315285,Charlie,auth,alta,success
14.288552840094297,11.138526460873909,311,1,72.66371082747355,76.41442787243959,Charlie,ui,media,success
23.461123763284956,7.163706657473823,361,2,74.44663137081079,10.351887494370544,Alpha,database,baja,success
9.6308853541289,4.884771083145015,403,3,54.42175061092712,14.33803590014577,Charlie,database,baja,failed
20.71666253896758,9.901438026798703,323,1,63.23340290575288,89.78682389041337,Bravo,api,alta,failed
13.652380265726666,7.159582892835121,341,2,75.17538635525852,6.693394188736157,Bravo,api,media,success
12.04773028444442,5.443888958721063,345,6,75.61434884555638,2.844291547309364,Bravo,auth,media,success
17.7693202922044,9.575833937864324,345,1,56.7164775589481,23.604156418626598,Bravo,ui,baja,failed
13.349957196260958,9.642045946609636,367,2,74.55315586761571,1.285948118938784,Bravo,api,alta,success
18.650480737935325,7.353085581966571,337,3,76.13608767976984,20.579094058757118,Charlie,api,alta,success
11.167309033320368,2.430056015955447,357,1,58.58195717679337,15.333315398544073,Alpha,auth,alta,failed
10.712140410230694,7.973370247675592,317,1,84.2102729761973,35.51513291471581,Alpha,auth,alta,success
20.09210184756508,8.617453439009187,362,2,57.59743889444508,16.079840529710054,Bravo,ui,baja,success
17.963565044765744,7.327099032896956,360,0,67.64128275564872,12.211915489286184,Bravo,ui,baja,success
14.32915517293826,9.110946408241224,374,1,60.531718413112685,39.88166771627484,Bravo,api,media,success
17.01507557999903,9.529468858139005,357,2,70.99705365137197,1.2663013979078408,Charlie,database,baja,success
15.218071650285285,8.164837606750648,323,2,66.45331268548034,23.730732924228004,Charlie,database,baja,failed
15.307513961994847,9.305751489769646,353,2,65.66052921232767,15.349533699452877,Charlie,auth,media,failed
13.050164650959871,6.245251728078749,334,0,74.53925122274086,6.370294142514467,Alpha,auth,alta,success
16.079651521484443,4.009953832787875,338,5,81.29756599315442,1.986762065986314,Delta,ui,alta,success
14.5207927722083,5.372077849069916,337,1,81.16255664615892,8.761788077652454,Bravo,api,baja,success
20.10699935887309,6.2151359465900455,360,1,52.43380133993924,16.62186871469021,Bravo,ui,alta,success
8.26504309893648,4.816686268530171,325,4,91.68137658853084,16.444631315767765,Alpha,ui,alta,success
17.64326839685161,11.962093950677952,379,4,66.92669412004761,18.559515505020908,Delta,ui,media,success
12.765666898236415,6.416694085786595,332,3,88.06997971143574,43.11726155675469,Charlie,auth,media,success
12.81522016649383,8.232742180555459,341,1,91.34365162579343,25.537473454063232,Alpha,api,crítica,success
14.799378823519735,6.844074730407513,333,1,88.13299024943262,9.044937644147222,Delta,auth,media,success
20.561028136310583,11.312038298464605,360,3,54.55139791825786,17.454793179646934,Delta,database,media,success
9.300630459451554,8.291555730821077,357,1,94.72726808395237,18.301725200300506,Charlie,auth,media,success
11.369239655197646,11.409018114171943,375,1,80.4697332775686,15.54883336275816,Charlie,database,media,success
14.11518060460036,5.845904707387622,363,1,76.68385402066633,29.90092918921023,Delta,auth,baja,success
15.690800582845192,9.062133259923087,363,1,55.78543133451603,2.085652682930231,Bravo,api,crítica,success
15.773748054659007,5.177453403531349,371,5,63.508839808637276,19.623937546198658,Bravo,database,alta,rolled_back
22.874813891266495,7.899960418674137,377,1,55.099174914648756,23.001615106051258,Bravo,database,alta,failed
15.903246130003284,5.5654806130441585,327,5,76.91579467151314,50.92118500485802,Charlie,database,media,success
14.723255823330302,7.550033756223105,366,5,76.19288429385051,17.720444998627,Charlie,database,media,success
15.717872795022817,8.985454879264585,314,2,54.645288173342124,50.75093729350169,Delta,api,alta,success
11.403716548225175,10.89091424515937,382,5,64.65900888899341,4.341548133641481,Charlie,ui,baja,success
17.94777309910475,6.106535503379574,329,2,54.49004284804687,49.49507979847013,Alpha,auth,media,success
12.018999742871559,9.640204996650892,362,3,94.654510524123907,1.4665900069438216,Delta,api,baja,rolled_back
11.28628566498936,9.732979038451589,347,2,60.06604315363802,27.572209394460018,Charlie,auth,baja,failed
16.716783820445904,6.358149461592106,312,1,54.08438969519921,50.525203160031936,Delta,ui,baja,rolled_back
17.24187777462611,14.677404204621283,390,3,83.25638210517354,0.2923993170261383,Delta,database,media,success
8.691363599421347,7.091191583008734,350,0,91.69246097444557,5.8476344923211485,Delta,database,baja,success
20.377737067985567,7.401864113027562,343,2,53.52497320040129,0.17966277392623603,Alpha,ui,alta,success
6.905379126044139,8.352898105188876,331,4,71.65069019771181,41.95285840108275,Charlie,auth,baja,success
19.068394805260777,2.230465020621925,341,2,62.79388759750873,21.65035778928309,Delta,auth,baja,success
15.26670361109724,11.210924188690713,328,2,73.92092109657824,15.752813648432493,Alpha,ui,baja,success
19.707944039450318,9.335403197154987,357,0,64.20503476634622,18.061788237576774,Bravo,api,baja,failed
17.288831332643742,7.701949538890214,359,2,77.56381444167346,19.766157275920204,Charlie,database,crítica,rolled_back
20.91637545802262,11.693051727644121,398,2,57.56378735532053,1.68745984273454,Delta,ui,baja,success
14.995635961941023,9.434300809485753,351,2,89.29006819729693,8.914079792797565,Charlie,auth,alta,failed
18.41982673280462,8.605013525562024,325,4,79.10201329388656,63.00247929687825,Alpha,auth,alta,success
10.581522685511523,5.413747195951617,343,1,58.32982803112827,3.488122880458832,Alpha,auth,baja,failed
14.567216342689925,11.093908123377402,354,1,80.55099477060139,14.96100191026926,Delta,auth,baja,failed
20.635874237287254,8.004344847527998,335,2,89.12509872228839,66.08573247189847,Alpha,api,baja,success
17.83224739459846,8.510417662423722,329,3,70.19734117318876,39.376964581976516,Charlie,ui,media,success
9.04105514037251,12.048307529847468,340,3,67.30878742993809,5.662290336793802,Alpha,auth,media,success
12.59755430420633,8.95321643605979,360,3,72.46792414342053,7.210838198661804,Charlie,ui,crítica,success
15.511951496245644,8.245377526417341,356,2,58.02957010222599,34.630733636985404,Alpha,database,baja,success
11.52409691115501,5.915055306350717,369,2,83.24319228995591,22.786461039369396,Charlie,api,media,success
11.91787135750346,7.727650106364792,312,2,92.59196818224154,20.351294586573587,Alpha,database,crítica,success
21.774531297945174,6.741065516625756,324,1,71.0487037349958,44.210235017321125,Bravo,database,crítica,success
10.705015242369537,6.712329612757349,385,1,61.38224071008153,31.520732267682845,Alpha,api,baja,success
15.871836939734814,7.449326244125547,371,0,72.02176274033263,9.838903147727251,Alpha,database,media,success
18.372993872452625,9.500080770926438,389,2,92.28377716965042,34.432780397902114,Bravo,ui,media,success
15.827742758553372,10.556921660639556,343,4,74.02213827706873,2.3097923939407154,Alpha,auth,baja,rolled_back
14.28874167031702,8.025017135561026,371,1,90.18532936344855,3.3282371051609516,Charlie,ui,baja,rolled_back
17.665413981595716,7.319841613087975,357,1,91.75879977759905,19.588639586155704,Alpha,auth,baja,success
13.060926617749299,9.576777421233007,362,2,57.41094698663801,6.741139613091946,Alpha,ui,baja,success
21.318523067631205,6.360204786967606,369,0,73.08204725617543,21.98011576283484,Bravo,auth,media,success
12.664478369573128,4.671124627632718,328,0,68.95500946324319,3.0508889369666576,Delta,database,alta,failed
10.35165554255814,9.178935223085286,368,4,58.21322805713862,6.765497837001751,Delta,ui,crítica,success
1.6770586492388038,7.806659259392531,372,4,87.54514289437793,4.3773202512938045,Alpha,database,media,success
16.105041894022758,3.2070526434544844,341,2,66.9801389996428,0.595308141992506,Alpha,auth,media,success
10.957890640549039,3.57015277960807,336,4,82.27778663276695,3.552699171105099,Alpha,ui,media,failed
15.208732293126054,8.568688368215467,376,3,81.0810306831263,30.811994432394798,Alpha,ui,baja,success
8.755723740367834,10.054686518841653,372,4,84.02073337696493,50.76797228966089,Bravo,auth,alta,success
18.88693588017816,9.131802140284906,351,2,58.41160574462265,19.85179585270255,Charlie,auth,media,success
14.094832865708177,7.341446339841692,360,1,84.19736544252373,94.69705058130171,Charlie,api,alta,success
19.45368281812501,11.195080346686078,369,2,59.54274444724433,14.471317112445831,Charlie,api,baja,success
17.05827220084761,6.060767467573651,384,3,89.2285129672382,39.58498669959126,Alpha,auth,baja,success
18.75079030472712,7.200903381482317,350,1,91.53821971733123,50.18086365677225,Charlie,auth,crítica,success
17.23174477016044,6.446770183057677,390,1,75.87131353211589,13.928703144192696,Charlie,ui,media,success
15.844051135050774,8.887002235362926,338,3,88.30720304627903,9.447583191096783,Delta,api,baja,success
21.06634049832365,4.576317116064432,339,1,68.62619484076276,48.32482265099337,Alpha,ui,media,failed
13.267068509896303,4.743963275237634,315,3,52.17755201738328,6.3043826269340855,Bravo,database,baja,failed
9.808634011771336,3.823825943273512,355,1,86.33515458088368,7.483598251724397,Alpha,auth,alta,success
23.090117399525894,7.816938895630339,355,3,92.29616477387026,5.271637577177593,Alpha,database,baja,failed
13.876914446460532,10.649380758529707,370,5,60.72419064119458,20.86406601223104,Bravo,ui,alta,success
18.812954016686724,11.275102934413123,344,0,50.82744881394319,22.88456942785292,Delta,auth,baja,success
13.774668360037504,6.094779681444326,332,2,64.42438530619256,2.420409374502317,Charlie,database,baja,success
16.033048007292745,6.973391545824283,324,2,66.73229644307867,14.352422777563334,Delta,ui,baja,success
17.10612964195155,6.051056160153603,342,3,78.6738014954608,15.672773268073797,Alpha,ui,media,success
7.463349741579148,8.629885434385669,337,3,88.55669411364943,11.05951015278697,Charlie,auth,media,success
16.323787995830838,8.681731634900258,328,1,74.17400765465572,28.529122776274974,Bravo,auth,media,success
11.225631266725387,9.521770133042608,343,1,56.95084311533719,17.509893061862428,Delta,auth,media,failed
22.614618177085696,4.248496930901219,335,5,60.25214188732207,29.034713721757228,Alpha,api,media,success
17.724949902375577,5.095560566721181,341,0,51.04536721133627,3.919376850128174,Delta,api,media,success
19.88700892186145,6.928863540070003,352,1,64.00992145296186,35.83143125272809,Alpha,auth,media,success
13.889745729733695,6.509530758373944,346,3,93.04631572915241,9.688489392399788,Alpha,ui,media,success
15.334400227210924,9.02801500596735,310,2,87.95880404417403,17.87727952647715,Alpha,auth,baja,success
16.32905341247264,7.641629609722411,364,1,87.83819177886471,36.29582530058442,Alpha,api,alta,rolled_back
16.518780957215192,4.702150089300956,360,2,87.32374347164296,36.41855089115096,Charlie,ui,media,success
11.167169317382266,10.34145208608625,345,0,54.72558866022155,49.59788699246465,Charlie,database,crítica,failed
14.09044395116289,8.861571247546005,366,2,62.33434211811982,42.4055523771805,Bravo,database,media,success
10.100216165010583,6.37392397292737,360,1,66.92255826899782,12.413943842053413,Bravo,api,baja,success
20.87268868932452,5.424364761539094,332,1,87.57473616744392,37.45048418439446,Delta,api,baja,rolled_back
14.093806127018713,7.002993909309352,350,1,65.79973653075285,6.655020727666686,Bravo,auth,baja,success
17.81767238038103,5.8150895816812564,345,1,50.489650572417304,2.2651123479008675,Alpha,api,media,success
14.415224713262383,10.908778167799532,338,2,52.936443474609405,78.30635100199815,Bravo,api,crítica,success
18.077123899802768,7.369669288313961,346,1,55.60398403322324,16.01465977728367,Charlie,api,media,failed
16.4609437522611,7.993518590142889,323,2,86.5683148719836,21.541571770369963,Bravo,api,baja,success
19.185343008189893,9.548516878543587,325,5,70.08370455820113,12.776101849973202,Delta,ui,baja,success
18.638971355673497,9.004062847388719,355,3,90.30250348732807,6.218679931014776,Delta,auth,baja,failed
16.939269209760777,11.473459648858189,372,5,59.86412513884716,20.417941056991616,Charlie,ui,baja,success
13.403002449655329,8.989498146664172,367,4,64.41258909762837,35.34753857351361,Charlie,database,baja,success
13.219796887103804,11.895518398194882,374,3,82.34344591503032,36.761053560147865,Delta,auth,media,success
17.24684676042173,6.869348201201827,346,1,52.44536049780436,10.329152830941748,Charlie,api,baja,success
11.809969743205933,5.036196761519421,358,1,53.37721396237612,1.0944638559340636,Delta,api,media,success
19.63761405011619,7.402013887896342,330,1,52.242230837000534,26.37495613742381,Charlie,api,alta,success
17.51740381888986,8.429299661455108,378,0,60.40862429770641,4.895097926259041,Delta,ui,baja,success
16.975880624121647,9.546468095090603,375,5,83.9448451763019,15.167545940726995,Charlie,api,media,success
